Run ID	Abiotrophia	Acidaminococcus	Acidovorax	Acinetobacter	Actinobaculum	Actinomyces	Adlercreutzia	Aeromonas	Agathobaculum	Aggregatibacter	Agrobacterium	Akkermansia	Aliarcobacter	Alistipes	Allisonella	Allofournierella	Alloprevotella	Alloscardovia	Alterileibacterium	Amedibacillus	Amedibacterium	Anaerobutyricum	Anaerococcus	Anaerofilum	Anaerofustis	Anaeroglobus	Anaeromassilibacillus	Anaerosacchariphilus	Anaerostipes	Anaerotignum	Anaerotruncus	Anaerovorax	Angelakisella	Arachnia	Arcanobacterium	Atopobium	Azonexus	Bacteroides	Baileyella	Bariatricus	Barnesiella	Beduini	Bianquea	Bifidobacterium	Bilophila	Bittarella (ex Durand et al. 2017)	Blastocystis	Blautia	Bosea	Brachybacterium	Brevibacterium	Brucella	Bulleidia	Butyricicoccus	Butyricimonas	Butyrivibrio	Campylobacter	Candidatus Borkfalkia	Candidatus Cibiobacter	Candidatus Nanogingivalis	Candidatus Nanosynbacter	Candidatus Nanosynsacchari	Candidatus Soleaferrea	Candidatus Stoquefichus	Caniella	Carnobacterium	Catenibacillus	Catenibacterium	Cellulosilyticum	Cellulosimicrobium	Christensenella	Chryseobacterium	Citrobacter	Cloacibacillus	Clostridioides	Clostridium	Colibacter	Colidextribacter	Collinsella	Comamonas	Congzhengia	Copranaerobaculum	Coprobacillus	Coprobacter	Coprococcus	Corynebacterium	Cronobacter	Culturomica	Cuneatibacter	Dakarella	Dellaglioa	Desulfovibrio	Dialister	Diaphorobacter	Dielma	Diplocloster	Dolosigranulum	Dorea	Drancourtella	Duodenibacillus	Dysgonomonas	Dysosmobacter	Eggerthella	Eisenbergiella	Ellagibacter	Emergencia	Enorma	Enterobacter	Enterocloster	Enterococcus	Enteroscipio	Epilithonimonas	Escherichia	Eubacterium	Evtepia	Extibacter	Ezakiella	Faecalibacillus	Faecalibacterium	Faecalicatena	Faecalicoccus	Faecalimonas	Faecalitalea	Feifania	Fenollaria	Filifactor	Finegoldia	Flavonifractor	Fretibacterium	Frisingicoccus	Fructilactobacillus	Fumia	Fusicatenibacter	Fusobacterium	Galactobacter	Gallalistipes	Gehongia	Gemella	Gemmiger	Glutamicibacter	Gordonibacter	Granulicatella	Guopingia	Haemophilus	Hallella	Holdemanella	Holdemania	Hornefia	Hungatella	Hydrogeniiclostridium	Hydrogenoanaerobacterium	Intestinibacillus	Intestinibacter	Intestinimonas	Jilunia	Jingyaoa	Jutongia	Kaistella	Kineothrix	Klebsiella	Kluyvera	Kocuria	Kosakonia	Lachnoanaerobaculum	Lachnoclostridium	Lachnospira	Lachnotalea	Lacrimispora	Lacticaseibacillus	Lactiplantibacillus	Lactobacillus	Lactococcus	Lactonifactor	Lancefieldella	Latilactobacillus	Lautropia	Lawsonella	Lawsonibacter	Leclercia	Lentihominibacter	Leptogranulimonas	Leucobacter	Leuconostoc	Levilactobacillus	Levyella	Ligaoa	Ligilactobacillus	Limosilactobacillus	Longibaculum	Longicatena	Luoshenia	Luxibacter	Mailhella	Mammaliicoccus	Marseilla	Marvinbryantia	Massilicoli	Massiliimalia	Massilimicrobiota	Massilioclostridium	Massilistercora	Mediterraneibacter	Megamonas	Megasphaera	Merdibacter	Merdimmobilis	Merdimonas	Mesosutterella	Methanobrevibacter	Microbacterium	Mitsuokella	Mobilibacterium	Mobiluncus	Mogibacterium	Monoglobus	Moraxella	Morganella	Muribaculum	Muricomes	Murimonas	Negativibacillus	Neglectibacter	Neisseria	Neobittarella (ex Bilen et al. 2018)	Nitratidesulfovibrio	Novisyntrophococcus	Odoribacter	Oliverpabstia	Olsenella	Oribacterium	Oscillibacter	Oxalobacter	Paeniclostridium	Parabacteroides	Paraclostridium	Paracoccus	Paraeggerthella	Paraprevotella	Parascardovia	Parasutterella	Paratractidigestivibacter	Parolsenella	Parvimonas	Pauljensenia	Pediococcus	Pedobacter	Peptacetobacter	Peptidiphaga	Peptococcus	Peptoniphilus	Peptostreptococcus	Phascolarctobacterium	Phocaeicola	Phytobacter	Pichia	Pimelobacter	Plantibacter	Pluralibacter	Porphyromonas	Prevotella	Prevotellamassilia	Propionibacterium	Proteus	Provencibacterium	Providencia	Pseudenterobacter	Pseudocitrobacter	Pseudoflavonifractor	Pseudomonas	Pseudoramibacter	Pseudoruminococcus	Pygmaiobacter	Pyramidobacter	Qingrenia	Ralstonia	Raoultella	Raoultibacter	Rhizobium	Rhodococcus	Robinsoniella	Romboutsia	Roseburia	Rothia	Rubneribacter	Ruminococcus	Ruthenibacterium	Saccharomyces	Salmonella	Sanguibacteroides	Sarcina	Scardovia	Schaalia	Segatella	Sellimonas	Senegalimassilia	Shimwellia	Simiaoa	Slackia	Solobacterium	Staphylococcus	Streptococcus	Succinatimonas	Sutterella	Tannerella	Terrisporobacter	Thermophilibacter	Thomasclavelia	Tissierella	Tractidigestivibacter	Traorella	Treponema	Tropheryma	Turicibacter	Turicimonas	Tyzzerella	Unknown	Urinicoccus	Uruburuella	Varibaculum	Variovorax	Veillonella	Vescimonas	Victivallis	Waltera	Wansuia	Weissella	Wujia	Yanshouia	Yeguia	Youxingia	Zhenhengia	Zhenpiania
SRR10338792	0.0	0.0	0.0	0.0	0.0	0.0	0.0	0.0	0.058903068849887	0.0	0.0	0.3479981307026097	0.0	34.02027245619497	0.0	0.0	0.0	0.0	0.0	0.0	0.0	0.0013200687755832	0.0	0.0097005053963311	0.0	0.0	0.0380319814662343	0.0	0.01629084875322	0.0048602532191927	0.0288815047263962	0.0	0.0	0.0	0.0	0.0	0.0	13.15984562795721	0.0	0.0	0.0	0.0	0.0	0.1533679904723036	0.121166312764895	0.0	0.0	0.0519027041308852	0.0	0.0	0.0	0.0	0.0	0.0	1.051504783399215	0.0	0.0	0.0	0.0	0.0	0.0	0.0	0.0	0.0	0.0	0.0	0.0	0.0	0.0	0.0	0.0	0.0	0.0	0.0	0.0	0.161848432303323	0.0	0.0	0.0	0.0	0.0	0.0	0.0	0.4269622447329506	0.0104905465574756	0.0	0.0	0.0	0.0	0.0	0.0	0.0	2.847258342159626	0.0	0.0	0.0	0.0	0.0	0.0	0.0	0.0	1.094657031631348	0.0242712645328821	0.0466724316336881	0.0	0.0	0.0	0.0	0.0633733017490211	0.0	0.0	0.0	0.0	0.0428822341643999	0.0310216162262053	0.0	0.0	0.0075003907703591	0.3620588632667762	0.0006400333457373	0.0	0.0	0.0	0.0092704829921638	0.0	0.0	0.0	0.163158500557879	0.0	0.0	0.0	0.0	0.0066503464830517	0.0	0.0	0.0	0.0	0.0	0.4193518482312928	0.0	0.0027401427614378	0.0296615453665135	0.0235612275399548	0.0012200635653117	0.0	0.0	0.0991451654631206	0.0	0.0	0.0	0.0	0.0	0.0	0.0825242995160047	0.0	0.0	0.0	0.0	0.0	0.0	0.0	0.0	0.0	0.0	0.0394420549310619	0.6047815091166251	0.0004200218831401	0.0023001198362434	0.0	0.0	0.0	0.0	0.0	0.0	0.0	0.0	0.0	0.0985351336804647	0.0	0.0003900203200586	0.0	0.0	0.0	0.0	0.0	0.0063503308522374	0.0	0.0	0.0	0.0	0.0	0.0006600343877916	0.0	0.0	0.0	0.0	0.0148607742463382	0.0	0.0	0.0002900151097872	0.0	0.6136319702256489	0.0	0.0015700818012618	0.0	0.0	0.0	0.0	0.0081304235950693	0.0	0.0	0.0	0.0	0.0	0.2073908050609436	0.0	0.0	0.0	0.0	0.0	0.0	0.0	0.0	0.0	0.0	0.0	0.0	0.0	0.0	0.0	0.3336373825076286	0.0	0.0	2.632147134865727	0.0	0.0	0.0	0.0	0.0	0.037181937178927	0.0	0.0	0.0	0.0	0.0	0.0	0.0	0.0	0.0	0.0	0.0	0.0053402782284957	11.04437541195896	0.0	0.0	0.0	0.0	0.0	0.0	0.0014800771120175	0.0	0.0	0.0	0.0	0.0	0.0	0.0	0.0847044130999225	0.0	0.0	0.1191962101225473	0.0	0.0	0.0	0.0	0.0	0.0	0.0	0.0	0.0	0.006600343877916	0.3857500975800839	0.0	0.0	0.0004700244882758	0.2481229272045073	0.0	0.0	0.0	0.0	0.0005900307406015	0.0	0.0071703735764633	0.0	0.0	0.0	5.214471673974215	0.0	0.0	0.0	0.119996251804719	0.0	1.499488123331226	0.0	0.0	0.0	0.0	0.0	0.0	0.0	0.0	0.0	0.0	0.0	0.0	21.13393107780916	0.0	0.0	0.0	0.0020001042054291	0.487465396947181	0.0	0.0010500547078502	0.0	0.0	0.0	0.0	0.0	0.0	0.0151107872720168	0.0	0.0
SRR10338793	0.0	0.0	0.0	0.0	0.0	0.0	0.0883292392384243	0.0	0.2374848409143596	0.0	0.0	0.4332753205985347	0.0	15.1915890402136	0.0	0.0	0.0	0.0	0.0	0.0	0.0	0.0728776229993657	0.0	0.0	0.0	0.0	0.0	0.023122418604986	0.1940803007994636	0.0136614289854718	0.0067407050777511	0.0	0.0	0.0	0.0	0.0	0.0	3.22883773642723	0.0	0.0	1.156580978370337	0.0	0.0062406527722799	4.314411287420664	0.725245860717031	0.0	0.0036403807838299	0.3189633635678292	0.0	0.0	0.0	0.0	0.0	0.0	0.5599885748049248	7.000732276596132e-05	0.0008500889193009	0.0	0.0	0.0	0.0	0.0	0.0	0.0	0.0	0.0	0.0	0.0	0.0	0.0	0.0	0.0	0.0	0.0	0.0	0.4134532472096581	0.0	0.013831446769332	0.2288339360297087	0.0	0.0	0.0	0.0177818599825541	0.0707974054086057	1.055600415803493	0.0	0.0	0.0	0.0	0.0	0.0	0.0	0.2790491885451218	0.0	0.0	0.003240338939453	0.0	0.3591975720660381	0.0	0.0	0.0	0.4010419489878642	0.0	0.0	0.0	0.0	0.0	0.0	0.0083608745474776	0.0	0.0	0.0	0.0025702688501217	0.2324143105368822	0.0	0.0	0.0	0.0667569827803988	7.432687459108224	0.4677989317682629	0.0	0.0	0.0	0.0145015168586634	0.0	0.0	0.0	0.036383805746081	0.0	0.0	0.0	0.0	0.3798897364664344	0.0	0.0	0.0	0.0	0.0	1.714249310477876	0.0	0.0035803745071734	0.0	0.0205521497548643	0.0014501516858663	0.0	0.6324261517754758	0.0122912856684809	0.0	0.0	0.0168817658327061	0.0408142691725554	0.0011301182103648	0.0014001464553192	0.1529059939669689	0.0	0.0	0.1266532479297334	0.0	0.0	0.0	0.0	0.0	0.0	0.0	0.0106011088759884	2.450116282163115	0.0019502039913374	0.2761388841272798	0.0	0.0	0.041444335077449	0.0238024897404268	0.0	0.0	0.0	0.0	0.0	0.0182319070574782	0.0	0.0345536143080566	0.0	0.0	0.0	0.0	0.0	0.0128913484350463	0.0	0.0	0.0	0.0	0.0	0.0	0.0	0.0	0.0	0.0	0.0	0.0088009205762922	0.0	0.0005200543976899	0.0	0.7506185146966373	0.0	0.0	0.0	0.0	0.0	0.0	0.0	0.0	0.0185919447174174	0.0	0.0	0.0	0.0	0.0	0.0	0.0	0.0	0.0	0.0	0.0	0.0	0.0	0.0	0.0	1.189214391825385	0.0981702686100966	0.0	0.0	3.489885041975391	0.0	0.0	1.996918877714609	0.0	0.0	0.0	0.0745677997918582	0.0	0.0169217700171437	0.0549457473251702	0.0	0.0	0.0	0.0	0.0	0.0	0.0	0.0	0.0	0.0	0.0087509153457451	4.272406893761089	0.0	0.0	0.0	0.0	0.0	0.0017301809769301	0.6212949874556879	0.0	0.0	0.0	0.0	0.0	0.0	0.0	0.0066706977549851	0.0	0.0	0.0	0.0	0.0	0.0	0.0	0.0	0.0	0.0	0.0	0.0	0.0	0.8295167674538757	0.0019702060835563	0.0	0.587491451605838	0.1875996229205574	0.0	0.0	0.0	0.0	0.0	0.0	4.25364493125981	0.0	0.0449547022618565	0.0	0.1195725072842619	0.0533155768093342	0.0	0.0	0.0641767128841676	0.0	0.795453204405181	0.0	0.0	0.0	0.0	0.0	0.0	0.0	0.0	0.0	0.0	0.0	0.0	33.3520486242861	0.0	0.0	0.0	0.0	0.0251226278268706	1.626360117268267	0.4503771094456481	0.0	0.0	0.0	1.272063057795846	0.0	0.0705373782097607	0.0015401611008511	0.0	0.0
SRR10338794	0.0	0.0	0.0	0.0	0.0	0.0	0.0	0.0	0.1213164642057908	0.0	0.0	0.6452071143247865	0.0	13.299933874674	0.0	0.0	0.0	0.0	0.0	0.0	0.0	0.0075228812635239	0.0	0.0	0.0	0.0	0.0	0.0	0.0685762647093836	0.5059337726349192	0.0020607892822951	0.0	0.0027910689794191	0.0	0.0	0.0	0.0	14.30587915171511	0.0	0.0	0.0094536207367421	0.0	0.001350517248106	0.0192373679119102	0.0001100421461419	0.0	0.0	0.1548993264420272	0.0	0.0	0.0	0.0	0.0	0.0	0.0	0.0	0.0	0.0	0.0	0.0	0.0	0.0	0.0	0.0	0.0	0.0	0.0	0.0496690232358993	0.0	0.0	0.0	0.0	0.0	0.0	0.0	0.4711704582855233	0.0	0.0268102683327714	0.0114243755358302	0.0	0.0476682569424089	0.0	0.0	0.3259948560298594	0.5014320484745659	0.0	0.0	0.0	0.0	0.0	0.0	0.1202560580702409	0.0078029885446125	0.0	0.0	0.0005302030677749	0.0	0.1749870200286709	0.0	0.46458793717994	0.0	0.4966402132016562	0.0	0.000400153258698	0.0	0.0	0.0	0.0	0.0109641992883274	0.0	0.0	0.0	0.0	0.0066125325999857	0.0	0.0	0.0	0.0009403601579404	2.422127674899487	0.0576320730839911	0.0	0.0	0.0	0.0027410498220818	0.0	0.0	0.0	0.0089134138374997	0.0	0.0	0.0	0.0	0.412247890942231	0.0	0.0	0.0	0.0	0.0	0.1233372381622161	0.0	0.0	0.0	0.0007702950229938	0.0014905708886503	0.0	0.0	0.006972670532814	0.0	0.0	0.0016706398550644	0.0531303489236377	0.0	0.0	0.3577570209390197	0.0	0.0	0.0	0.0	0.0	0.0	0.0	0.0	0.0	0.0	0.0032912605527917	1.50381596151326	0.0010504023040824	0.1072510771625532	0.0	0.0	0.0	0.0	0.0	0.0	0.0	0.0	0.0	0.0745685597583874	0.0	0.0	0.0	0.0	0.0	0.0	0.0	0.0	0.0	0.0	0.0	0.0	0.0004401685845678	0.0	0.0	0.0	0.0	0.0	0.0	0.0	0.0	0.0	0.0	0.3441117948174151	0.0	0.0	0.0	0.0	0.0	0.0	0.0473981534927877	0.0	0.0	0.0	0.0	0.0	0.0	0.0	0.0	0.0	0.0	0.0	0.0	0.0	0.0	0.0	0.0	0.0	0.0	0.0159561111905859	0.0	0.0	2.308904310350865	0.0	0.0	1.178591400506394	0.0	0.0	0.0	0.0	0.0	0.0	0.0	0.0	0.0	0.0	0.0	0.0	0.0	0.0	0.0	0.0	0.0	2.639911085945918	12.38351288543512	0.0	0.0	0.0	0.0	0.0	0.0	0.0051419693742703	0.0	0.0	0.0	0.0084932529158667	0.0	0.0	0.0	0.004361670519809	0.0	0.0	0.0	0.0	0.0	0.0	0.0	0.0	0.0	0.0	0.0	0.0	0.0012904942593013	0.7954346514715138	0.0	0.0	0.5878851600162862	0.0384047090035483	0.0	0.0	0.0	0.0	0.0	0.0	3.690173336387837	0.0	0.0406155557578552	0.0	0.0002901111125561	0.0	0.0	0.0	0.0	0.0	0.1322606558311833	0.0	0.0	0.0	0.0	0.0	0.0	0.0	0.0	0.0	0.0	0.0	0.0	38.62905492803743	0.0	0.0	0.0	0.0	0.0181469502819579	0.0956966518176461	0.0	0.0	0.0	0.0	0.0	0.0329926361796568	0.0	0.0	0.0	0.0
SRR10338795	0.0	0.0	0.0	0.0	0.0	0.0	0.0	0.0	0.2118400847360339	0.0	0.0	0.4735601894240758	0.0	6.826212730485091	0.0	0.0	0.0	0.0	0.0	0.0	0.0	0.0	0.0	0.0061100024440009	0.0	0.0	0.0	0.0	0.012870005148002	0.1851400740560296	0.0658700263480104	0.0	0.0	0.0	0.0	0.0	0.0	18.01151720460688	0.0	0.0	1.023020409208164	0.0	0.0	0.0050700020280007	0.5159602063840825	0.0	0.0	0.1362700545080218	0.0	0.0	0.0	0.0	0.0	0.0	0.1329000531600212	0.0	0.0	0.0	0.0	0.0	0.0	0.0	0.0	0.0	0.0	0.0	0.0	0.0	0.0	0.0	0.0	0.0	0.0266700106680042	0.0	0.0	0.1615400646160258	0.0	0.0	0.0319500127800051	0.0	0.0	0.0	0.0	0.0841300336520133	0.0357700143080056	0.0	0.0	0.0	0.0	0.0	0.0	0.0	0.0076700030680011	0.0	0.0728100291240116	0.0	0.0	0.0426900170760067	0.0	0.0965400386160153	0.0	0.9608803843521536	0.0	0.0	0.0	0.0	0.0	0.1306900522760209	0.0357200142880056	0.0	0.0	0.0	0.0650300260120103	0.0342300136920054	0.0146800058720023	0.0	0.0	0.0530200212080084	15.78513631405453	0.0082900033160012	0.0	0.0	0.0	0.0033000013200005	0.0	0.0	0.0	0.5761502304600924	0.0	0.0	0.0	0.0	0.0165900066360026	0.0	0.0	0.0	0.0	0.0	0.1799900719960288	0.0	0.0	0.0	0.0	0.0059200023680008	0.0	0.0	0.1966300786520314	0.0	0.0090900036360013	0.0042100016840005	0.0151200060480024	0.0	0.0044400017760006	0.0163700065480026	0.0	0.0	0.0440600176240069	0.0	0.0	0.0869100347640138	0.0	0.0	0.0	0.0	0.0514300205720081	5.332462132984853	0.0175800070320028	0.0966300386520153	0.0	0.0	0.0	0.0014900005960002	0.0	0.0	0.0	0.0	0.0	0.0138700055480022	0.0	0.0	0.0	0.0	0.0	0.0	0.0	0.0	0.0	0.0	0.0	0.0	0.0	0.0	0.0	0.0	0.0	0.0	0.0	0.0	0.0	0.0	0.0	0.4155201662080664	0.0	0.0	0.0	0.0	0.0	0.0	0.0	0.0	0.0	0.0	0.0	0.0	0.0	0.0	0.0	0.0	0.0	0.0	0.0	0.0	0.0	0.0	0.0	0.0	0.2825401130160452	0.0	0.0	0.0	0.1925700770280308	0.0	0.0	2.467250986900395	0.0	0.0	0.0	0.0	0.0	0.0215700086280034	0.0	0.0	0.0	0.0	0.0	0.0	0.0	0.0	0.0	0.0	0.0	1.739920695968278	9.95065398026159	0.0	0.0	0.0	0.0	0.0	0.0	0.0066200026480009	0.0	0.0	0.0	0.0	0.0	0.0	0.0	0.0558500223400089	0.0003100001239999	0.0	0.0	0.0	0.0	0.0	0.0	0.0264200105680041	0.0	0.0	0.0	0.0	0.0099900039960015	1.548690619476248	0.0016500006600002	0.0	0.0961800384720153	0.0685000274000108	0.0	0.0	0.0	0.0	0.0	0.0	6.188642475456991	0.0	0.0	0.0	0.0002400000959999	0.0	0.0	0.0	0.0746000298400119	0.0	0.3530201412080565	0.0	0.0	0.0	0.0	0.0	0.0	0.0	0.0	0.0	0.0	0.0	0.0	22.44480897792359	0.0	0.0	0.0	0.0	0.0142600057040022	2.111960844784337	0.000330000132	0.0	0.0	0.0	0.0018700007480002	0.0	0.0	0.0	0.0	0.0
SRR10338796	0.0	0.0	0.0	0.0	0.0	0.0	0.0	0.0	0.005654406478969	0.0	0.0	0.0046236031739534	0.0	1.218389490930282	0.0	0.0	0.0	0.0	0.0	0.0	0.0	0.0	0.0	0.0	0.0	0.0	0.0	0.0015612166561401	0.0	0.078200941994096	0.0	0.0	0.0	0.0	0.0	0.0	0.0	3.087896397662699	0.0	0.0	0.0008006239262257	0.0	0.0	0.0	0.0145913710554635	0.0	0.0	0.0444246201064489	0.0	0.0	0.0	0.0	0.0	0.0	0.1432516359999347	0.0	0.0	0.0	0.0	0.0	0.0	0.0	0.0	0.0	0.0	0.0	0.0	0.0	0.0	0.0	0.0	0.0	0.0	0.0	0.0	9.706744465962329	0.0	0.003022355321502	0.0037128934578717	0.0	0.0	0.0	0.0	0.0723563873326483	0.2439601181200509	0.0	0.0	0.0	0.0	0.0	0.0	0.0	0.017923968148378	0.0	0.0	0.0	0.0	0.0099477522833544	0.0	0.0	0.0	0.0394307283666161	0.0	0.0016612946469183	0.0016913180441518	0.0	0.0	0.0	0.0342767118415381	0.0	0.0	0.0	0.0715457556073448	0.0086467384032376	0.0	0.0	0.0	0.000950740912393	5.227033427149777	0.0	0.0	0.0	0.0	0.0	0.0	0.0	0.0	0.0158423459401911	0.0	0.0	0.0	0.0	0.0	0.0	0.0	0.0	0.0	0.0	0.0435839649839119	0.0	0.0	0.0	0.0	0.0	0.0	0.001060826702249	0.0252696926714989	0.0	0.0	0.0	0.0015612166561401	0.0	0.0	0.025259684872421	0.0	0.0	0.0	0.0	0.0	0.0	0.0	0.0	0.0	0.0	0.0	3.660042270941745	0.0	0.0026420589565448	0.0	0.0	0.0	0.0	0.0	0.0	0.0	0.0	0.0	0.0245591389369735	0.0	0.0	0.0	0.0	0.0	0.0	0.0	0.0	0.0	0.0	0.0	0.0	0.0	0.0	0.0	0.0	0.0	0.0	0.0	0.0	0.0	0.0	0.0	0.0021316612035759	0.0	0.0	0.0	0.0	0.0	0.0	0.0	0.0	0.0	0.0	0.0	0.0	0.0	0.0	0.0	0.0	0.0	0.0	0.0	0.0	0.0	0.0	0.0	0.0	0.4657729768808832	0.0	0.0	0.0	1.183752498321942	0.0	0.0	0.5239182895230254	0.0	0.0	0.0	0.406416720550325	0.0	0.005264102314934	0.0	0.0	0.0	0.0	0.0	0.0	0.0	0.0	0.0	0.0	0.0	1.691257997357341	6.46972185424101	0.0	0.0	0.0	0.0	0.0	0.0	0.0070354827517084	0.0	0.0	0.0	0.0	0.0	0.0	0.0	0.019605278393452	0.0	0.0	0.0	0.0	0.0	0.0	0.0	0.0	0.0	0.0	0.0	0.0	0.0	0.9621898345380556	0.0	0.0	1.353184536709458	0.018594490686592	0.0	0.0	0.0	0.0	0.0	0.0	38.63123532168619	0.0	0.0	0.0	0.0	0.0	0.0	0.0	0.0	0.0	1.221341791658239	0.0	0.0	0.0	0.0	0.0	0.0	0.0	0.0	0.0	0.0	0.0	0.0	22.80172938771184	0.0	0.0	0.0	0.0	0.003242526901214	0.3914850843262155	0.0	0.0	0.0	0.0	0.0	0.0	0.0	0.0	0.0	0.0
SRR10338797	0.0	0.0	0.0	0.0	0.0	0.005780000578	0.0	0.0	0.005170000517	0.0	0.0	1.902300190230019	0.0	5.093300509330051	0.0	0.0	0.0150300015030001	0.0	0.0	0.0	0.0	0.0	0.0	0.0	0.0	0.0	0.0009000000899999	0.0	0.0137500013750001	0.0123300012330001	0.0183700018370001	0.0	0.0	0.0	0.0	0.0	0.0	24.62597246259725	0.0	0.0	0.002870000287	0.0	0.0	0.2391700239170024	0.0	0.0	0.0	0.301230030123003	0.0	0.0	0.0	0.0	0.0	0.0245700024570002	0.0	0.0	0.0	0.0	0.0	0.0	0.0	0.0	0.0	0.0	0.0	0.0	0.0	0.0	0.0	0.0	0.0	0.0	0.0	0.0	0.0	0.2356000235600024	0.0	0.0	0.0244300024430002	0.0	0.0	0.0	0.0	0.0	0.0180200018020001	0.0	0.0	0.0	0.0	0.0	0.0	0.0	4.433220443322044	0.0	0.0	0.001640000164	0.0	0.0215600021560002	0.0	0.0	0.0	2.00508020050802	0.0	0.001960000196	0.0	0.0	0.0	0.0	0.0193100019310001	0.0	0.0	0.0	0.1144300114430011	0.0672400067240006	0.006410000641	0.0	0.0	0.0153500015350001	0.500950050095005	0.00930000093	0.0	0.0	0.0	0.0	0.0	0.0	0.0	0.2899200289920029	0.0	0.0	0.0	0.0	0.0165100016510001	0.005810000581	0.0	0.0	0.0	0.0	0.6402400640240065	0.0	0.0	0.0	0.003570000357	0.0745400074540007	0.0	0.0	0.0246300024630002	0.0	0.00630000063	0.0	0.0	0.0	0.0	0.1870000187000018	0.0	0.0	0.0	0.0	0.0	0.0	0.0	0.0	0.0	0.0	0.001260000126	0.9468500946850096	0.0	0.4185300418530042	0.0	0.0	0.0728400072840007	0.0	0.0	0.0	0.0	0.0	0.0	0.0856000085600008	0.0	0.0	0.0	0.0	0.0	0.0	0.0	0.0	0.0	0.0	0.0	0.0	0.0	0.0	0.0	0.0	0.0	0.0	0.0	0.0	0.0	0.0188800018880001	0.0	0.3753600375360038	0.0	0.0	0.0	0.0	0.0	0.0	0.0	0.0	0.0	0.0	0.0	0.0	0.0	0.0	0.0	0.0	0.0	0.0	0.0	0.0	0.0	0.0	0.0	0.0	0.4680500468050047	0.0	0.0	0.0	1.06442010644201	0.0	0.0	0.0134900013490001	0.0	0.0	0.0	0.0	0.0	0.005960000596	0.0	0.0	0.000220000022	0.0	0.0	0.0	0.0	0.0	0.0	0.0	0.0	0.0	22.98972229897223	0.0	0.0	0.0	0.0	0.0	0.005040000504	0.0148000014800001	0.0	0.0	0.0	0.0	0.0	0.0	0.0	0.004560000456	0.0	0.0	0.0	0.0	0.0	0.0	0.0	0.0	0.0	0.0	0.0	0.0	0.0	1.863810186381019	0.0	0.0	0.3677900367790037	0.1685000168500017	0.0	0.0	0.0	0.0	0.0	0.0	0.0208400020840002	0.0	0.0	0.0	0.001710000171	0.0	0.0	0.0	0.0174300017430001	0.0	0.0464900046490004	0.0	0.0	0.0	0.0	0.0	0.0	0.0	0.0	0.0	0.0	0.0	0.0	29.90516299051629	0.0	0.0	0.0	0.0	0.0870700087070008	0.0518500051850004	0.0	0.0	0.0	0.0	0.0	0.0	0.0	0.0	0.0	0.0
SRR10338798	0.0	0.0	0.0	0.0	0.0	0.0	0.0	0.0	0.0238400041474801	0.0	0.0	1.8581191477769	0.0	12.66968112943571	0.0	0.0	0.0	0.0	0.0	0.0	0.0	0.0043936867425456	0.0	0.0	0.0	0.091666917710651	0.0755433884572544	0.0	0.0154629749823076	0.0229092231291276	0.0296248582185311	0.0	0.0	0.0	0.0	0.0	0.0	48.52406654423727	0.0	0.0	0.0	0.0	0.0	0.1449216037176795	0.963768698314756	0.0	0.0	0.1759076040705756	0.0	0.0	0.0	0.0	0.0	0.0	0.0	0.0	0.0	0.0	0.0	0.0	0.0	0.0	0.0	0.0	0.0	0.0	0.0	0.0	0.0	0.0	0.0	0.0	0.0	0.0	0.0	0.5729207377910804	0.0	0.0	0.0217382405576519	0.0	0.0	0.0	0.0	0.0	0.0205672579861761	0.0	0.0	0.0	0.0	0.0	0.0	0.0	2.57376965011341	0.0	0.0	0.052774282900782	0.0	0.01564312614715	0.0	0.0	0.0	1.250599377938028	0.0156831597393372	0.013581396149509	0.0	0.0	0.0	0.0504923681461114	0.1754171925662823	0.0	0.0	0.0	0.00075062985351	0.0192361410459516	0.0	0.0	0.0	0.0	3.890724707101729	0.0005804870867144	0.0	0.0	0.0	0.0	0.0	0.0	0.0	0.9985879151195768	0.0	0.0	0.0	0.0	0.1021457104656517	0.0	0.0	0.0	0.0	0.0	0.0	0.0	0.0	0.0	0.0016814108718625	0.0394631134985366	0.0	0.318116931917572	0.0	0.0	0.0058649212554254	0.0	0.0	0.0	0.0	0.5461883066080749	0.0	0.0	0.0	0.0	0.0	0.0	0.0	0.0	0.0	0.0	0.0175146965819018	0.8763353329779018	0.0	0.0	0.0	0.0	0.0	0.0	0.0	0.0	0.0	0.0	0.0	1.040493077741533	0.0	0.0	0.0	0.0	0.0	0.0	0.0	0.0	0.0	0.0	0.0	0.0	0.0	0.0	0.0	0.0	0.0	0.0	0.0	0.0031526453847423	0.0	0.0	0.0	0.3579703729399339	0.0	0.0	0.0	0.0	0.0	0.0	0.0	0.0	0.0	0.0	0.0	0.0	0.0	0.0	0.0	0.0	0.0	0.0	0.0	0.0	0.0	0.0	0.0	0.0	0.3571496843000962	0.0	0.0	0.0	0.4889402697803727	0.0	0.0	2.79837811907972	0.0	0.0	0.0	0.0006705626691356	0.0	1.848731270409	0.0	0.0	0.0	0.0	0.0	0.0	0.0	0.0	0.0	0.0	0.0	0.0116798005206168	9.060983070894787	0.0	0.0	0.0	0.0	0.0	0.0	0.0	0.0	0.0	0.0	0.005734812080817	0.0	0.0	0.0	0.0332478983114731	0.0	0.0	0.0	0.0	0.0	0.0	0.0	0.0	0.0	0.0	0.0	0.0	0.0	1.266212478891037	0.0	0.0	0.7505597947237528	0.1926316372067802	0.0	0.0	0.0	0.0	0.0	0.0	0.315704907988293	0.0003803191257784	0.0	0.0	0.0	0.0	0.0	0.0	0.0044637455288732	0.0	0.0041935187816096	0.0	0.0	0.0	0.0	0.0	0.0	0.0	0.0	0.0	0.0298650597716543	0.0	0.0	5.239096125558955	0.0	0.0	0.0	0.0	0.0094779529503206	0.0	0.0	0.0	0.0	0.0	0.0	0.0	0.0	0.0	0.0	0.0
SRR10338799	0.0	0.0	0.0	0.0	0.0	0.005789999421	0.0	0.0	0.0	0.0	0.0	0.0826299917370008	0.0	0.8527999147200085	0.0	0.0	0.0	0.0	0.0	0.1598099840190016	0.0	0.0	0.0	0.0	0.0	0.0	0.9233199076680092	0.0	0.0	0.0420599957940004	0.5181599481840051	0.0	0.0	0.0	0.0	0.0	0.0	0.204639979536002	0.0	0.0	0.0719399928060007	0.0	0.0	0.0427299957270004	0.0162499983750001	0.0	0.0	0.2279299772070022	0.0	0.0	0.0	0.0	0.0	0.007009999299	0.0	0.0	0.0	0.0	0.0	0.0	0.0	0.0	0.0	0.0	0.0	0.0	0.0	0.0	0.0	0.0	0.0	0.0	0.0	0.0	0.0	0.0321999967800003	0.0	0.0	0.0	0.0	0.0	0.0	0.2575499742450026	0.0	0.0	0.0	0.0	0.0	0.0	0.0	0.0	0.0	0.4969399503060049	0.0	0.0	0.0705799929420007	0.0	0.0	0.0	0.0	0.0	3.918749608125039	0.0194199980580001	22.23216777678322	0.0	0.0	0.0	0.0342699965730003	25.51117744888225	0.005459999454	0.0	0.0	0.008889999111	0.0	0.0637999936200006	0.0	0.0	0.0	0.002829999717	0.000179999982	0.0	0.0	0.0	0.0	0.0	0.0	0.0	4.225009577499042	0.0	0.0	0.0	0.0	0.0	0.0	0.0	0.0	0.0	0.0	0.0	0.0	0.0	0.0	0.0	0.0	0.0	0.0	0.4576299542370045	0.0	5.525589447441055	0.0	0.0	0.0	0.0380499961950003	10.1171089882891	0.0	0.0	0.0	0.0	0.0	0.4261999573800042	0.0	0.0	0.0	0.0	0.0382599961740003	0.2972499702750029	0.0	0.0	0.0	0.0	0.0	0.0	0.0	0.0	0.0	0.000569999943	0.0	0.4301499569850041	0.0	0.0	0.0	0.0	0.0	0.0	0.0	0.0	0.0	0.0	0.0	0.0	0.0	0.0	0.0	0.0	0.0	0.0	0.0	0.0	0.0	0.0	0.0	2.539909746009025	0.0	0.0	0.0	0.0	0.0	0.0	0.0	0.0	0.0	0.0	0.0	0.0	0.0	0.0	0.0	0.0	0.0	0.0	0.0	0.0	0.0	0.0	0.0	0.0	0.0	0.0	0.0	0.0	0.1222899877710012	0.0	0.0	0.0263099973690002	0.0	0.0	0.0	0.0	0.0	3.472519652748034	0.0	0.0	0.0	0.0	0.0	0.0	0.0	0.0	0.0	0.0	0.0	0.0	0.1431299856870014	0.0	0.0	0.0	0.0	0.0	0.0	0.0	0.0	0.0	0.0	0.0	0.0	0.0	0.0	0.0	0.006069999393	0.0	0.0	0.0	0.0	0.0	0.0	0.0	0.0	0.0	0.0	0.0	0.0	0.3332199666780033	0.0	0.0	0.3997099600290039	6.176639382336061	0.0	0.0	0.0	0.0	0.0	0.0	0.0	0.0	0.0	0.0	0.0	0.0	0.0	0.0	0.0	0.0	0.0	0.0	0.0	0.0	0.0	0.0521099947890005	0.0	0.0	0.0	0.0	0.0	0.0	0.0184199981580001	8.415559158444083	0.0	0.0	0.0	0.0	0.9177299082270092	0.0112799988720001	0.0	0.0	0.0	0.0	0.0	0.0	0.0	0.0	0.0	0.0
SRR10338800	0.0	0.0	0.0	0.0	0.0	0.0	0.0	0.0	0.1172818503481185	0.0	0.0	0.0734689739110501	0.0	0.1345044285770964	0.0	0.0	0.0	0.0	0.0	0.0	0.0	0.0497440959318647	0.0	0.0	0.0	0.0	0.0	0.0	5.542644466272402	0.0	0.0	0.0	0.0	0.0	0.0	0.0	0.0	30.71646326190622	0.0	0.0	1.088729440609858	0.0	0.0	1.270984193700805	0.0340443983839831	0.0	0.0	0.5511225033272938	0.0	0.0	0.0	0.0	0.0	0.0	0.0	0.0	0.0	0.0	0.0	0.0	0.0	0.0	0.0	0.0	0.0	0.0	0.0	0.0	0.0	0.0	0.0	0.0	0.0	0.0	0.0	1.962041397507526	0.0	0.0	0.1022934983815385	0.0	0.0	0.0	0.0	0.0	0.6964574188535033	0.0	0.0	0.0	0.0	1.133093359398638	0.0	0.0	0.0152187878591143	0.0	0.0	0.0	0.0	0.0520684927609065	0.0	0.0	0.0	0.040907380400766	0.0	0.0	0.0	0.0	0.0	0.0	0.0	0.0	0.0	0.0	0.0	0.0291952256889131	0.0	0.0	0.0	0.1879555366932088	4.980501115910858	0.019997827891239	0.0	0.0	0.0	0.0	0.0	0.0	0.0	0.0109707522750033	0.0	0.0	0.0	0.0	0.6919889663287074	0.0	0.0	0.0	0.0	0.0	0.4047155599532075	0.0	0.0	0.0	0.0	0.0251175122862406	0.0	0.0	0.0	0.0	0.0	0.0	0.0	0.0	0.0	0.0	0.0	0.0	0.0	0.0	0.0	0.0	0.0	0.0	0.0	0.0	0.0	1.652555974882087	0.0	0.1684786942981343	0.0	0.0	0.0	0.0	0.0	0.0	0.0	0.0	0.0	0.0	0.0	0.0	0.0	0.0	0.0	0.0	0.0	0.0	0.0	0.0	0.0	0.0	0.0	0.0	0.0	0.0	0.0	0.0	0.0	0.0	0.0	0.0	0.0	0.1505748273434028	0.0	0.0	0.0	0.0	0.0	0.0	0.0	0.0	0.0	0.0	0.0	0.0	0.0	0.0	0.0	0.0	0.0	0.0	0.0	0.0	0.0022642831179459	0.0	0.0	0.0	0.3742178705238831	0.0932664227653028	0.0	0.0	0.0151085793887718	0.0	0.0	0.1766842158627259	0.0	0.0	0.0	0.0	0.0	0.0	0.0	0.0	0.0	0.0	0.0	0.0	0.0	0.0	0.0	0.0	0.0	0.0	39.40178241160981	0.0	0.0	0.0	0.0	0.0	0.0013725964033565	0.0	0.0	0.0	0.0	0.0	0.0	0.0	0.0	0.0	0.0	0.0	0.0	0.0	0.0092775494124686	0.0	0.0	0.0	0.0	0.0	0.0	0.0	0.0	1.135507926794324	0.0	0.0	0.369809531710183	0.0035667468583572	0.0	0.0	0.0	0.0	0.0	0.0	0.0	0.0	0.0	0.0	1.704163595857925	0.0	0.0	0.0	0.0052098549616454	0.0	0.0068629820167829	0.0	0.0	0.0	0.0	0.0	0.0	0.0	0.0	0.0	0.0	0.0	0.0	4.711231766008582	0.0	0.0	0.0	0.0	0.0592721191405662	0.0007414024368495	0.0	0.0	0.0	0.0	0.0265402034488438	0.0	0.0	0.0	0.0	0.0
SRR10338801	0.0	0.0	0.0	0.0	0.0	0.0045900013770004	0.0045100013530004	0.0	0.1187400356220106	0.0	0.0	0.0	0.0	6.050221815066545	0.0	0.0	0.0	0.0	0.0	0.0	0.0	0.000340000102	0.0	0.0	0.0	0.0	0.0	0.0	0.0279800083940025	0.1091900327570098	0.0	0.0	0.0	0.0	0.0	0.0	0.0	48.96166468849941	0.0	0.0	0.000260000078	0.0	0.0	0.0170100051030015	0.0026900008070002	0.0	0.0	0.3769201130760339	0.0	0.0	0.0	0.0	0.0	0.0	0.0	0.0	0.0	0.0	0.0	0.0	0.0	0.0	0.0	0.0	0.0	0.0	0.0	0.0	0.0	0.0	0.000450000135	0.0	0.0	0.0	0.0	0.4090101227030368	0.0	0.100830030249009	0.0150100045030013	0.0	0.0	0.0	0.0	0.0	0.1268200380460113	0.0	0.0	0.0	0.0	0.0	0.0	0.0	0.0142600042780012	0.0	0.0130900039270011	0.0	0.0	0.0296200088860026	0.0	0.0	0.0	0.0406500121950036	0.0	0.0192900057870017	0.0	0.0	0.0	0.0073900022170006	0.1259900377970113	0.0	0.0	0.0	0.0	0.2314900694470208	0.0	0.0	0.0	0.0059000017700005	1.160120348036104	0.1217600365280109	0.0	0.0	0.0	0.0	0.0	0.0	0.0	2.484140745242224	0.0	0.0	0.0	0.0	0.0329500098850029	0.0	0.0	0.0	0.0	0.0	0.5453601636080491	0.0	0.0	0.0	0.0	0.0965800289740086	0.0	0.0	0.0433600130080039	0.0	0.0	0.0	0.0611000183300054	0.0	0.0	0.0	0.0	0.0	0.0	0.0	0.0	0.0	0.0	0.0	0.0	0.0	0.0	0.1037500311250093	0.0	0.3658801097640329	0.0	0.0	0.0	0.0	0.0	0.0	0.0	0.0	0.0	0.4767001430100429	0.0	0.0	0.0	0.0	0.0	0.0	0.0	0.0	0.0	0.0	0.0	0.0	0.0	0.0	0.0	0.0	0.0	0.0	0.0	0.0	0.0	0.0	0.0	0.689340206802062	0.0	0.0	4.00000120000036e-05	0.0	0.0	0.0	0.0	0.0	0.0	0.0	0.0	0.0	0.0	0.0	0.0	0.0	0.0	0.0	0.0	0.0	0.0	0.0	0.0	0.0	0.9714302914290872	0.0	0.0	0.0	1.040270312081094	0.0	0.0	3.691321107396332	0.0	0.0	0.0	0.0	0.0	0.0213300063990019	0.0	0.0	0.0	0.0	0.0	0.0	0.0	0.0	0.0	0.0	0.0	0.0937700281310084	20.51323615397084	0.0	0.0	0.0	0.0	0.0	0.0	0.0	0.0	0.0	0.0	0.0	0.0	0.0	0.0	0.0	0.0	0.0	0.0	0.0	0.0	0.0	0.0	0.0	0.0	0.0	0.0	0.0	0.0	0.9934902980470894	0.0	0.0	0.5780701734210519	0.6596501978950593	0.0	0.0	0.0	0.0	0.0	0.0	0.0	0.0	0.0	0.0	0.0426400127920038	0.0	0.0	0.0	0.6676202002860601	0.0	0.0	0.0	0.0	0.0	0.0	0.0	0.0	0.0	0.0	0.0	0.0271500081450024	0.0	0.0	7.507382252214674	0.0	0.0	0.0	0.0	0.1976400592920177	0.0	0.0	0.0	0.0	0.0	0.0	0.0	0.0	0.0	0.0	0.0
SRR10338802	0.0	0.0	0.0	0.0	0.0	0.0	0.0	0.0	0.1202608507494384	0.0	0.0	0.0	0.0	6.371072781634679	0.0	0.0	0.0	0.0	0.0	0.0	0.0	0.003312778095711	0.0	0.0	0.0	0.0	0.0	0.0	0.0042735838273976	0.0109091484118581	0.0055946917084667	0.0	0.0	0.0	0.0	0.0	0.0	20.51602473834557	0.0	0.0	0.4471449757766864	0.0	0.0	0.0058148763553115	0.3840720828486769	0.0	0.0	0.1034167252658079	0.0	0.0	0.0	0.0	0.0	0.0	0.5448969505827589	0.0	0.0	0.0	0.0	0.0	0.0	0.0	0.0	0.0	0.0	0.0	0.0	0.0	0.0	0.0	7.005875126881403e-05	0.0	0.0	0.0	0.0	5.082862488482842	0.0	0.007095950664227	0.0	0.0	0.0	0.0	0.0	0.5486200727930444	1.534426770289565	0.0	0.0	0.0	0.0	0.0	0.0	0.0	0.0241802775807792	0.0	0.0	0.0102986364365156	0.0	0.0510327961028118	0.0	0.0	0.0	0.4810033694256003	0.0306657162696637	0.0027122745134069	0.0	0.0	0.0	0.0100784517896708	0.054375599377638	0.0	0.0	0.0	0.0103186532225924	0.0120601136112744	0.0066355645844605	0.0	0.0	0.0933282650830986	1.824740227154492	0.0104787875112069	0.0	0.0	0.0	0.0	0.0	0.0	0.0	0.0852014499359162	0.0	0.0	0.0	0.0	0.0258817043973075	0.0	0.0	0.0	0.0	0.0	0.1270765664085902	0.0	0.0013911666323378	0.0	0.0	0.0121101555764664	0.0	0.0	0.0349493084900998	0.0	0.0025221150456773	0.0	0.031046035205123	0.0	0.0	0.0482704796242128	0.0	0.0	0.0226189682667885	0.0	0.0	0.0092277383814066	0.0	0.0	0.0	0.0	0.0115997275315079	0.800641417893045	0.0	0.1780393037601332	0.0	0.0	0.0	0.0043536509717048	0.0	0.0	0.0	0.0	0.0	0.0164237729760176	0.0	0.0029925095184821	0.0	0.0	0.0	0.0	0.0	0.0	0.0	0.0	0.0	0.0	0.0	0.0	0.0	0.0	0.0	0.0	0.0	0.0	0.0	0.0	0.0	1.557115797307622	0.0	0.000200167860768	0.0	0.0	0.0	0.0	0.0	0.0	0.0	0.0	0.0	0.0	0.0221986157591756	0.0	0.0	0.0	0.0	0.0	0.0	0.0	0.0	0.0	0.0	0.0	0.2255491455134275	0.0018915862842579	0.0	0.0	1.864613665019485	0.0	0.0	1.642077045810617	0.0	0.0	0.0	0.0	0.0	0.6790994928346913	0.0	0.0	0.0	0.0	0.0	0.0	0.0	0.0	0.0	0.0	0.0	2.1479913055088	12.55347734610244	0.0	0.0	0.0	0.0	0.0	0.0	0.1424594665086141	0.0	0.0	0.0	0.0	0.0	0.0	0.0	0.0083970417592192	0.0	0.0	0.0310160100260078	0.0	0.0	0.0	0.0	0.0	0.0	0.0	0.0	0.0	0.0	0.5664450207944381	0.0	0.0	1.003201284597263	0.0307157582348557	0.0	0.0	0.0	0.0	0.0	0.0	0.000300251791152	0.0	0.0	0.0	0.0026822493342917	0.0	0.0	0.0	0.0	0.0	0.0	0.0	0.0	0.0	0.0	0.0	0.0	0.0	0.0	0.0	0.0	0.0	0.0	37.1947715354096	0.0	0.0	0.0	0.0	0.0461987422652636	0.5533740594862853	0.000100083930384	0.0	0.0	0.0	0.0	0.0	0.0	0.0	0.0	0.0
SRR10338803	0.0	0.0	0.0	0.0	0.0	0.0	0.0	0.0	0.0310371485323354	0.0	0.0	0.1723217740068938	0.0	23.25622853677021	0.0	0.0	0.0	0.0	0.0	0.0	0.0	0.0033651119415504	0.0	0.0	0.0	0.0	0.0008512931994993	0.0	0.0683338058845191	0.5040957718870738	0.0398305065224582	0.0	0.019589758802597	0.0	0.0	0.0	0.0	13.87761147959866	0.0	0.0	0.4623022833987109	0.0	0.0	0.1220253687376493	0.9322862360211398	0.0	0.0	0.2753883424309869	0.0	0.0	0.0	0.0	0.0	0.0	0.7711915170335257	0.0	0.0	0.0	0.0	0.0	0.0	0.0	0.0	0.0	0.0	0.0	0.0	0.0	0.0	0.0	0.0	0.0	0.0	0.0	0.0	1.060951691714884	0.0	0.0932616738086827	0.0491847165028394	0.0	0.0	0.0	0.0	0.2572007136040359	0.0081924451434173	0.0	0.0	0.0	0.0	0.0	0.0	0.0	0.0225742926079006	0.0	0.0005207911338113	0.0192792871651325	0.0	0.0300155966929362	0.0	0.0	0.0	1.207404167671109	0.0082124755716408	0.0335609824884982	0.0	0.0	0.0	0.0	0.220695258166681	0.0	0.0	0.0	0.0103156705351098	0.0094143012650517	0.0036755835790148	0.0	0.0	0.0139912541141247	2.180542462054107	0.2609664341100566	0.0	0.0	0.0	0.0	0.0	0.0	0.0	0.4167130287619924	0.0	0.0	0.0	0.0	0.2131638171546396	0.0	0.0	0.0	0.0	0.0	0.3161602790799504	0.0	0.0030646555181976	0.0	0.005608519902584	0.0009213996982816	0.0	0.0	0.0179172180459335	0.0	0.006309584890407	0.0	0.0	0.0	0.0	0.1465325976691192	0.0	0.0	0.0212823299874839	0.0	0.0	0.0	0.0	0.0	0.0	0.0	0.0051778656957784	0.4815515249215084	0.0	0.3585646956291303	0.0	0.0	0.0	0.0	0.0	0.0	0.0	0.0	0.0	0.2828596921583578	0.0	0.0	0.0	0.0	0.0	0.0	0.0	0.0	0.0	0.0	0.0	0.0	0.0	0.0	0.0	0.0	0.0	0.0	0.0	0.0	0.0	0.0	0.0	0.9563227498893572	0.0	0.0	0.0	0.0	0.0	0.0	0.0	0.0	0.0	0.0	0.0	0.0	0.0232853728098354	0.0	0.0	0.0	0.0	0.0	0.0485036819432399	0.0	0.0	0.0	0.0	0.0	0.0054482764767959	0.0427749794713148	0.0	0.0	6.31404166068675	0.0	0.0	2.326954877153885	0.0	0.0	0.0	0.0	0.0	1.108624110886848	0.0	0.0	0.0	0.0	0.0	0.0	0.0	0.0	0.0	0.0	0.0	2.05214741714138	17.97384406652145	0.0	0.0	0.0	0.0	0.0	0.0	0.002804259951292	0.0	0.0	0.0	0.0014221604038695	0.0	0.0	0.0	0.002473757885604	0.0016525103284399	0.0	0.0	0.0	0.0	0.0	0.0	0.0	0.0	0.0	0.0	0.0	0.0	0.8692905392581872	0.0	0.0	2.819052422535074	0.0787195829184113	0.0	0.0	0.0	0.0	0.0	0.0	0.0069705890217829	0.0113572528027326	0.0	0.0	0.1089454991076945	0.0	0.0	0.0	0.0304162052574065	0.0	0.0	0.0	0.0	0.0	0.0	0.0	0.0	0.0	0.0	0.0	0.0	0.0	0.0	16.8175976125332	0.0	0.0	0.0	0.0	0.0189087242429975	0.075765094755443	0.0	0.0	0.0	0.0	0.0	0.0	0.0	0.0004306542068055	0.0	0.0
SRR10338804	0.0005805922621666	0.0	0.0	0.0	0.0	0.0079681282876662	0.0057458613531663	0.0	0.2995555766437343	0.011061283615416	0.0	1.649752912946497	0.0	0.1910048440414066	0.0	0.0	0.0	0.0	0.0	0.0	0.0	0.0464774116075809	0.0	0.0269474891336652	0.0	0.0	0.024975477484582	0.0	0.0936555380143284	0.0	0.0349056072099148	0.0	0.0373380885841647	0.0	0.0	0.0	0.0	36.06636129515719	0.0	0.0	0.0158862055182491	0.0	0.0	0.1296922991143265	0.0009309496617499	0.0	0.0	0.4047528884214787	0.0	0.0	0.0	0.0	0.0	0.0	0.0	0.0	0.0005505616279166	0.0	0.0	0.0	0.0	0.0	0.0	0.0	0.0	0.0	0.0	0.0314721046939983	0.0	0.0	0.0	0.0	0.0	0.0	0.0	0.9925925436537814	0.0	0.1791227230898239	0.0333340040174982	0.0	0.0	0.0	0.0	0.0	0.6676510708573816	0.0	0.0	0.0	0.0	0.0	0.0	0.0	1.785151032568323	0.0	0.0048949933827497	0.0150053069135825	0.0	0.0003703778224166	0.005906024735833	0.0	0.0846263273164955	0.0420929390070811	0.011902141374416	0.0370477924530813	0.0	0.0	0.0	0.0004604697251666	0.1937276215467398	0.0	0.0	0.0	0.0195099020510823	0.0409417646941645	0.0	0.0	0.0	0.0685899686269964	4.041602839056122	0.0078079649049995	0.0	0.0	0.0	0.0	0.0	0.0	0.0	0.6355683432669668	0.0	0.0	0.0	0.0	0.1761697107219074	0.0	0.0	0.0	0.0	0.0	1.513513935565671	0.0	0.0	0.0022723179915832	0.0	0.0912430770629118	0.0	0.0	0.0	0.0	0.0191895752857489	0.0	0.0	0.0	0.0021521954545832	0.9111794942020356	0.0	0.0	0.0536747536161637	0.0	0.0	0.0	0.0	0.0	0.0	0.0	0.0928647313124118	12.9555659728489	0.0	0.5883802066488025	0.0	0.0	0.0	0.0	0.0	0.0	0.0	0.0	0.0	0.0	0.0	0.0	0.0	0.0	0.0	0.0	0.0	0.0080281895561662	0.0	0.0	0.0	0.0	0.0	0.0	0.0	0.0	0.0	0.0	0.0	0.0	0.0	0.0	0.0	0.8767944179857873	0.0	0.0	0.0	0.0	0.017477829133499	0.0002302348625833	0.0	0.0	0.0	0.0	0.0	0.0	0.0	0.0	0.0	0.0	0.0	0.0	0.0	0.0	0.0052954018394163	0.0	0.0	0.0	0.0006806943763332	0.0	0.0	0.0	0.2449598835772371	0.0	0.0	0.0128731318818326	0.0	0.0	0.0	0.0	0.0	1.21797245370002	0.0	0.0	0.0	0.0	0.0	0.0	0.0	0.0	0.0	0.0	0.0	0.0034034718816664	0.214528840870572	0.0	0.0	0.0	0.0	0.0	0.0	0.609741997811968	0.0	0.0	0.0	0.0	0.0	0.0	0.0	0.1716651155844076	0.0	0.0	0.0	0.0	0.0	0.0	0.0	0.0	0.0	0.0	0.0	0.0	0.0389897734679146	2.938087142694263	0.0010210415644999	0.0	2.265060588306131	0.1299825952454098	0.0	0.0	0.0	0.0	0.0	0.0004604697251666	0.0271877342076652	0.0	0.0	0.0	7.172056214544457	0.0	0.0	0.0	0.0434843583939977	0.0	0.0	0.0	0.0	0.0	0.0	0.0	0.0	0.0	0.0	0.0	0.0186690442920823	0.0	0.0098400378225828	19.44083159230731	0.0	0.0	0.0	0.0	0.1672305919268245	0.0097199152855828	0.0	0.0	0.0	0.0	0.0	0.0	0.0	0.0	0.0	0.0
SRR10338805	0.0	0.0	0.0	0.0	0.0	0.0	0.0	0.0	0.0225799932260019	0.0	0.0	0.0	0.0	4.089428773171369	0.0	0.0	0.0	0.0	0.0	0.0	0.0	0.1320499603850119	0.0	0.0	0.0008799997359999	0.0	0.0	0.0	0.7867297639810706	0.1168199649540105	0.0155299953410014	0.0	0.0	0.0	0.0	0.0	0.0	20.88299373510187	0.0	0.0	0.0	0.0	0.0	1.242629627211112	0.0	0.0	0.0	0.2223599332920199	0.0	0.0	0.0	0.0	0.0	0.0	0.8723897382830785	0.0	0.0042699987190002	0.0	0.0	0.0	0.0	0.0	0.0	0.0	0.0	0.0	0.0	0.0	0.0	0.0	0.0	0.0	0.0	0.0	0.0	0.8316897504930748	0.0	0.0	0.0	0.0	0.0	0.0	0.0	0.0	0.1251799624460113	0.0	0.0	0.0	0.0	0.0	0.0	0.0	0.0094599971620007	0.0	0.0046299986110003	0.0	0.0	0.078969976309007	0.0	0.0	0.0	0.1175399647380106	0.0309599907120026	0.0064099980770004	0.0	0.0	0.0	0.0	0.3385498984350304	0.0	0.0	0.0	0.0068099979570005	1.809659457102164	0.0074299977710005	0.0	0.0	0.057019982894005	3.961288811613357	0.0	0.0	0.0	0.0	0.0	0.0	0.0	0.0	0.7063697880890635	0.0	0.0	0.0	0.0	0.0263499920950022	0.0039699988090002	0.0	0.0	0.0	0.0	0.0	0.0	0.0	0.0	0.0	0.034069989779003	0.0	0.0	0.1747799475660156	0.0	0.0	0.0	0.0208199937540018	0.0	0.0030399990880001	0.0	0.0	0.0	0.0	0.0	0.0	0.3624998912500326	0.0	0.0	0.0	0.0	0.0	4.735508579347425	0.0	0.5514798345560497	0.0	0.0	0.0	0.0058299982510004	0.0	0.0	0.0	0.0	0.0	0.1315599605320117	0.0	0.0	0.0	0.0	0.0	0.0	0.0	0.0	0.0	0.0	0.0	0.0	0.0	0.0037899988630002	0.0	0.0	0.0	0.0	0.0	0.0	0.0	0.0	0.0	1.486299554110134	0.0	0.0	0.0	0.0	0.0	0.0	0.0	0.0	0.0	0.0	0.0	0.0	0.0	0.0	0.0	0.0	0.0	0.0	0.0	0.0	0.0	0.0	0.0	0.0	0.0	0.0471199858640041	0.0	0.0	0.0034199989740002	0.0	0.0	3.298959010312297	0.0	0.0	0.0	0.0	0.0	4.4525786642264	0.0	0.0	0.0	0.0	0.0	0.0	0.0	0.0	0.0	0.0	0.0	5.290158412952476	37.25758882272336	0.0	0.0	0.0	0.0	0.0	0.0	0.0	0.0	0.0	0.0	0.0	0.0	0.0	0.0	0.0	0.0	0.0	0.0	0.0	0.0	0.0	0.0	0.0	0.0	0.0	0.0	0.0	0.0	3.083979074806277	0.0	0.0	0.7357497792750661	0.1985999404200177	0.0	0.0	0.0	0.0	0.0	0.0	0.0	0.0	0.0	0.0	0.0173299948010015	0.0	0.0	0.0	0.0067299979810005	0.0	0.0	0.0	0.0	0.0	0.0	0.0	0.0	0.0	0.0	0.0	0.0	0.0	0.0	0.7234797829560644	0.0	0.0	0.0	0.0	0.8636797408960775	0.0	0.0	0.0	0.0	0.0	0.0	0.0	0.0	0.0	0.0	0.0
SRR10338806	0.0	0.0	0.0	0.0	0.0	0.0	0.0	0.0	0.00495	0.0	0.0	0.51053	0.0	5.15354	0.0	0.0	0.0	0.0	0.0	0.0	0.0	0.0038399999999999	0.0	0.0	0.0	0.0	0.0	0.0	0.02362	0.07402	0.0	0.0	0.00186	0.0	0.0	0.0	0.0	20.96628	0.0	0.0	0.0	0.0	0.0	0.28154	0.32558	0.0	0.03682	0.07164	0.0	0.0	0.0	0.0	0.0	0.0	0.0	0.0	0.0	0.0	0.0	0.0	0.0	0.0	0.0	0.0	0.0	0.0	0.0	0.0	0.0	0.0	0.0	0.0	0.0	0.0	0.0	0.45741	0.0	0.0	0.05313	0.0	0.0	0.0	0.0	0.0	0.01077	0.0	0.0	0.0	0.0	0.0	0.0	0.27348	0.0	0.0	0.0	0.0	0.0	0.00899	0.0	0.0	0.0	1.244	0.0	0.01066	0.01157	0.0	0.0	0.0	0.1094	0.0	0.0	0.0	0.0255999999999999	0.0686	0.0	0.0	0.0	0.0	0.8449500000000001	0.0	0.0	0.0	0.0	0.0	0.0	0.0	0.0	0.02102	0.0	0.0	0.0	0.0	0.22018	0.0	0.0	0.0	0.0	0.0	0.55718	0.0	0.0	0.0	0.0	0.0	0.0	0.0	0.0	0.0	0.00174	0.0	0.0052	0.0	0.0	0.26387	0.0	0.0	0.0	0.0	0.0	0.0	0.0	0.0	0.0	0.0	0.02012	6.343939999999999	0.0	0.0	0.0	0.0	0.0	0.0	0.0	0.0	0.0	0.0	0.0	0.1193499999999999	0.0	0.0	0.0	0.0	0.0	0.0	0.0	0.0	0.0	0.0	0.0	0.0	0.0	0.0	0.0	0.0	0.0	0.0	0.0	0.0	0.0	0.0	0.0	0.08601	0.0	0.0	0.0	0.0	0.0	0.0	0.0	0.0	0.0	0.0	0.0	0.0	0.0	0.0	0.0	0.0	0.0	0.0	0.0	0.0	0.0	0.0	0.0	0.0	0.19321	0.0	0.0	0.0	0.00011	0.0	0.0	2.60492	0.0	0.0	0.0	0.0	0.0	0.00186	0.0	0.0	0.0	0.0	0.0	0.0	0.0	0.0	0.0	0.0	0.0	2.09376	13.46871	0.0	0.0	0.0	0.0	0.0	0.0	0.77712	0.0	0.0	0.0	0.0	0.0	0.0	0.0	0.02173	0.0	0.0	0.0	0.0	0.0	0.0	0.0	0.0	0.0	0.0	0.0	0.0	0.0	7.717849999999999	0.0	0.0	0.33907	0.02498	0.0	0.0	0.0	0.0	0.0	0.0	7.5332	0.03678	0.0	0.0	0.25836	0.0	0.0	0.0	0.16841	0.0	0.00146	0.0	0.0	0.0	0.0	0.0	0.0	0.0	0.0	0.0	0.0	2.07342	0.0	24.42444	0.0	0.0	0.0	0.0	0.0	0.04408	0.00514	0.0	0.0	0.0	0.0	0.0	0.0	0.0	0.0	0.0
SRR10338807	0.0	0.0	0.0	0.0	0.0	0.0	0.0	0.0	0.0585500058550005	0.0	0.0	3.302580330258033	0.0	8.453920845392085	0.0	0.0	0.0	0.0	0.0	0.0	0.0	0.001490000149	0.0	0.0	0.0	0.0	0.0333200033320003	0.0	0.1581200158120016	0.0	0.0121900012190001	0.0	0.0	0.0	0.0	0.0	0.0	26.56720265672027	0.0	0.0	1.754650175465017	0.0	0.0	0.4323100432310042	0.6376700637670063	0.0	0.0	0.0812500081250008	0.0	0.0	0.0	0.0	0.0	0.0	0.0	0.0	0.0	0.0	0.0	0.0	0.0	0.0	0.0	0.0	0.0	0.0	0.0	0.0	0.0	0.0	0.0	0.0	0.0	0.0	0.0	0.98926009892601	0.0	0.0	0.0143900014390001	0.0	0.0	0.0	0.0	0.0	0.004420000442	0.0	0.0	0.0	0.0	0.000530000053	0.0	0.0	0.7685300768530077	0.0	0.0	0.0	0.0	0.003060000306	0.0	0.0	0.0	3.856160385616039	0.0386700038670003	0.0487300048730004	0.0	0.0	0.0	0.0	0.1916500191650019	0.0	0.0	0.0	0.0	0.0358100035810003	0.0	0.0	0.0	0.0809400080940008	1.432420143242014	0.004210000421	0.0	0.0	0.0	0.0	0.0	0.0	0.0	0.4553200455320045	0.0	0.0	0.0	0.0	0.0722600072260007	0.0	0.0	0.0	0.0	0.0	1.133720113372011	0.0	0.0	0.0	0.0	0.002720000272	0.0	0.0	0.0	0.0	0.0127500012750001	0.0	0.0304100030410003	0.0	0.005950000595	0.3267400326740032	0.0	0.0	0.0	0.0	0.0	0.0	0.0	0.0	0.0	0.0	0.0621500062150006	1.114700111470011	0.0	0.0918300091830009	0.0	0.0	0.0	0.0	0.0	0.0	0.0	0.0	0.0	0.0	0.0	0.0	0.0	0.0	0.0	0.0	0.0	0.0	0.0	0.0	0.0	0.0	0.0	0.001490000149	0.0	0.0	0.0	0.0	0.0	0.0	0.0	0.0	0.0	0.8268200826820082	0.0	0.0	0.0	0.0	0.0	0.0	0.0	0.0	0.0	0.0	0.0	0.0	0.0	0.0	0.0	0.0	0.0	0.0	0.0	0.0	0.0	0.0	0.0	0.0	0.703110070311007	0.0	0.0	0.0	0.4402800440280044	0.0	0.0	3.193310319331032	0.0	0.0	0.0	0.0	0.0	0.0	0.0	0.0	0.0	0.0	0.0	0.0	0.0	0.0	0.0	0.0	0.0	0.0	22.33193223319322	0.0	0.0	0.0	0.0	0.0	0.0	0.006610000661	0.0	0.0	0.0	0.0	0.0	0.0	0.0	0.107500010750001	0.0	0.0	0.000650000065	0.0	0.0	0.0	0.0	0.0	0.0	0.0	0.0	0.000420000042	0.0	0.3392800339280034	0.00040000004	0.0	1.400170140017014	0.1257100125710012	0.0	0.0	0.0	0.0	0.0	0.0	0.0149800014980001	0.0	0.0	0.0	0.102060010206001	0.0	0.0	0.0	0.0388400038840003	0.0	1.227180122718012	0.0	0.0	0.0	0.0	0.0	0.0	0.0	0.0	0.0	0.0	0.0	0.0	13.29292132929213	0.0	0.0	0.0	0.0	0.3446100344610034	0.000350000035	0.0	0.0	0.0	0.0	3.230790323079032	0.0	0.0	0.0	0.0	0.0
SRR10338808	0.0	0.0	0.0	0.0	0.0	0.0	0.0	0.0	0.0330199966980003	0.0	0.0	2.136739786326021	0.0	33.79009662099034	0.0	0.0	0.0	0.0	0.0	0.0	0.0	0.0	0.0	0.0	0.0	0.0	0.0450799954920004	0.0	0.001159999884	0.000919999908	0.0571599942840005	0.0	0.0143299985670001	0.0	0.0	0.0	0.0	20.66849793315021	0.0	0.0	6.853969314603068	0.0	0.0293399970660002	0.0942799905720009	0.2895199710480028	0.0	0.0	0.0114699988530001	0.0	0.0	0.0	0.0	0.0	0.0	0.305919969408003	0.0	0.0	0.0	0.0	0.0	0.0	0.0	0.0	0.0	0.0	0.0	0.0	0.0	0.0	0.0	0.0	0.0	0.0	0.0	0.0	0.1578299842170015	0.0	0.0	0.0	0.0	0.0	0.0	0.0	0.2383399761660023	0.0	0.0	0.0	0.0	0.0	0.0	0.0	0.0	0.4863899513610048	0.0	0.007389999261	0.0119799988020001	0.0	0.0	0.0	0.0	0.0	1.434479856552014	0.0192399980760001	0.8328999167100082	0.0	0.0	0.0	0.0	0.3924599607540038	0.0	0.0	0.0	0.0385599961440003	0.007909999209	0.000459999954	0.0	0.0	0.0	0.1700699829930016	0.0	0.0	0.0	0.0	0.0	0.0	0.0	0.0	0.208049979195002	0.0	0.0	0.0	0.0	0.001389999861	0.0	0.0	0.0	0.0	0.0	0.001269999873	0.0	0.0	0.0	0.003429999657	0.0	0.0	0.0	0.0750299924970007	0.0	0.0130999986900001	0.0	0.0259999974000002	5.99999940000006e-05	0.000369999963	0.000969999903	0.0	0.0	0.0	0.0	0.0	0.0155199984480001	0.0	0.0	0.0	0.0	0.0905899909410009	0.0501399949860004	0.0	0.0534099946590005	0.0	0.0	0.0	0.0	0.0	0.0	0.0	0.0	0.0	0.5744699425530058	0.0	0.0	0.0	0.0	0.0	0.0	0.0	0.0	0.0	0.0	0.0	0.0	0.0	0.0	0.0	0.0	0.0	0.0	0.0117099988290001	0.0	0.006689999331	0.0	0.0	0.2439199756080024	0.0	0.0	0.0	0.0	0.0	0.0	0.0	0.0	0.0	0.0	0.0	0.0	0.0	0.0	0.0	0.0	0.0	0.0	0.0	0.0	0.0	0.0	0.0	0.0	0.2376099762390023	0.0	0.0	0.0	0.5464799453520053	0.0	0.0	0.9075299092470088	0.0	0.0	0.0	0.0	0.0	0.001429999857	0.0	0.0	0.0	0.0	0.0	0.0	0.0	0.0	0.0	0.0	0.0	1.623259837674016	6.922859307714068	0.0	0.0	0.0	0.0	0.0	0.0	0.0	0.0	0.0	0.0	0.0	0.0	0.0	0.0	0.1118099888190011	0.0	0.0	0.0	0.0	0.0	0.0	0.0	0.0	0.0	0.0	0.0	0.0	0.0	0.107639989236001	0.0	0.0	0.5513499448650055	1.165549883445012	0.0	0.0	0.0	0.0	0.0	0.0	0.0178799982120001	0.0	0.0	0.0	0.008719999128	0.0	0.0	0.0	0.0324499967550003	0.0	0.4428799557120043	0.0	0.0	0.0	0.0	0.0	0.0	0.0	0.0	0.0	0.0	0.0	0.0	17.61957823804217	0.0	0.0	0.0	0.0	0.0150599984940001	0.1822799817720018	0.0	0.0	0.0	0.0	0.0	0.0	0.0	0.0	0.0	0.0
SRR10338809	0.0	0.0	0.0	0.0	0.0	0.0	0.0	0.0	0.0063904920678891	0.0	0.0	0.0	0.0	9.062487811561487	0.0	0.0	0.0	0.0	0.0	0.0	0.0	0.0	0.0	0.0	0.0	0.0	0.0	0.0	0.0479336908941987	0.0298923017072314	0.0005200400430832	0.0	0.0	0.0	0.0	0.0	0.0	20.37896918062692	0.0	0.0	0.0	0.0	0.0	0.0284921938989301	0.1411908716971207	0.0	0.0	0.1000577044432421	0.0	0.0	0.0	0.0	0.0	0.0085306568605782	0.0	0.0	0.0	0.0	0.0	0.0	0.0	0.0	0.0	0.0	0.0	0.0	0.0	0.0	0.0	0.0	0.0	0.0	0.0	0.0	0.0	21.33538282447748	0.0	0.3620578784566412	0.0142210950243168	0.0	0.0	0.0	0.0	0.0	0.0895068920306862	0.0	0.0	0.0	0.0	0.0	0.0	0.0	0.1702131064091935	0.0	0.0	0.0009700746957514	0.0	0.0390230047713673	0.0	0.0	0.0	0.2165166717837273	0.0	0.0	0.0	0.0	0.0	0.0	0.012460959493881	0.0	0.0	0.0	0.0	0.0568543777870895	0.0	0.0	0.0	0.0089906922833057	3.858617113517741	0.0	0.0	0.0	0.0	0.0	0.0	0.0	0.0	0.157462124583593	0.0	0.0	0.0	0.0	0.0117509048196711	0.0	0.0	0.0	0.0	0.0	0.268280657610636	0.0	0.0	0.0	0.0	0.0167512898493184	0.0	0.0	0.0084306491599852	0.0	0.0090106938234244	0.0122609440926951	0.0367528299679075	0.0	0.0	0.2758712420856406	0.0	0.0	0.0	0.0	0.0	0.0	0.0	0.0	0.0	0.0	0.0057804450942721	3.853556723867737	0.0	0.4380737316773392	0.0	0.0	0.0	0.0	0.0	0.0	0.0	0.0	0.0	0.0361527837643498	0.0	0.0	0.0	0.0	0.0	0.0	0.0	0.0	0.0	0.0	0.0	0.0	0.0	0.0	0.0	0.0	0.0	0.0	0.0	0.0	0.0	0.0	0.0	0.1946149853538722	0.0	0.0	0.0	0.0	0.0	0.0	0.0	0.0	0.0	0.0	0.0	0.0	0.0	0.0	0.0	0.0	0.0	0.0	0.0	0.0	0.0	0.0	0.0	0.0	0.0	0.0038102933925912	0.0	0.0	0.0333525681477473	0.0	0.0	0.6382891482644164	0.0	0.0	0.0	0.0	0.0	0.0034902687506938	0.0	0.0	0.0	0.0	0.0	0.0	0.0	0.0	0.0	0.0	0.0	0.0121109325418057	11.5601101284799	0.0	0.0	0.0	0.0	0.0	0.0	0.0001600123209487	0.0	0.0	0.0	0.0	0.0	0.0	0.0	0.0382029416265051	0.0	0.0	0.0	0.0	0.0	0.0	0.0	0.0	0.0	0.0	0.0	0.0	0.0	3.371819630111519	0.0	0.0	4.02705008285638	0.0066405113193715	0.0	0.0	0.0	0.0	0.0	0.0	0.059994619585708	0.0	0.0274121107325264	0.0	0.0031402417986183	0.0	0.0	0.0	0.0067505197900237	0.0	2.516823795432249	0.0	0.0	0.0	0.0	0.0	0.0	0.0	0.0	0.0	0.0	0.006930533651091	0.0	16.37906118771145	0.0	0.0	0.0	0.0	0.0	0.0	0.0	0.0	0.0	0.0	0.0	0.0108208332041567	0.0	0.0	0.0	0.0
SRR10338810	0.0	0.0	0.0	0.0	0.0	0.0074300014860002	0.0	0.0	0.0328300065660013	0.0	0.0	0.0074700014940002	0.0	49.60371992074399	0.0043000008600001	0.0	0.0	0.0	0.0	0.0	0.0	0.0114000022800004	0.0	0.0	0.0	0.0	0.0055700011140002	0.0	0.0541900108380021	0.0	0.0715100143020028	0.0	0.0189100037820007	0.0	0.0	0.0	0.0	26.40590528118106	0.0	0.0	1.078880215776044	0.0	0.0	0.2035400407080082	1.00133020026604	0.0	0.0	0.0490600098120019	0.0	0.0	0.0	0.0	0.0	0.0	0.0	0.0	0.0	0.0	0.0	0.0	0.0	0.0	0.0	0.0	0.0	0.0	0.0	0.0	0.0	0.0	0.0	0.0	0.0098400019680003	0.0	0.0	0.223970044794009	0.0	0.0	0.0730300146060029	0.0	0.0	0.0	0.0	0.0147400029480005	0.0	0.0	0.0	0.0	0.0	0.0	0.0	0.0160200032040006	0.000610000122	0.0	0.0	0.001570000314	0.0	0.001070000214	0.0	0.000260000052	0.0	2.679290535858108	0.000470000094	0.0089300017860003	0.0	0.0	0.0	0.0	0.0776600155320031	0.0	0.0	0.0	0.0894900178980035	0.0	0.1169200233840046	0.0	0.0	0.000260000052	0.3905500781100157	0.0076100015220003	0.0	0.0	0.0	0.0	0.0	0.0	0.0	0.9037901807580364	0.0	0.0	0.0	0.0	0.2117300423460085	0.0	0.0	0.0	0.0	0.0	0.1649600329920066	0.0	0.0	0.0	0.0242200048440009	0.0	0.0	0.0	0.052420010484002	0.0	0.000460000092	0.0155400031080006	0.026130005226001	0.0	0.0	0.051420010284002	0.0	0.0	0.0	0.0	0.0	0.0	0.0	0.0	0.0	0.0	0.026370005274001	0.1615700323140065	0.1053000210600041	0.0986900197380039	0.0	0.0	0.0	0.0	0.0	0.0	0.0	0.0	0.0	0.3064400612880122	0.0	0.001310000262	0.0	0.0	0.0	0.0	0.0	0.0	0.0	0.0	0.0	0.0	0.0	0.0	0.0	0.0	0.0	0.0	0.0	0.000120000024	0.0	0.0	0.0	0.1886400377280076	0.0453700090740018	0.0690800138160027	0.0	0.0	0.0	0.0363500072700014	0.0	0.0	0.0	0.0	0.0	0.0	0.0	0.0	0.0	0.0	0.0	0.0	0.0	0.0	0.0	0.0	0.0	0.0	0.0726400145280029	0.0	0.0	0.0	0.3338900667780135	0.0	0.0	1.166730233346047	0.0	0.0	0.0	0.0	0.0	0.0083100016620003	0.0	0.0	0.0	0.0	0.0	0.0	0.0	0.0	0.0	0.0	0.0	1.25987025197405	4.22341084468217	0.0	0.0	0.0	0.0	0.0	0.0	0.000290000058	0.0	0.0	0.0	0.001290000258	0.0	0.0	0.0	0.226620045324009	0.0	0.0	0.0	0.0	0.0	0.0	0.0	0.0	0.0	0.0	0.0	0.0	0.0	0.4291200858240173	0.0	0.0	0.0481300096260019	0.1049600209920042	0.0	0.0	0.0	0.0	0.0	0.0	0.0300500060100012	0.002360000472	0.0	0.0	0.3199900639980129	0.0	0.0	0.0	0.0054100010820002	0.0	9.000001800000363e-05	0.0	0.0	0.0	0.0	0.0	0.0	0.0	0.0	0.0	0.0	0.0	0.0	7.008591401718278	0.0	0.0	0.0	0.0	0.0	0.0	0.0	0.0	0.0	0.0	0.0	0.0	0.0	0.0	0.0	0.0
SRR10338811	0.0	0.0	0.0	0.0	0.0	0.0	0.0088909833427577	0.0	0.303623580768033	0.0	0.0	5.061319781967886	0.0	10.25103376433434	0.0	0.0	0.0	0.0	0.0	0.0	0.0	0.0067307444203327	0.0	0.0	0.0	0.0	0.0689776289257591	0.0	0.1542970652554172	0.0149316514406493	0.1266840112516444	0.0	0.0	0.0	0.0	0.0	0.0	45.10597872124657	0.0	0.0	0.0006900763224412	0.0	0.0	0.2769506307397598	0.0	0.0	0.0	0.134384862965844	0.0	0.0	0.0	0.0	0.0	0.0	0.0	0.0	0.0	0.0	0.0	0.0	0.0	0.0	0.0	0.0	0.0	0.0	0.0	0.0	0.0	0.0	0.0	0.0	0.0	0.0	0.0	0.1182630798966365	0.0	0.0	0.2392564617646712	0.0	0.0	0.0	0.1063817658233	0.0	0.0	0.0	0.0	0.0	0.0	0.0	0.0	0.0	4.501767895529246	0.0	0.0	0.0	0.0	0.122223517921082	0.0	0.0	0.0	0.87257650696167	0.0108011946121241	0.0	0.0	0.0	0.0	0.0	0.1727491060511292	0.0	0.0	0.0	0.0577563878564969	0.4464293750888848	0.0	0.0	0.0	0.0	2.361941230700116	0.002820311926499	0.0	0.0	0.0	0.0	0.0	0.0	0.0	0.5024655726923397	0.0	0.1691487078470878	0.0	0.0	0.0483753503137447	0.0047805287264771	0.0	0.0	0.0	0.0	0.0048605375754558	0.0	0.0	0.0	0.0041704612530145	0.0	0.0	0.0	0.0486853846035371	0.0	0.1675985363981256	0.0	0.0	0.0016501825101856	0.003770417008121	0.0	0.0	0.0	0.0	0.0	0.0	0.0	0.0	0.0	0.0	0.0	0.0	0.1795598593204408	0.0	0.1082919770926664	0.0	0.0	0.0	0.0	0.0	0.0	0.0	0.0	0.0	0.0	0.0	0.0	0.0	0.0	0.0	0.0	0.0	0.0	0.0	0.0	0.0	0.0	0.0	0.0038904302815891	0.0	0.0	0.0	0.0	0.0059106537183012	0.0	0.0	0.0	0.0	0.0094710474978532	0.0	0.0	0.0	0.0	0.0	0.0	0.0	0.0	0.0	0.0	0.0	0.0	0.0	0.0	0.0	0.0	0.0	0.0	0.1601577134431068	0.0	0.0	0.0	0.0	0.0	0.5772838475935438	0.0	0.0	0.0	2.005561815136754	0.0	0.0	1.087920323987833	0.0	0.0	0.0	0.0	0.0	0.0050405574856579	0.0	0.0	0.0015101670244729	0.0	0.0	0.0	0.0	0.0	0.0	0.0	0.0	0.0	0.151086710190147	0.0	0.0	0.0	0.0	0.0	0.0020702289673237	0.0062406902203383	0.0	0.0	0.0	0.0	0.0	0.0	0.0	0.1338748065536048	0.0	0.0	0.0	0.0291832276649797	0.0	0.0	0.0	0.0	0.0	0.0	0.0	0.0	0.0	0.4155759627014748	0.0	0.0	0.4547802987010363	0.5967560012137343	0.0	0.0	0.0	0.0	0.0	0.0	0.0118113063304801	0.0101911271386615	0.0	0.0	0.169508747667492	0.0	0.0	0.0	0.0243026878772792	0.0	0.2734102391724525	0.0	0.0	0.0	0.0	0.0	0.0	0.0	0.0	0.0	0.0	0.0	0.0	20.33064856973181	0.0	0.0	0.0	0.0	0.0182720208855099	1.744722966360079	0.0	0.0	0.0	0.0	0.0	0.0	0.0	0.0	0.0	0.0
SRR10338812	0.0	0.6436500643650065	0.0	0.0	0.0	0.0	0.0	0.0	0.0670500067050006	0.0	0.0	0.0223700022370002	0.0	6.176730617673062	0.0	0.0	0.0	0.0	0.0	0.0	0.0	0.000580000058	0.0	0.0	0.0	0.0	0.0	0.0	0.0787200078720007	0.1398000139800014	0.0209900020990002	0.0	0.0	0.0	0.0	0.0	0.0	10.1053310105331	0.0	0.0	0.0	0.0	0.0	0.0259400025940002	0.0	0.0	0.0	0.102890010289001	0.0	0.0	0.0	0.0	0.0	0.0	0.0	0.0	0.0	0.0	0.0	0.0	0.0	0.0	0.0	0.0	0.0	0.0	0.0	0.0	0.0	0.0	0.0	0.0	0.0	0.0	0.0	0.2080700208070021	0.0	0.009750000975	0.005450000545	0.0	0.0	0.0	0.0	0.0	0.1629900162990016	0.0	0.0	0.0	0.0	0.0	0.0	0.0	0.0	0.0	0.0	0.0	0.0	0.0338400033840003	0.0	0.0	0.0	0.1233500123350012	0.0	0.0	0.0	0.0	0.0	0.0534000053400005	0.0313600031360003	0.0	0.0	0.0	0.0	0.006970000697	0.005130000513	0.0	0.0	0.004270000427	0.6513100651310065	0.00410000041	0.0	0.0	0.0	0.0	0.0	0.0	0.0	0.0410500041050004	0.0	0.0	0.0	0.0	0.009240000924	0.0	0.0	0.0	0.0	0.0	0.0952300095230009	0.0	0.0	0.0	0.000780000078	0.0	0.0	0.0	0.008650000865	0.0	0.002550000255	0.000250000025	0.0499700049970004	0.0	0.0	0.0804400080440008	0.0	0.0	0.0	0.0	0.0	0.0	0.0	0.0	0.0	0.0	0.004430000443	0.3192400319240032	0.0	0.2318300231830023	0.0	0.0	0.0	0.0	0.0	0.0	0.0	0.0	0.0	0.1132200113220011	0.0	0.0	0.0	0.0	0.0	0.0	0.0	0.0	0.0	0.0	0.0	0.0	0.0	0.0	0.0	0.0	0.0	0.0	0.0	0.0	0.0	0.002440000244	0.0	0.0	0.0	1.198180119818012	0.0	0.0	0.0	1.94127019412702	0.0	0.0	0.0	0.0	0.0	0.0	0.0	0.0	0.0	0.0	0.0	0.0	0.002290000229	0.0	0.0	0.0	0.0	0.0	1.590550159055016	0.0	0.0	0.0	11.33370113337012	0.0	0.0	1.322460132246013	0.0	0.0	0.0	0.0	0.0	0.3352000335200033	0.0273500027350002	0.0	0.0	0.0	0.0	0.0	0.0	0.0	0.0	0.0	0.0	0.0	2.02216020221602	0.0	0.0	0.0	0.0	0.0	0.0	0.6639400663940066	0.0	0.0	0.0	0.0	0.0	0.0	0.0	0.1630300163030016	0.0	0.0	0.0	0.0	0.0118400011840001	0.0	0.0	0.0	0.0	0.0	0.0	0.0	0.0	0.4163900416390041	0.0	0.0	0.0587800058780005	0.0750300075030007	0.0	0.0	0.0	0.001280000128	0.0	0.0	25.79292257929226	0.0	0.001260000126	0.0	0.7287800728780073	0.008710000871	0.0	0.0	0.001430000143	0.0	0.0	0.0	0.0	0.0	0.0	0.0	0.0	0.0	0.0	0.0	0.0	0.0	0.0	29.7361429736143	0.0	0.0	0.0	0.0	0.0	2.186840218684022	0.0	0.0	0.0	0.0	0.7371000737100074	0.0	0.0	0.0	0.0	0.0
SRR10338813	0.0	0.0	0.0	0.0	0.0	0.0030800018480011	0.0	0.0	0.0117200070320042	0.0047300028380017	0.0	0.0121100072660043	0.0	1.823211093926656	0.0	0.0	0.0	0.0	0.0	0.0	0.0	0.0020100012060007	0.0	0.0	0.0	0.0	0.0	0.0	0.8619205171523104	0.3609102165461299	0.0	0.0	0.0	0.0	0.0	0.0	0.0	5.268223160933897	0.0	0.0	0.0088600053160031	0.0	0.0	0.336160201696121	0.000130000078	0.0	0.0	0.1169800701880421	0.0	0.0	0.0	0.0	0.0	0.1708601025160615	0.1342800805680483	0.0	0.00025000015	0.0	0.0	0.0	0.0	0.0	0.0	0.0	0.0	0.0	0.0	0.0	0.0	0.0	0.0	0.0	0.0	0.0	0.0	1.838541103124662	0.0	0.0	0.0161700097020058	0.0	0.0	0.0	0.0	0.0	0.0874300524580314	0.0	0.0	0.0	0.0	0.0	0.0	0.0	0.0127200076320045	0.0	0.0	0.0	0.0	0.0265300159180095	0.0	0.0	0.0	0.011120006672004	0.0865200519120311	0.0	0.0319500191700115	0.0	0.0	0.0	0.066790040074024	0.0	0.0	0.0	0.0	0.0260400156240093	0.0	0.0	0.0	0.0415100249060149	9.89037593422556	0.0413200247920148	0.0	0.0	0.0	0.0	0.0	0.0	0.0	0.3928102356861414	0.0	0.0	0.0	0.0	0.1128100676860406	0.0040100024060014	0.0	0.0	0.0	0.0	9.431355658813397	0.0	0.0	0.0120700072420043	0.0	0.1204600722760433	0.0	0.0	0.1385400831240498	0.0	0.0	0.0	0.0	0.0	0.0	0.0	0.0	0.0	0.1380600828360497	0.0	0.0	0.0	0.0	0.0	0.0	0.0	0.1093400656040393	7.317564390538635	0.0	0.7197704318622592	0.0	0.0	0.0	0.0	0.0	0.0	0.0	0.0023800014280008	0.0	0.0	0.0	0.0008900005340002	0.0	0.0	0.0	0.0	0.0	0.0	0.0	0.0	0.0	0.0	0.0	0.0	0.0	0.0	0.0	0.0	0.0	0.0	0.0	0.0	0.0	0.0382800229680137	0.0	0.0356900214140128	0.0	0.0	0.0	0.0	0.0	0.0	0.0	0.0	0.0	0.0	0.0	0.0	0.0	0.0	0.0	0.0	0.0	0.0	0.0198400119040071	0.0	0.0	0.0	0.0013900008340005	0.0	0.0	0.0049900029940017	3.941232364739419	0.0	0.0	0.3600502160301296	0.0	0.0	0.0	0.0	0.0	0.0019600011760007	0.0	0.0	0.0	0.0	0.0	0.0	0.0	0.0	0.0	0.0	0.0	0.0	23.28297396978438	0.0	0.0	0.0	0.0	0.0	0.0	0.0041800025080015	0.0	0.0	0.0	0.0	0.0	0.0	0.0	0.0	0.0	0.0	0.0	0.0	0.0	0.0	0.000110000066	0.0	0.0	0.0	0.0	0.0	0.0023000013800008	2.198081318848792	0.0119200071520042	0.0	1.173400704040422	0.0	0.0	0.0	0.0	0.0	0.0	0.0	0.0059500035700021	0.0	0.0	0.0	0.1979401187640712	0.0	0.0	0.0	0.2125101275060765	0.0	0.2881201728721037	0.0	0.0	0.0	0.0	0.0	0.0	0.0	0.0	0.0	0.0	0.0	0.0014200008520005	21.91634314980589	0.0	0.0	0.0	0.0017200010320006	4.185342511205508	2.30458138274883	0.0	0.0	0.0	0.0	0.0171600102960061	0.0	0.0	0.0	0.0	0.0
SRR10338814	0.0	0.0	0.0	0.0	0.0	0.0	0.1189400356820107	0.0	1.935930580779174	0.0	0.0	0.0204800061440018	0.0	7.924252377275712	0.0	0.0	0.0006300001889999	0.0	0.0	0.0	0.0	8.000002400000722e-05	0.0	0.0	0.0	0.0	0.0	0.0	0.723490217047065	0.4990701497210449	0.0	0.0	0.0	0.0	0.0	0.0	0.0	20.28498608549583	0.0	0.0	0.4605301381590414	0.0	0.0	0.1984000595200178	0.5033501510050452	0.0	0.0	4.065761219728365	0.0	0.0	0.0	0.0	0.0	0.0	0.0	0.0	0.0	0.0	0.0	0.0	0.0	0.0	0.0	0.0	0.0	0.0	0.0	0.0	0.0	0.0	0.0	0.0	0.0	0.0	0.0	1.88653056595917	0.0	0.0	0.0	0.0	0.0	0.0	0.0	0.0072900021870005	0.3688901106670331	0.0	0.0	0.0	0.0	0.0	0.0	0.0	1.687020506106152	0.0	0.0	0.0	0.0	0.0319900095970027	0.0	0.0	0.0	0.1133700340110102	0.0020400006120001	0.0049000014700003	0.0	0.0	0.0	1.216150364845109	0.5330101599030479	0.0	0.0	0.0	0.0036300010890003	0.0215000064500019	0.0220800066240019	0.0	0.0	0.0553900166170048	4.902581470774441	0.2129700638910191	0.0	0.0	0.0	0.0	0.0	0.0	0.0	0.0546600163980048	0.0	0.0	0.0	0.0	0.2226400667920199	0.0044700013410003	0.0	0.0	0.0	0.0	0.9493602848080857	0.0	0.0	0.0	0.0	0.0	0.0	0.0	0.0565200169560051	0.0	0.0155300046590014	0.0	0.0783100234930069	0.0	0.0	0.0188600056580016	0.0	0.0	0.0	0.0	0.0	0.0	0.0	0.0	0.0	0.0	0.0	0.0098400029520007	0.0	1.030310309093093	0.0	0.0	0.0	0.0	0.0	0.0	0.0	0.0	0.0	0.022370006711002	0.0	0.0	0.0	0.0	0.0	0.0	0.0	0.0027300008190001	0.0	0.0	0.0	0.0	0.0	0.0	0.0	0.0	0.0	0.0	0.0	0.0	0.0	0.0011200003360001	0.0	0.1403800421140126	0.0	0.0	0.0	0.0	0.0	0.0	0.0	0.0	0.0	0.0	0.0	0.0	0.0	0.0	0.0	0.0	0.0	0.0	0.0040100012030002	0.0	0.0	0.0	0.0	0.0	0.2012100603630181	0.0	0.0	0.0	2.348910704673211	0.0	0.0	0.1974500592350177	0.0	0.0	0.0	0.0	0.0	2.709190812757244	0.0	0.0	0.0	0.0	0.0	0.0	0.0	0.0	0.0	0.0	0.0	0.0	19.19107575732273	0.0	0.0	0.0	0.0	0.0	0.0311800093540028	0.0323400097020029	0.0	0.0	0.0	0.0	0.0	0.0	0.0	0.0142000042600012	0.0	0.0	0.0	0.0	0.0	0.0	0.0	0.0	0.0	0.0	0.0	0.0	0.0150300045090013	6.611611983483594	0.0	0.0	0.5210801563240468	0.0014200004260001	0.0	0.0	0.0	0.0	0.0	0.0	0.001080000324	0.0019300005790001	0.0	0.0	2.400880720264216	0.0	0.0	0.0	0.0029600008880001	0.0	0.0	0.0	0.0	0.0	0.0	0.0	0.0	0.0	0.0	0.0	0.0	0.0	0.0	15.28406458521937	0.0	0.0	0.0	0.0	0.0154600046380013	0.0005200001559999	0.0020500006150001	0.0	0.0	0.0	0.0	0.0	0.0	0.0	0.0	0.0
SRR10338815	0.0	0.0	0.0	0.0	0.0	0.0065499980350005	0.0	0.0	1.751949474415158	0.0015999995200001	0.0	0.0011899996430001	0.0	0.1174699647590105	0.0	0.0	0.0	0.0	0.0	0.0243299927010021	0.0	0.0	0.0	0.0	0.0	0.0	0.0	0.0	0.299339910198027	0.0709299787210063	0.0	0.0	0.0	0.0	0.0	0.0	0.0	32.73258018022595	0.0	0.0	0.0147999955600013	0.0	0.0	1.068669679399096	0.0015499995350001	0.0	0.0	0.0369099889270033	0.0	0.0	0.0	0.0	0.0	0.0	0.0	0.0	0.0166399950080014	0.0	0.0	0.0	0.0	0.0	0.0	0.0	0.0	0.0	0.0	0.0	0.0	0.0	0.0	0.0	0.0	0.0	0.0	5.614348315695506	0.0	0.0	0.0	0.0	0.0	0.0	0.0810499756850072	0.0	0.0051299984610004	0.0	0.0	0.0	0.0	0.0	0.0	0.0	0.0180499945850016	0.0	0.0	0.0	0.0	0.0	0.0	0.0	0.0	0.011449996565001	0.1348799595360121	0.0280999915700025	0.0	0.0	0.0	2.720709183787245	0.4543098637070409	0.0	0.0	0.0	1.340219597934121	0.0	0.0	0.0	0.0	0.0	0.0169999949000015	0.0	0.0	0.0	0.0	0.0	0.0	0.0	0.0	1.363499590950123	0.0	0.0	0.0	0.0	0.0	0.0	0.0	0.0	0.0	0.0	0.000709999787	0.0	0.0	0.0024899992530002	0.0	0.0218599934420019	0.0	0.0	0.0094199971740008	0.0	0.4963398510980447	0.0	0.0	0.0	0.1171899648430105	0.0	0.0	0.0	0.0	0.0	0.0	2.832439150268255	0.4201698739490379	0.0	0.0	0.0	0.3943298817010356	19.30246420926074	0.0	0.0400899879730036	0.0	0.0	0.0	0.0	0.0	0.0013699995890001	0.0	0.0	0.0	0.0	0.0	0.0	0.0	0.0	0.0	0.0	0.0	0.0	0.0	0.0	0.0	0.0	0.0	0.0	0.0	0.0	0.0	0.0	0.0	0.0	0.0	0.0	0.0	4.195768741269378	0.0	0.6605298018410594	0.0	0.0	0.0	0.0	0.0	0.0	0.0	0.0	0.0	0.0	0.0	0.0	0.0	0.0	0.0	0.0	0.0	0.0	0.0	0.0	0.0	0.0	0.000629999811	0.0	0.0	0.0	0.0046999985900004	0.0	0.0	3.631058910682327	0.0	0.0	0.0	0.0	0.0	10.0214169935749	0.0	0.0	0.0	0.0	0.0	0.0	0.0	0.0	0.0	0.0	0.0	0.0105899968230009	0.1365999590200123	0.0652399804280058	0.0	0.0	0.0	0.0	0.0	0.0752099774370067	0.0	0.0	0.0	0.0	0.0	0.0	0.0	0.0	0.0	0.0	0.0	0.0	0.0	0.0	0.0	0.0	0.0	0.0	0.0	0.0	0.089879973036008	2.053509383947185	0.0081999975400007	0.0	0.0016699994990001	0.0	0.0	0.0	0.0	0.0	0.0	0.0078599976420007	0.0109699967090009	0.0	0.0	0.0	0.0071299978610006	0.0	0.0	0.0	0.0416299875110037	0.0	0.0	0.0	0.0028499991450002	0.0	0.0	0.0	0.0	0.0	0.0	0.0	0.0955399713380086	0.0	0.3747798875660338	1.167489649753104	0.0	0.0	0.0	0.0	5.741948277415517	0.0146099956170013	0.0	0.0	0.0	0.0	0.0	0.0	0.0	0.0	0.0080599975820007	0.0
SRR10338816	0.0	0.0	0.0	0.0	0.0	0.0003401894515055	0.0020311311369301	0.0	0.0112462630438891	0.0	0.0	2.613775611638121	0.0	23.38944558224475	0.0	0.0	0.0	0.0	0.0	0.0	0.0	0.0047626523210776	0.0	0.0101056278241352	0.0	0.0	0.0651362743912084	0.0	0.0981946846198648	0.0186603919722893	0.0527293649833592	0.0	0.0	0.0	0.0	0.0	0.0	2.840261741763989	0.0	0.0	2.038054992825505	0.0	0.0146481575589445	0.4310300406296266	0.5215204347301012	0.0	0.0	0.10771998926202	0.0	0.0	0.0	0.0	0.0	0.0	0.0227726821066652	0.0	0.0	0.0	0.0	0.0	0.0	0.0	0.0	0.0	0.0	0.0	0.0	0.0	0.0	0.0	0.0117965695095598	0.0	0.0	0.0	0.0	0.7595529950629506	0.0	0.0	0.0090750538975155	0.0	0.0055630980893259	0.0	0.0	0.0489872810167982	0.1261402475038348	0.0	0.0	0.0	0.0	0.0	0.0	0.0	13.93792202877783	0.0	0.0011106185034445	0.0197009714710122	0.0	0.0775832060874701	0.0	0.0	0.0	0.1881447778267717	0.0	0.2741326644808494	0.0	0.0	0.0	0.0	0.1292319692836941	0.0	0.0	0.0	0.0520990139408636	0.0059933376897594	0.0229627879766241	0.0	0.0	0.0022312425789922	0.3593901443714004	0.000200111442062	0.0	0.0	0.0	0.0	0.0	0.0	0.0	0.0442046175515144	0.0	0.0	0.0	0.0001200668652372	0.1245593671115444	0.0	0.0	0.0	0.00058032318198	0.0	0.146511592305755	0.0	0.0	0.0	0.0258143760260088	0.0010405794987228	0.0	0.0072340286305443	0.0829862150231463	0.0	0.031017273519623	0.0165592218306374	0.0	0.0	0.0	0.6761065237230615	0.0	0.0	0.0	0.0	0.0	0.0	0.0	0.0	0.0	0.0	0.0019610921322084	0.1527150470096796	0.0076642682309778	0.0052729364983359	0.0	0.0	0.0	0.0	0.0	0.0	0.0	0.0	0.0	0.3046396538232141	0.0	0.0133274220413348	0.0	0.0	0.0	0.0	0.0	0.0368405164836297	0.0	0.0	0.0	0.0	0.0041122901343758	0.0	0.0	0.0	0.0	0.0	0.0	0.0005903287540831	0.0	0.0	0.0	0.0317576858552527	0.0	0.0	0.0	0.0	0.0	0.0	0.3018380936343449	0.0	0.0	0.0	0.0	0.0	0.0	0.0	0.0	0.0	0.0	0.0	0.0	0.0	0.0	0.0	0.0	0.0	0.1044881894727173	0.0011506407918569	0.0	0.0	3.371887804318226	0.0	0.0	0.8172951516699649	0.0	0.0	0.0	0.0	0.0	0.257683503943346	0.0	0.0	0.0	0.0	0.0	0.0	0.0	0.0	0.0	0.0	0.0	0.0	1.173403468391548	0.0	0.0	0.0	0.0	0.0	0.0	0.010946095880796	0.0	0.0	0.0	0.0	0.0	0.0	0.0	0.0220622864873448	0.0	0.0	0.0	0.0	0.0	0.0	0.0	0.0	0.0	0.0	0.0	0.0	0.0	1.096950891951728	0.0002201225862682	0.0	0.3153456159735357	0.3122538941936766	0.0	0.0	0.0	0.0	0.0	0.0	0.0093852266327117	0.0	0.0232629551397173	0.0	0.0811852120445876	0.0226726263856341	0.0	0.0	0.0534397606026796	0.0	0.0	0.0	0.0	0.0	0.0	0.0	0.0	0.0	0.0	0.0	0.0	0.0	0.0	41.30205111226442	0.0	0.0	0.0	0.0	0.1341346996142151	0.5461341421037377	0.0	0.0	0.0	0.0	0.0	0.0	0.0426037260150177	0.0097354216563204	0.0	0.0
SRR10338817	0.0	0.0	0.0	0.0	0.0	0.0	0.0	0.0	0.0	0.0	0.0	0.0426700042670004	0.0	21.88026218802622	0.0	0.0	0.0	0.0	0.0	0.0	0.0	0.0	0.0	0.0	0.0	0.0	0.0123300012330001	0.0	0.0	0.0447400044740004	0.2284800228480023	0.0	0.0	0.0	0.0	0.0	0.0	34.15095341509534	0.0	0.0	0.0198600019860002	0.0	0.0	0.96433009643301	0.2165800216580022	0.0	0.0	0.0274700027470002	0.0	0.0	0.0	0.0	0.0	0.0	0.0	0.0	0.0	0.0	0.0	0.0	0.0	0.0	0.0	0.0	0.0	0.0	0.0	0.0	0.0	0.0	0.0	0.0	0.0	0.0	0.0	0.2026300202630021	0.0	0.0	0.0	0.0	0.0	0.0	0.0129500012950001	0.0	0.000420000042	0.0	0.0	0.0	0.0	0.0	0.0	0.0	0.0876600087660009	0.0	0.0	0.0359400035940003	0.0	0.0	0.0	0.0	0.0	4.442470444247046	0.0257300025730002	0.411610041161004	0.0	0.0	0.0	0.0	0.7544800754480078	0.0	0.0	0.0	0.0	0.0222400022240002	0.0	0.0	0.0	0.0	0.5419600541960055	0.001170000117	0.0	0.0	0.0	0.0	0.0	0.0	0.0	2.506560250656026	0.0	0.0	0.0	0.0	0.005080000508	0.0	0.0	0.0	0.0	0.0	0.0186300018630001	0.0	0.0	0.0	0.0145600014560001	0.0	0.0	0.0	0.0	0.0	0.0643000064300006	0.0	0.0244700024470001	0.0	0.0	1.916540191654019	0.0	0.0	0.0	0.0	0.0	0.0	0.0	0.0	0.0	0.0	0.2151400215140022	0.1320000132000013	0.0	0.0246500024650002	0.0	0.0	0.0	0.0	0.0	0.0	0.0	0.0	0.0	0.1896900189690019	0.0	0.001160000116	0.0	0.0	0.0	0.0	0.0	0.0	0.0	0.0	0.0	0.0192000019200001	0.0	0.0	0.0	0.0	0.0	0.0	0.588650058865006	4.000000400000041e-05	0.0	0.002870000287	0.0	1.069080106908011	0.0	0.0	0.0	0.0	0.00210000021	0.0	0.0	0.0	0.0	0.0	0.0	0.0	0.0	0.0	0.0	0.0	0.0	0.0	0.0	0.0	0.0	0.0	0.0	0.0	0.002470000247	0.0	0.0	0.0	0.0250000025000002	0.0	0.0	0.7762800776280079	0.0	0.0	0.0	0.0	0.0	0.6063500606350061	0.0	0.0	0.0	0.0	0.0	0.0	0.0	0.0	0.0	0.0	0.0	0.0168000016800001	16.53268165326817	0.0	0.0	0.0	0.0	0.0	0.0	0.0433400043340004	0.0	0.0	0.0	0.0	0.0	0.0	0.0	0.583380058338006	0.0	0.0	0.0	0.0	0.0	0.0	0.0	0.0	0.0	0.0	0.0	0.0	0.0	0.3418100341810035	0.0	0.0	1.076860107686011	1.693890169389017	0.0	0.0	0.0	0.0	0.0	0.0	0.1087700108770011	0.0111300011130001	0.0	0.0	0.5186900518690052	0.0	0.0	0.0	0.0262700026270002	0.0	0.005140000514	0.0	0.0	0.0	0.0	0.0	0.0	0.0	0.0	0.0	0.0	0.0	0.006380000638	6.685220668522065	0.0	0.0	0.0	0.0	0.0	0.007980000798	0.0	0.0	0.0	0.0	0.0099000009900001	0.0	0.0	0.0	0.0	0.0
SRR10338818	0.0	0.0	0.0	0.0	0.0	0.0	0.0	0.0	0.0082399991759999	0.0	0.0	0.0639799936020005	0.0	16.90707830929217	0.0	0.0	0.0	0.0	0.0	0.0	0.0	0.0	0.0	0.0	0.0	0.0	0.0	0.0	0.0164199983580001	0.0	0.100789989921001	0.0	0.0	0.0	0.0	0.0	0.0	39.14875608512439	0.0	0.0	0.0	0.0	0.0	0.0077099992289999	0.0	0.0	0.0	0.1420099857990014	0.0	0.0	0.0	0.0	0.0	0.0	0.0	0.0	0.0	0.0	0.0	0.0	0.0	0.0	0.0	0.0	0.0	0.0	0.0	0.0	0.0	0.0	0.0	0.0	0.0	0.0	0.0	2.880249711975029	0.0	0.0	0.0	0.0	0.0	0.0	0.0	0.0	0.0136999986300001	0.0	0.0	0.0	0.0	0.0	0.0	0.0	2.03461979653802	0.0	0.0	0.0320399967960002	0.0	0.0166299983370001	0.0	0.0	0.0	5.665439433456057	0.2137799786220021	0.0557399944260004	0.0	0.0	0.0	0.0	0.6170199382980062	0.0	0.0	0.0	0.0455699954430004	0.0706199929380006	0.0068899993109999	0.0	0.0	0.0	9.016489098351087	0.0	0.0	0.0	0.0	0.0	0.0	0.0	0.0	3.893979610602039	0.0	0.0	0.0	0.0	0.0	0.0	0.0	0.0	0.0	0.0	0.004629999537	0.0	0.0	0.0	0.0	0.0	0.0	0.0	0.0193199980680001	0.0	0.0415699958430003	0.0	0.1616199838380016	0.0	0.0	0.0	0.0	0.0	0.0	0.0	0.0	0.0	0.0	0.0	0.0	0.0	0.2769399723060028	0.0127799987220001	0.0	0.6160399383960063	0.0	0.0	0.0	0.0	0.0	0.0	0.0	0.0	0.0	0.4514499548550045	0.0	0.0	0.0	0.0	0.0	0.0	0.0	0.0	0.0	0.0	0.0	0.0	0.0	0.0	0.0	0.0	0.0	0.0	0.0369499963050002	0.0	0.0	0.0	0.0	0.3238799676120032	0.0	0.008809999119	0.0	0.0	0.0	0.0	0.0	0.0	0.0	0.0	0.0	0.0	0.0	0.0	0.0	0.0	0.0	0.0	0.0	0.0	0.0	0.0	0.0	0.0	1.146819885318011	0.0	0.0	0.0	0.4442099555790045	0.0	0.0	3.179449682055032	0.0	0.0	0.0	0.0	0.0	0.0	0.0	0.0	0.0	0.0	0.0	0.0	0.0	0.0	0.0	0.0	0.0	0.0032299996769999	9.539699046030096	0.0	0.0	0.0	0.0	0.0	0.0	0.0	0.0	0.0	0.0	0.0	0.0	0.0	0.0	0.0	0.0	0.0	0.0	0.0	0.0	0.0	0.0	0.0	0.0	0.0	0.0	0.0	0.0	0.4318999568100044	0.0	0.0	0.0135699986430001	0.4668799533120047	0.0	0.0	0.0	0.0	0.0	0.0	0.0003399999659999	0.0	0.0	0.0	0.0	0.0	0.0	0.0	0.0059099994089999	0.0	0.000289999971	0.0	0.0	0.0	0.0	0.0	0.0	0.0	0.0	0.0	0.0	0.0	0.0308499969150002	1.639939836006015	0.0	0.0	0.0	0.0	0.1743699825630017	0.0107999989200001	0.0	0.0	0.0	0.0	0.0	0.0	0.0	0.0	0.0	0.0
SRR10338819	0.0	0.0	0.0	0.0	0.0	0.0	0.0	0.0	0.0716200143240027	0.0	0.0	0.001580000316	0.0	13.57915271583055	0.0	0.0	0.002110000422	0.0	0.0	0.0	0.0	0.0	0.0	0.0	0.0	0.0	0.0	0.0	0.0375300075060014	0.0	0.0179500035900007	0.0	0.0	0.0	0.0	0.0	0.0	9.142041828408368	0.0	0.0	2.408920481784096	0.0	0.0	0.2069100413820083	0.4234100846820169	0.0	0.0	2.00355040071008	0.0	0.0	0.0	0.0	0.0	0.0	0.000180000036	0.0	0.0	0.0	0.0	0.0	0.0	0.0	0.0	0.0	0.0	0.0	0.0	0.0	0.0	0.0	0.0	0.0	0.0	0.0	0.0	1.26470025294005	0.0	0.0	0.0025700005140001	0.0	0.0	0.0	7.000001400000278e-05	0.0004700000939999	0.0435700087140016	0.0	0.0	0.0	0.0	0.0	0.0	0.0	2.801730560346111	0.0	0.0	0.0	0.0	0.0357200071440014	0.0	0.0	0.0	1.627200325440065	0.0179100035820007	0.0246600049320008	0.0	0.0	0.0	0.0119900023980004	0.1830500366100073	0.0	0.0	0.0	0.2349000469800094	0.0160000032000006	0.0022900004579999	0.0	0.0	0.0	1.642000328400065	0.0210000042000008	0.0	0.0	0.0	0.0	0.0	0.0	0.0	0.1554300310860062	0.0	0.0	0.0	0.0	0.0563800112760021	0.002260000452	0.0	0.0494200098840018	0.0	0.0	0.0	0.0	0.0	0.0	0.0128200025640005	0.0207800041560008	0.0	0.0	0.077930015586003	0.0	0.0139100027820005	0.0	0.0306800061360011	0.0	0.0	0.5666401133280227	0.0	0.0	0.0	0.0	0.0	0.0066800013360002	0.0	0.0	0.0	0.0	0.052800010560002	0.2135600427120085	0.0151100030220006	0.1544800308960062	0.0	0.0	0.0	0.0	0.0	0.0	0.0	0.0	0.0	0.0981500196300038	0.0	0.0	0.0	0.0	0.0	0.0	0.0	0.0	0.0	0.0	0.0	0.0	0.0	0.0	0.0	0.0	0.0	0.0	0.0	0.0	0.0	0.0	0.0	0.3406200681240135	0.0	0.0	0.0	0.0	0.0	0.0	0.0	0.0	0.0	0.0	0.0	0.0	0.0	0.0	0.0	0.0	0.0	0.0	0.0	0.0	0.0063600012720001	0.0	0.0	0.0	0.74990014998003	0.0	0.0	0.0	0.1587600317520063	0.0	0.0	2.987150597430119	0.0	0.0	0.0	0.0	0.0	0.7464301492860298	0.0	0.0	0.0	0.0	0.0	0.0	0.0	0.0	0.0	0.0	0.0	0.0099900019980003	9.165061833012366	0.0	0.0	0.0	0.0	0.0	0.0096400019280002	16.86851337370267	0.0	0.0	0.0	0.0	0.0	0.0	0.0	0.2562400512480102	0.0	0.0	0.0	0.0	0.0	0.0	0.0	0.0	0.0	0.0	0.0	0.0	0.0	0.879470175894035	0.0	0.0	0.8164401632880326	0.2525500505100101	0.0	0.0	0.0	0.0	0.0	0.0	0.0149700029940006	0.0	0.0	0.0	0.0343700068740013	0.0	0.0	0.0	0.1465700293140058	0.0	0.0	0.0	0.0	0.0	0.0	0.0	0.0	0.0	0.0	0.0	0.0	0.0	0.0	26.73581534716307	0.0	0.0	0.0	0.0	0.1887000377400075	2.271790454358091	0.0050300010060002	0.0	0.0038100007620001	0.0	0.0	0.0	0.0	0.0	0.0	0.0
SRR13327423	0.00095	0.0	0.0	0.0	0.00374	0.01977	0.0	0.0	0.0	0.0	0.0	0.02258	0.0	0.0	0.0	0.0	0.0	0.0	0.0	0.25098	0.0	1.22396	0.0	0.0	0.0	0.0	0.0	0.0	4.36506	0.00786	0.0007	0.0	0.0	0.01515	0.0	0.0	0.0	9.74889	0.0	0.0	0.0	0.0	0.0	15.24711	0.15301	0.05609	0.0	8.00882	0.0	0.0	0.0	0.0	0.0	0.17451	0.0	0.0	0.0	0.0	0.0	0.0	0.0	0.00101	0.0	0.0	0.0	0.0	0.0	0.0	0.0	0.0	0.0	0.0	7e-05	0.0	0.0	0.41968	0.0	0.0	0.0	0.0	0.0	0.0	0.01398	0.0	0.0	0.00358	0.0	0.0	0.0	0.0	0.0	0.0	0.71314	0.0	0.0	0.0	0.0	1.67992	0.0	0.0	0.0	0.0	0.75144	0.02851	0.0	0.0	0.0	0.0	0.45264	0.0582	0.0	0.0	0.19287	1.62211	0.0	0.0	0.0	0.0	10.91165	0.12185	0.0	1.29921	0.0	0.0	0.0	0.0	0.0	0.47954	0.0	0.0	0.0	0.0	3.84779	0.0	0.0	0.0	0.0	0.02908	5.28	0.0	0.03788	0.013	0.0	0.00165	0.0	0.0	0.0	0.0	0.03223	0.0	0.0	0.0	0.07484	0.02437	0.0	0.0	0.0	0.0	0.0	0.07175	0.0	0.0	0.0	0.0	0.21342	3.7356	0.0	1.82071	0.0	0.0	0.0	0.05736	0.00186	0.0	0.0	0.0	0.0	0.0	0.0	0.0	0.0	0.0	0.0	0.0	0.0	0.0	0.0	0.0	0.0	0.0	0.0	0.0	0.0	0.0	0.0	0.0	0.0	0.0	0.0	0.0	0.0	8.10959	0.0	0.0	0.0	0.0	0.0	0.50151	0.0	0.0	0.0	0.0	0.0	0.0	0.0	0.0	0.0	0.0	0.0	0.0	0.0	0.0	0.0	0.0	0.0	0.0	0.0	0.0	0.00101	0.0	0.07793	0.0	0.0	0.0	0.0	0.0	0.0	0.0	0.0	0.0	0.0	0.0	0.0	0.0	0.0	0.0	0.0	0.0	0.0	0.0	0.00067	0.0	3.96354	0.0	0.0	0.0	0.0	0.0	0.0	0.0	0.0	0.0	0.0	0.0	0.0	0.0	0.0	0.0	0.0	0.0	0.0	0.0	0.0	0.0	0.0	0.0	0.0	0.0	0.0	0.0	0.11032	7.96406	6e-05	0.0	0.00012	0.15086	0.0	0.0	0.0	0.0	0.0	0.01559	0.0	0.0	0.0	0.0	0.0	0.0	0.00072	0.0	2.08732	0.0	0.0	0.0	0.0	0.0	0.44144	0.0	0.0	0.0	0.0	0.0	0.00073	0.0	0.08177	3.0722	0.0	0.0	0.0	0.0	0.0012	0.0	0.0	0.02189	0.0	0.0	0.0	0.0	0.0	0.0	0.0	0.10733
SRR13327424	0.00494	0.0	0.0	0.0	0.0	0.01247	0.0	0.0	0.0	0.0	0.0	0.50197	0.0	0.49279	0.0	0.0	0.0	0.0	0.0	0.0	0.0	0.0	0.0	0.0	0.00033	0.0	0.07298	0.0	9.33154	0.01313	0.0086	0.0	0.0	0.0	0.0	0.0	0.0	3.55144	0.0	0.0	0.0	0.0	0.00407	6.95288	0.05272	0.01651	0.0	15.71532	0.0	0.0	0.0	0.0	0.0	0.01174	0.0	0.0	0.0	0.0	0.0	0.0	0.0	0.0	0.0	0.0	0.0	0.0	0.0	0.0	0.0	0.0	0.0	0.0	0.0	0.0	0.0	0.53179	0.0	0.0	1.13658	0.0	0.0	0.0	0.0001	0.0	0.0	0.00112	0.0	0.0	0.013	0.0	0.0	0.0	0.37898	0.0	0.0	0.0	0.0	0.46103	0.0	0.0	0.0	0.33198	0.89661	0.21145	0.0	0.0	0.0	0.0	0.25467	0.00158	0.0	0.0	0.01658	0.16698	0.0	0.0	0.0	0.3508	9.39923	0.02187	0.0	0.0	0.0	0.0	0.0	0.0	0.0	0.32103	0.0	0.0	0.0	0.0	6.34055	0.0	0.0	0.0	0.0	0.00222	0.0	0.0	0.02105	0.00964	0.02835	0.0	0.0	0.0	0.03613	0.0	0.01089	0.04324	0.00897	0.0	0.01035	0.08376	0.0	0.0	0.0	0.0	0.0	0.0	0.0	0.0	0.0	0.0	0.2507	4.93223	0.0	0.0	0.0	0.0	0.0	0.14234	0.02662	0.0	0.0	0.0	0.0	0.09528	0.0	0.03647	0.0	0.0	0.0	0.0	0.0	0.0	0.0	0.0	0.0	0.0	0.0	0.01648	0.0	0.0	0.0	0.0	0.0	0.00841	0.14046	0.0	0.0	1.25843	0.0	0.0	0.0	0.0	0.0963	0.0	0.0	0.0	0.0	0.0	0.0	0.0	0.0	0.0	0.0	0.0	0.0	0.02196	0.0	0.0	0.0	0.0	0.0	0.0	0.0	0.0	0.0	0.0	0.03076	0.0	0.0	0.23873	0.0	0.0	0.02369	0.0	0.0	0.0	0.0	0.0	0.0	0.0	0.0	0.0	0.0	0.0	0.0	0.0	0.0	0.0	1.57842	0.0	0.0	0.0	0.0	0.0	0.0	0.0	0.0	0.0	0.0	0.00041	0.0	0.0	0.0	0.00416	0.0	0.0	0.0	0.0	0.0	0.0	0.0	0.0	0.0	0.0	0.0	0.0	0.02598	4.30342	0.00236	0.0	17.94476	0.43231	0.0	0.0	0.0	0.0	0.0	0.01165	0.0	0.51952	0.0	0.0	0.0	0.0	0.0	0.0	0.24119	0.0	0.0	0.0	0.0	0.0	0.03737	0.0	0.0	0.0	0.0	0.0	0.0	0.0	0.0	7.81653	0.0	0.0	0.0	0.0	1.86635	0.0	0.0	0.0	0.03157	0.0	0.0	0.0	0.0	0.0	0.0	0.03122
SRR13327425	0.00101	0.0	0.0	0.0	0.0	0.06007	0.39936	0.0	1.11057	0.0	0.0	0.70605	0.0	0.02753	0.0	0.0	0.0	0.0	0.0	0.0	0.0	1.65496	0.0	0.0	0.07393	0.0	0.0178	0.0	5.60549	0.0	0.03715	0.0	0.0	0.0	0.0	0.0	0.0	0.0782	0.0	0.0	0.0	0.0	0.03542	28.42643	0.02603	0.03937	0.0	18.89514	0.0	0.0	0.0	0.0	0.0	2e-05	0.00978	0.0	0.0	0.0	0.0	0.0	0.0	0.00051	0.0	0.0	0.0	0.00016	0.0	0.0	0.0	0.0	0.09446	0.0	0.0	0.0	0.0	0.39629	0.0	0.0	0.0	0.0	0.0	0.00354	0.0	0.0	0.0	0.00449	0.0	0.0	0.0	0.0	0.0	0.02627	0.0	0.0	0.0	0.0	0.00054	0.69045	0.0	0.0	0.0	0.06432	0.63638	0.15596	0.0	0.05012	0.0	0.0	0.05569	0.0	0.0	0.0	0.0	1.64807	0.0	0.0014	0.0	0.0	1.30356	0.3339	0.0	0.0	0.0	0.0	0.0	0.0	0.0	0.04091	0.0	0.0	0.0	0.0	0.22569	0.0	0.0	0.0	0.0011	0.0046	0.56312	0.0	0.17171	0.00893	0.02745	0.0	0.0	0.0	0.0502	0.0	0.01339	0.18616	0.00091	0.0	0.37359	0.03204	0.0	0.0	0.0	0.0	0.0	0.0	0.0	0.0	0.0	0.0	0.59532	0.0	0.0	0.0	0.0	0.0	0.0	0.0	0.014	0.0	0.0	0.00333	0.0002	0.00649	0.0	0.09685	0.0	0.0	0.0	0.0	0.0	0.0	0.0	0.0	0.0	0.42129	6e-05	0.0	0.0	0.0	0.0	0.0	0.0	0.01156	0.59423	0.0	0.0	0.70679	0.0	0.0	0.0	0.0	0.21856	0.0	0.0	0.0	0.0	0.0	0.0	0.00495	0.0	0.0	0.0	0.0	0.0	0.0976	0.0	0.0	0.0	0.0023	0.0	0.0	0.0014	0.0	0.00023	0.0	0.03101	0.0	0.0	0.03933	0.0	0.0	0.0	0.0	0.0	0.0	0.0	0.0	0.00015	0.0	0.0	0.0	0.0	0.0	0.0	0.0	0.0	0.32562	0.04323	0.0	0.0	0.0	0.0	0.0	0.0	0.0	0.0	0.0	0.0	0.0	0.0	0.0	0.0	0.05231	0.0	0.0	4.80034	0.0	0.0	0.0	0.0	0.0	0.19381	0.0	0.0	0.0	0.04886	0.35437	0.00059	0.0	2.82672	0.40625	0.0	0.0	0.0	0.0	0.0	0.02578	0.0	1.91191	0.0	0.0	0.0	0.0	0.0	0.0	1.06093	0.0	0.0	0.0	0.0	0.0	1.09019	0.0	0.0	0.0	0.0	0.0	0.02339	0.0	3.44213	13.93886	0.0	0.0	0.0	0.0	0.0	2.03837	0.0	0.02803	0.1304	0.0	0.0	0.0	0.0	0.0	0.0	0.04204
SRR13327426	0.0	0.11144	0.0	0.0	0.0	0.00479	0.18455	0.0	0.67968	0.0	0.0	0.04029	0.0	0.11218	0.0	0.0	0.0	0.0	0.0	0.0	0.0	1.27478	0.0	0.0	0.0	0.0	0.00479	0.0	0.84514	0.04702	0.00168	0.0	0.0	0.00047	0.0	0.0	0.0	0.19147	0.0	0.0	0.0	0.0	0.03068	8.66007	0.0	0.00511	0.0	9.57838	0.0	0.0	0.0	0.0	0.0	0.0	0.0	0.0	0.0	0.0	6.40349	0.0	0.0	0.0	0.0	0.0	0.0	0.0	0.0	0.0	0.0	0.0	0.00721	0.0	0.0	0.0	0.0	1.48807	0.0	0.02672	0.14163	0.0	0.0	0.0	0.0	0.0	4.29509	0.0	0.0	0.0	0.0044	0.0	0.0	0.0	0.29439	0.0	0.0	0.003	0.0	2.70631	0.0	0.0	0.0	0.09864	0.0123	0.02092	0.0	0.01222	0.0	0.0	0.3813	0.0	0.0	0.0	0.02227	0.96407	0.66617	0.00166	0.0	0.17157	17.2658	1.50854	0.0	0.0	0.0	0.0	0.0	0.0	0.0	0.02944	0.0	0.0	0.0	0.0	2.74326	0.0	0.0	0.0	0.00027	0.00531	0.36987	0.0	0.02392	0.00175	0.00577	0.0	0.0	0.0	0.02909	0.0	0.05507	0.00361	0.01231	0.0	0.05729	0.0	0.0	0.0	0.16036	0.0	0.0	0.00726	0.0	0.0	0.0	0.0	0.04739	1.68575	0.0	0.28767	0.0	0.0	0.0	0.00033	0.00704	0.0	0.0	0.0	0.0	0.02656	0.0	0.0123	0.0	0.0	0.0	0.0	0.0	0.0	0.0	0.0	0.0	0.00081	0.0036	0.0	0.0	0.0	0.0	0.0	0.0	0.0	0.00145	0.0	0.0	0.59578	0.0	0.0	0.0	0.00019	0.0	0.00929	0.0	0.0	0.0	0.0	0.0	0.0	0.0	0.0	0.0	0.0	0.0	0.0	0.0	0.0	0.0	0.0	0.0	0.0	0.0	0.0	0.0	0.0	1.0325	0.0	0.0	0.07104	0.0	0.0	0.0	0.0	0.0	0.01939	0.0	0.0	0.0	0.0	0.0	0.0	0.0	0.0	0.15154	0.0	0.0	0.29596	0.55274	0.0	0.0	0.0	0.0	0.0	0.0	0.0	0.0	0.0	0.0	0.00056	0.0	0.0	0.0	0.00482	0.0	0.0	5.79942	0.0	0.0	0.0	0.0	0.0	0.0	0.0	0.0	0.0	0.21489	3.26737	0.00294	0.0	3.23868	0.02092	0.0	0.0	0.0	0.0	0.0	0.00717	0.0	0.44791	0.0	0.0	0.08911	0.00092	0.0	0.0	1.69676	0.0	0.06486	0.0	0.0	0.0	0.05966	0.0	0.0	0.0	0.0	0.0	0.0	0.0	0.0	17.49129	0.0	0.0	0.0	0.0	0.00127	0.92372	0.0	0.08249	0.00843	0.00264	0.0	0.0	0.0	0.0	0.0	0.0
SRR13327427	0.00182	0.53012	0.0	0.0	0.0136	0.03331	0.0551	0.0	1.15893	0.0	0.0	0.64859	0.0	1.52889	0.0	0.0	0.0	0.0	0.0	0.0	0.0	1.94438	0.0	0.0	0.01267	0.0	0.08477	0.0	0.55472	0.0	0.01055	0.0	0.0	0.00363	0.0	0.0	0.0	0.53058	0.0	0.0	0.0	0.0	0.00063	23.52771	0.02478	0.00951	0.0	12.5893	0.0	0.0	0.0	0.0	0.0	0.00039	0.01444	0.0	0.0	0.0	0.81976	0.0	0.0	0.0	0.0	0.0	0.0	0.0	0.00022	0.0	0.0	0.0	0.0315	0.0	0.0	0.0	0.0	0.94001	0.0	0.0	2.91455	0.0	0.0	0.0	0.0	0.0	0.0	0.00781	0.0	0.0	0.00609	0.0	0.0	0.055	0.0	0.0	0.0	0.0	0.0	1.40568	0.0	0.0	0.0	0.25757	0.22004	0.06834	0.0	0.0	0.0	0.0	0.03624	0.0037	0.0	0.0	0.24455	0.56927	0.0	0.0	0.0	0.19739	1.02072	0.01158	0.0	0.0	0.0	0.0	0.0	0.0	0.0	0.12435	0.0	0.18707	0.0	0.0	3.43081	0.0	0.0	0.0	0.0	0.0096	1.72283	0.0	0.08285	0.00406	0.03216	0.0	0.0	0.0	0.011	0.0	0.00273	0.04281	0.0	0.00271	0.07093	0.11315	0.0	0.0	0.06287	0.0	0.0	0.0	0.0	0.0	0.0	0.0	0.16667	1.61549	0.01538	0.0759	0.0	0.0	0.0	0.0	0.05421	0.0	0.0	0.0	0.0	0.02297	0.0	0.21592	0.0	0.0	0.0	0.0	0.0	0.0	0.0	0.0	0.0	0.0407	0.00266	0.00047	0.0	0.0	0.0	0.0	0.0	0.0	0.00993	0.02481	0.0	0.39558	0.0	0.0	0.0	0.00387	0.26052	0.01442	0.0	0.0	0.0	0.0	0.0	0.00999	0.0	0.0	0.0	0.0	0.0	0.0	0.0	0.0	0.0	0.0002	0.0	0.0	0.0	0.0	0.0	0.0	0.35777	7e-05	0.0	0.04782	0.0	0.0	0.0	0.0	0.0	0.02997	0.0	0.0	0.00161	0.0	0.0	0.0	0.0	0.0	0.0	0.0	0.00323	0.59273	0.10102	0.0	0.0	0.0	0.0	0.0	0.0	0.0	0.0	0.0	0.0	0.00239	0.0	0.0	0.0	0.02069	0.0	0.0	0.0	0.0	0.0	0.0	0.0	0.0	0.02513	0.0	0.0	0.0	0.00875	2.35101	0.0	0.0	20.69914	0.34687	0.0	0.0	0.0	0.0	0.0	0.00761	0.0	1.81863	0.0	0.0	0.00385	0.01305	0.0	0.00032	0.62094	0.0	0.0	0.0	0.0	0.0	0.06039	0.0	0.0	0.0	0.0	0.0	0.0	0.0	0.00531	9.40167	0.0	0.0	0.00025	0.0	0.0	2.28174	0.0	0.13726	0.03999	0.02731	0.0	0.0	0.0	0.0	0.0	0.07547
SRR13327428	0.0	0.0	0.0	0.0	0.0	0.02934	0.24516	0.0	0.76968	0.0	0.0	0.0	0.0	0.00519	0.0	0.0	0.0	0.0	0.0	0.0	0.0	0.60048	0.0	0.0	0.0	0.0	0.0	0.0	2.42233	0.00026	0.0	0.0	0.0	0.00091	0.0	0.0	0.0	3.51865	0.0	0.0	0.10038	0.0	0.0	27.84689	0.00812	0.0002	0.0	9.90982	0.0	0.0	0.0	0.0	0.0	0.0	0.00773	0.0	0.0	0.0	0.0	0.0	0.0	0.0	0.0	0.0	0.0	0.0	0.0	0.0	0.0	0.0	0.0	0.0	0.0	0.0	0.0	1.61769	0.0	0.0	5.39206	0.0	0.0	0.0	0.0	0.0	1.82517	0.00178	0.0	0.0	0.0	0.0	0.0	0.02085	0.57175	0.0	0.0	0.0	0.0	0.0	0.0	0.0	0.0	0.03429	0.08301	0.0	0.0	0.0	0.0	0.0	0.01979	0.0	0.0	0.0	0.0	0.59376	0.0	0.0	0.0	0.16652	12.48054	0.41449	0.0	0.0	0.0	0.0	0.0	0.0	0.0	0.08068	0.0	0.0	0.0	0.0	3.71867	0.05617	0.0	0.0	0.0	0.00325	0.02482	0.0	0.00738	0.00925	0.0	0.0	0.0	0.0	0.00183	0.0	0.0	0.0	0.03791	0.0	0.00535	0.0	0.0	0.0007	0.36324	0.0	0.0	0.00083	0.0	0.0	0.0	0.0	0.02325	0.57819	0.0	0.20611	0.0	0.0	0.0	6e-05	0.0	0.0	0.0	0.0	0.0	0.02118	0.0	0.0	0.0	0.0	0.00056	0.0	0.0	0.0	0.0	0.0	0.0	0.0	0.0	0.0	0.0	0.0	0.0	0.0	0.0	0.00126	0.01601	0.02146	0.0	1.27939	0.0	3.56918	0.0	0.00263	0.07763	0.05032	0.0	0.0	0.0	0.0	0.0	0.00069	0.0	0.0	0.0	0.0	0.0	0.0	0.0	0.0	0.0	0.00185	0.0	0.0	0.0	0.0	0.0	0.0	0.0	0.0	0.0	0.36445	0.0	0.0	0.0	0.0	0.0	0.0	0.0	0.0	0.0	0.0	0.0	0.0	0.0	0.0	0.0	0.0	0.0	0.00379	3.00477	0.0	0.0	0.0	0.0	0.0	0.0	0.0	0.0	0.0	0.0	0.0	0.0	0.0	0.0	0.00542	0.0	0.0	0.0	0.0	0.0	0.0	0.0	0.0	0.02486	0.0	0.0	0.0	0.12168	7.91636	0.0	0.0	0.14223	0.00955	0.0	0.0	0.0	0.0	0.0	0.00247	0.0	0.39082	0.0	0.0	0.00298	0.0	0.0	0.0	0.81099	0.0	1.48378	0.0	0.0	0.0	0.04656	0.0	0.0	0.0	0.0	0.0	0.0	0.0	0.01252	6.57334	0.0	0.0	0.0	0.0	0.02351	0.03872	0.0	0.17345	0.00105	0.0	0.0	0.0	0.0	0.0	0.0	0.0
SRR13327429	0.0	0.0	0.0	0.0	0.0	0.0	0.0	0.0	0.21477	0.0	0.0	0.0	0.0	0.0	0.0	0.0	0.0	0.0	0.0	0.0	0.0	1.39373	0.0	0.0	0.0	0.0	0.0	0.0	4.18854	0.0	0.0	0.0	0.0	0.0	0.0	0.0	0.0	0.91036	0.0	0.0	0.0	0.0	0.0	10.54494	0.0	0.0	0.0	5.7417	0.0	0.0	0.0	0.0	0.0	0.0	0.0	0.0	0.0	0.0	1.96277	0.0	0.0	0.0	0.0	0.0	0.0	0.0	0.0	0.0	0.0	0.0	0.0	0.0	0.0	0.0	0.0	0.0	0.0	0.0	3.49449	0.0	0.0	0.0	0.0	0.0	2.65408	0.0	0.0	0.0	0.0	0.0	0.0	0.0	0.33983	0.0	0.0	0.0	0.0	0.0	0.0	0.0	0.0	0.0	0.0	0.0	0.0	0.0	0.0	0.0	0.0	0.0	0.0	0.0	0.0	7.42837	0.0	0.0	0.0	0.0	10.54063	0.0	0.0	0.0	0.0	0.0	0.0	0.0	0.0	0.0	0.0	0.0	0.0	0.0	6.04943	0.0	0.0	0.0	0.0	0.0	1.93729	0.0	0.0	0.0	0.0	0.0	0.0	0.0	0.0	0.0	0.0	0.0	0.0	0.0	0.03256	0.0	0.0	0.0	0.0	0.0	0.0	0.0	0.0	0.0	0.0	0.0	0.0	0.71911	0.0	0.31755	0.0	0.0	0.0	0.0	0.0	0.0	0.0	0.0	0.0	0.0	0.0	0.0	0.0	0.0	0.0	0.0	0.0	0.0	0.0	0.0	0.0	0.0	0.0	0.0	0.0	0.0	0.0	0.0	0.0	0.0	0.0	0.0	0.0	4.6232	0.0	0.0	0.0	0.0	0.0	0.0	0.0	0.0	0.0	0.0	0.0	0.0	0.0	0.0	0.0	0.0	0.0	0.0	0.0	0.0	0.0	0.0	0.0	0.0	0.0	0.0	0.0	0.0	0.0	0.0	0.0	0.0	0.0	0.0	0.0	0.0	0.0	0.0	0.0	0.0	0.0	0.0	0.0	0.0	0.0	0.0	0.0	0.0	0.0	0.0	0.79279	0.0	0.0	0.0	0.0	0.0	0.0	0.0	0.0	0.0	0.0	0.0	0.0	0.0	0.0	0.0	0.0	0.0	0.0	0.0	0.0	0.0	0.0	0.0	0.0	0.0	0.0	0.0	0.0	8.81136	0.0	0.0	14.75074	0.0	0.0	0.0	0.0	0.0	0.0	0.0	0.0	0.0	0.0	0.0	0.0	0.0	0.0	0.0	2.51037	0.0	0.0	0.0	0.0	0.0	0.0	0.0	0.0	0.0	0.0	0.0	0.0	0.0	0.0	9.898	0.0	0.0	0.0	0.0	0.0	0.14338	0.0	0.0	0.0	0.0	0.0	0.0	0.0	0.0	0.0	0.0
SRR13327430	0.00574	0.0	0.0	0.0	0.0	0.11833	0.09112	0.0	0.42193	0.0	0.0	0.00322	0.0	0.05669	0.0	0.0	0.0	0.0	0.0	0.22209	0.0	1.52124	0.0	0.0	0.00252	0.0	0.00048	0.0	2.15487	0.0057	0.00028	0.0	0.0	0.0	0.0	0.0	0.0	0.76034	0.0	0.0	0.0	0.0	0.0	1.19741	0.03607	0.03179	0.0	20.69804	0.0	0.0	0.0	0.0	0.0	0.0	0.0	0.0	0.0	0.0	0.0	0.0	0.0	0.00103	0.0	0.0	0.0	0.0	0.0	0.0	0.0	0.0	0.02595	0.0	0.0	0.00081	0.0	1.72709	0.0	0.0	0.66961	0.0	0.0	0.0	0.0	0.0	0.13974	0.00388	0.0	0.0	0.02881	0.0	0.0	0.00754	0.0	0.0	0.00693	0.00077	0.0	2.37473	0.0	0.0	0.0	0.36327	0.76266	0.22847	0.0	0.07548	0.0	0.22131	0.15559	0.0	0.0	0.0	0.30611	0.12493	0.13256	0.0	0.0	0.39668	26.3529	0.34176	0.0	1.98848	0.0	0.0	0.0	0.0	0.0	0.30276	0.0	0.0	0.0	0.00011	5.36732	0.01	0.0	0.0	0.0	0.03598	0.00145	0.0	0.15284	0.00855	0.00956	0.014	0.0	0.0	0.01016	0.0	0.14866	0.00633	0.0068	0.0	0.0	0.0	0.0	0.0	0.0	0.0	0.0	0.02038	0.0	0.0	0.0	0.0	0.53283	0.49739	0.0	0.32681	0.0	0.0	0.0	0.0	0.04823	0.0	0.0	0.0	0.0	0.03726	0.0	0.02468	0.0	0.0	0.0	0.0	0.0	0.0	0.0	0.0	0.0	0.0	0.00232	0.0	0.0	0.0	0.0	0.0	0.0	0.05881	0.0	0.00087	0.0	8.17028	0.0	0.0	0.0	0.0069	0.0	0.0	0.0	0.0	0.0	0.0	0.0	0.01332	0.0	0.0	0.0	0.0	0.0	0.0	0.0	0.0	0.0	0.02404	0.0	0.0	0.0	0.0	0.0	0.0	0.04523	0.0	0.0	0.20582	0.0	0.0	0.03019	0.0	0.0	0.0	0.0	0.0	0.0	0.00236	0.0	0.0	0.0	0.0	0.0	0.0	0.00013	0.63229	2.47085	0.0	0.0	0.0	0.0	0.0	0.0	0.0	0.0	0.0	0.0	0.0	0.0	0.0	0.0	0.00434	0.0	0.0	0.0	0.0	0.0	0.0	0.0	0.0	0.0	0.0	0.0	0.0	0.13416	0.26751	0.00426	0.0	6.08716	0.74553	0.0	0.0	0.0	0.0	0.0	0.03305	0.0	0.22183	0.0	0.0	0.00375	0.0	0.00217	0.0	2.55064	0.0	0.2972	0.0	0.0	0.0	0.53439	0.0	0.0	0.0	0.0	0.0	0.03448	0.0	0.00295	5.99186	0.0	0.0	0.0	0.0	0.09427	0.0	0.0	0.0	0.0	0.0	0.0	0.0	0.0	0.0	0.0	0.0
SRR13327431	0.00243	0.0	0.0	0.0	0.0	0.02286	0.02692	0.0	1.20633	0.0	0.0	0.00229	0.0	0.0	0.0	0.0	0.0	0.0	0.0	0.0	0.0	1.22147	0.0	0.00074	0.0048	0.0	0.0	0.0	1.39663	0.2798	0.01427	0.0	0.0	0.00085	0.0	0.0	0.0	2.46509	0.0	0.01957	0.0	0.0	0.0	4.83668	0.05906	0.0	0.0	15.36457	0.0	0.0	0.0	0.0	0.0	0.0	0.0	0.0	0.0	0.0	0.0	0.0	0.0	0.0	0.0	0.0	0.0	0.0	0.0	0.0	0.0	0.0	0.00366	0.0	0.00218	0.0	0.0	1.28266	0.0	0.0	2.85935	0.0	0.0	0.0	0.0	0.0	0.0	0.00417	0.0	0.0	0.0	0.0	0.0	0.0	0.0	0.0	0.0	0.0	0.0	0.61417	0.0	0.0	0.0	0.0	0.37651	0.00274	0.0	0.0	0.0	0.00639	0.19265	0.12619	0.0	0.0	0.8138	0.24858	0.0	0.01443	0.0	0.3791	8.95154	0.04267	0.0	0.0	0.0	0.0	0.0	0.0	0.0	0.16913	0.0	0.0	0.0	0.0	12.06607	0.01411	0.0	0.0	0.0	0.0091	0.0	0.0	0.0	0.02502	0.0	0.00382	0.0	0.0	0.02188	0.0	0.02999	0.01244	0.0	0.00066	0.00069	0.04336	0.0	0.0	0.0	0.0	0.0	0.0058	0.00145	0.0	0.0	0.0	0.11834	0.63565	0.0	0.54845	0.0	0.0	0.0	0.01103	0.03673	0.00012	0.0	0.0	0.0	0.0	0.0	0.0	0.0	0.0	0.0	0.0	0.0	0.0	0.0	0.0	0.0	0.0	0.0	0.0	0.0	0.0	0.0	0.0	0.0	0.00067	0.0	0.0	0.0	1.87765	0.0	0.0	0.0	0.0	0.0	0.0	0.0	0.0	0.0	0.0	0.0	0.00102	0.0	0.0	0.0	0.0	0.0	0.0	0.0	0.0	0.00016	0.0	0.0	0.0	0.0	0.0	0.0	0.0	0.57013	0.0	0.0	0.28154	0.0	0.0	0.0	0.0	0.0	0.0	0.0	0.0	0.0	0.0	0.0	0.0	0.0	0.0	0.0	0.0	0.00081	0.84304	6.22062	0.0	0.0	0.0	0.0	0.0	0.0	0.0	0.0	0.0	0.0	0.0	0.0	0.0	0.0	0.0	0.0	0.0	0.0	0.0	0.0	0.0	0.0	0.00064	0.0	0.0	0.0	0.0	0.20293	11.43208	0.02255	0.0	10.39947	0.06278	0.0	0.0	0.0	0.0	0.0	0.01192	0.0	0.32929	0.0	0.0	0.0	4e-05	0.0	0.0	1.03129	0.0	0.0	0.0	0.0	0.0	0.12201	0.0	0.0	0.0	0.0	0.0	0.01053	0.0	1.31216	6.50894	0.0	0.0	0.0	0.0	0.06549	0.0	0.0	2.08787	0.0	0.00537	0.0	0.0	0.0	0.0	0.0	0.0
SRR13327432	0.00104	0.0	0.0	0.0	0.00229	0.04369	0.74308	0.0	0.86933	0.0	0.0	0.04612	0.0	0.03619	0.0	0.0	0.0	0.0	0.0	0.0	0.0	1.2822	0.00026	0.0	0.00386	0.0	0.0	0.0	2.27352	0.01846	0.00531	0.0	0.0	0.0	0.0	0.0	0.0	0.69268	0.0	0.0	0.0	0.0	0.00405	13.38166	0.00087	0.00751	0.0	10.41839	0.0	0.0	0.0	0.0	0.0	0.0	0.0	0.0	0.0	0.0	1.86659	0.0	0.0	0.0	0.0	0.0	0.0	0.0	0.0	0.0	0.0	0.0	0.00966	0.0	0.0	0.0	0.0	0.9881	0.0	0.0	0.0	0.0	0.0	0.0	0.00355	0.0	0.0	0.00266	0.0	0.0	0.0	0.0	0.0	0.0	0.00218	0.0	0.00058	0.0	0.0	3.2761	0.0	0.0	0.0	0.31786	0.31662	0.02198	0.0	0.0	0.08096	0.0	0.09091	0.0	0.0	0.0	0.13397	0.19443	0.29703	0.0	0.0	0.27801	6.45885	1.14432	0.0	0.0	0.0	0.0	0.00501	0.0	0.0002	0.08063	0.0	0.0	0.0	0.0	4.34272	0.0	0.0	0.0	0.0	0.00781	0.84931	0.0	0.0	0.00064	0.00887	0.0	0.0	0.0	0.0	0.0	0.02258	0.02823	3e-05	0.0	0.03765	0.02539	0.0	0.0	0.0	0.0	0.0	0.0	0.0	0.0	0.0	0.0	0.00767	0.7595	0.00228	0.22903	0.0	0.0	0.0	0.0	0.0	0.00029	0.0	0.0	0.00329	0.02225	0.0	0.10851	0.0	0.0	2e-05	0.0	0.0	0.0	0.0	0.0	0.0	0.0	0.0	0.0008	0.0	0.0	0.0	0.0	0.0	0.00619	0.00156	0.0	0.0	1.81719	0.0	0.0	0.0	0.00521	0.06875	0.0	0.0	0.0	0.0	0.0	0.0	0.00185	0.0	0.0	0.0	0.0	0.0	0.0	0.0029	0.0	0.0	0.01035	0.0	0.0	0.00933	0.32348	0.0	0.0	0.4389	0.0	0.0	0.02361	0.0	0.0	0.0	0.0	0.0	0.05008	0.0	0.0	0.00149	0.0	0.0	0.0	0.0	0.00015	0.0	0.0011	0.00065	0.53367	0.40533	0.0	0.0	0.0	0.0	0.0	0.0	0.00183	0.0	0.0	0.0	0.0	0.0	0.0	0.0	0.00547	0.0	0.0	0.0	0.0	0.0	0.0	0.0	0.0	0.10412	0.0	0.0	0.0	0.01483	0.77376	0.00059	0.0	27.84428	0.03731	0.0	0.0	0.0	0.0	0.0	0.00448	0.0	0.21814	0.0	0.0	0.0	0.0	0.00872	0.0	0.37936	0.0	0.0	0.0	0.0	0.0	0.03521	0.0	0.0	0.0	0.0	0.0	0.0	0.0	0.17817	13.79542	0.0	0.0	0.0	0.0	0.00572	0.84899	0.0	0.18123	0.00301	0.0	0.0	0.0	0.0	0.0	0.0	0.0
SRR13327433	0.0	0.0	0.0	0.0	0.08793	0.14909	0.0	0.0	0.05905	0.0	0.0	0.0207	0.0	0.20908	0.0	0.00538	0.0	0.0	0.0	0.0	0.0	2.8861	0.0	0.0	0.00343	0.0	0.05017	0.02372	0.63794	0.05505	0.02261	0.0	0.0	0.0	0.0	0.0	0.0	0.81835	0.0	0.0	0.0	0.0	0.0	10.63189	0.03718	0.11866	0.0	22.35499	0.0	0.0	0.0	0.0	0.0	0.0	0.0	0.0	0.0	0.0	0.0	0.0	0.0	0.0	0.0	0.0	0.0	0.0	0.00423	0.0	0.0	0.0	0.0881	0.0	0.0	0.0	0.0	0.81201	0.0	0.0	2.11662	0.0	0.0	0.0	0.03608	0.0	0.0	0.0	0.0	0.0	0.04589	0.0	0.0	0.0	0.00238	0.0	0.0	0.00136	0.0	0.09544	0.0	0.0	0.0	0.31657	0.63848	0.50986	0.0	0.06107	0.0	0.02393	0.25999	0.0	0.0	0.0	0.07356	0.61115	0.0	0.0013	0.0	0.05667	18.46067	0.02593	0.0	0.02626	0.0	0.0	0.0	0.0	0.0	0.22255	0.0	0.13402	0.0	0.00283	0.61426	0.0	0.0	0.0	0.0	0.00567	1.15655	0.0	0.21526	0.0048	0.00491	0.0	0.0	0.00624	0.03926	0.0	0.23794	0.04252	0.00267	0.0	0.14478	0.0	0.0	0.0	0.00808	0.0	0.0	0.02632	0.0	0.0	0.0	0.0	1.15274	0.4496	0.0	0.23335	0.0	0.0	0.0	0.0	0.02755	0.0	0.0	0.0	0.0	0.01403	0.0	0.1735	0.00054	0.0	0.0	0.0	0.0	0.0	0.0	0.0	0.0	0.05653	0.0	0.0	0.0	0.0	0.0	0.0	0.0	0.02686	0.12896	0.00238	0.0	2.11904	0.0	0.07539	0.0	0.00113	0.00475	0.0	0.0	0.0	0.0	0.0	0.0	0.01202	0.0	0.0	0.0	0.0	0.0	0.0	0.0	0.0	0.0	0.0	0.0	0.0	0.0	0.0	0.04818	0.0	0.09918	0.0	0.0	0.04061	0.0	0.0	0.0	0.0	0.0	0.10007	0.0	0.0	0.00291	0.00371	0.0	0.0	0.0	0.0	0.0	0.00018	0.01616	1.70502	0.71358	0.0	0.0	0.0	0.0	0.0	0.0	0.0	0.0	0.0	0.0	0.00275	0.0	0.0	0.0	0.00291	0.0	0.0	0.0	0.0	0.0	0.0	0.0	0.0	0.08822	0.0	0.0	0.0	0.23756	5.08044	0.00851	0.0	4.52395	0.31705	0.0	0.0	0.0	0.0	0.0	0.0424	0.00166	3.18461	0.0	0.0	0.9228	0.00694	0.00417	0.0	0.56168	0.0	0.0	0.0	0.0	0.0	0.63608	0.0	0.0	0.0	0.0	0.0	0.13077	0.0	0.05285	11.0164	0.0	0.0	0.00226	0.0	0.0	0.41342	0.0	0.1567	0.0	0.0	0.0	0.0	0.0	0.0	0.0	0.09039
SRR13327434	0.0	0.0	0.0	0.0	0.00085	0.09876	0.0	0.0	0.18828	0.0	0.0	0.0	0.0	0.20414	0.0	0.0	0.0	0.0	0.0	0.0	0.0	1.29518	0.0	0.0	6e-05	0.0	0.02545	0.0	0.93755	0.0	0.0	0.0	0.0	0.0	0.0	0.0	0.0	0.50543	0.0	0.0	0.0	0.0	0.0	19.61203	0.01169	0.03277	0.0	5.82817	0.0	0.0	0.0	0.0	0.0	0.0	0.00754	0.0	0.0	0.0	0.0	0.0	0.0	0.0	0.0	0.0	0.0	0.0	0.01285	0.0	0.0	0.0	0.0052	0.0	0.0	0.0	0.0	0.30947	0.0	0.0	4.91929	0.0	0.0	0.0	0.0	0.0	0.0	0.01546	0.0	0.0	0.00559	0.0	0.0	0.0	0.22582	0.0	0.0	0.0	0.0	1.95319	0.0	0.0	0.0	0.1811	0.07686	0.00945	0.0	0.00888	0.0	0.0	0.03751	0.0	0.0	0.0	0.00718	0.16264	0.0	0.0	0.0	0.0	12.54114	0.00969	0.0	0.0	0.0	0.0	0.0	0.0	0.0	0.08177	0.0	0.07922	0.0	0.00179	5.33036	0.0	0.0	0.0	0.0	0.0027	4.42893	0.0	0.06408	0.00764	0.0079	0.02239	0.0	0.0	0.02449	0.0	0.00447	0.0216	0.00663	0.00239	0.19091	0.0	0.0	0.0	0.0	0.0	0.0	0.00687	0.0	0.0	0.0	0.0	0.04406	0.56428	0.0	0.6133	0.0	0.0	0.0	0.01341	0.00132	0.0	0.0	0.0	0.0	0.0	0.0	0.05123	0.0	0.0	0.0	0.0	0.0	0.0	0.0	0.0	0.0	0.09197	0.0	0.0	0.0	0.0	0.0	0.0	0.0	0.00986	0.00874	0.0	0.00134	2.99793	0.0	0.0	0.0	0.0019	0.0	0.0	0.0	0.0	0.0	0.0	0.0	0.03306	0.0	0.0	0.0	0.0	0.0	0.0	0.25014	0.0	0.0	0.00577	0.0	0.0	0.0	0.56176	0.0	0.0	0.00372	0.0	0.0	0.05792	0.0	0.0	0.0	0.0	0.0	0.03817	0.0	0.0	0.0	0.00026	0.0	0.0	0.0	0.00469	0.0	0.0	0.0	0.24577	0.0	0.0	0.0	0.0	0.0	0.0	0.0	0.0	0.0	0.0	0.0	0.0	0.0	0.0	0.0	0.02338	0.0	0.0	0.0	0.0	0.0	0.0	0.0	0.0	0.00849	0.0	0.0	0.0	0.06267	18.37072	0.01016	0.0	8.47896	0.03438	0.0	0.0	0.0	0.0	0.0	0.01007	0.0	0.59171	0.0	0.0	0.0	0.0	0.00389	0.0	1.00838	0.0	0.0	0.0	0.0	0.0	0.43829	0.0	0.0	0.0	0.0	0.0	0.11252	0.0	0.0	4.35693	0.0	0.0	0.0	0.0	0.39877	0.90757	0.0	0.02649	0.0	0.00487	0.0	0.0	0.0	0.0	0.0	0.03778
SRR13327435	0.0	0.0	0.0	0.0	0.0	0.04512	0.0	0.0	0.43411	0.0	0.0	0.13957	0.0	0.007	0.0	0.0	0.0	0.0	0.0	0.0	0.0	0.63232	0.0	0.0	0.00547	0.0	0.00934	0.0	1.97152	0.00015	0.00492	0.0	0.0	0.0	0.0	0.0	0.0	1.20741	0.0	0.0	0.0	0.0	0.00101	20.59406	0.06307	0.00613	0.0	10.58904	0.0	0.0	0.0	0.0	0.0	0.0	0.0	0.0	0.0	0.0	3.76425	0.0	0.0	0.0	0.0	0.0	0.03857	0.0	0.02173	0.0	0.0	0.0	0.03925	0.0	0.0	0.0	0.0	0.27555	0.0	0.0	0.0	0.0	0.0	0.0	0.00016	0.0	0.66882	0.0	0.0	0.0	0.0	0.0	0.0	0.03779	0.77149	0.0	0.0	0.0	0.0	1.93329	0.27894	0.0	0.0	0.05478	0.71222	0.02696	0.0	0.0594	0.0	0.0	0.23345	0.01057	0.0	0.0	0.00716	0.23529	0.0	0.0	0.0	0.10541	9.00918	1.24109	0.0	0.07565	0.0	0.0	0.0	0.0	0.0	0.46616	0.0016	0.0	0.0	0.00067	3.814	0.00018	0.0	0.0	0.00028	0.00023	0.0	0.0	0.0	0.00684	0.04717	0.0	0.0	0.0	0.0	0.0	0.11085	0.00528	0.00747	0.0	0.03855	0.00267	0.0	0.0	0.0	0.0	0.0	0.00088	0.0	0.0	0.0	0.0	0.14641	4.47644	0.0	0.56064	0.00568	0.0	0.0	0.0	0.02412	0.0	0.0	0.0	0.0065	0.0	0.0	0.0	0.0	0.0	0.0	0.0	0.0	0.0	0.0	0.01463	0.0	0.37195	0.0	9e-05	0.0	0.0	0.0	0.0	0.0	0.0	0.01005	0.0	0.0	0.86082	1.88518	0.0	0.0	0.00658	0.2341	0.03734	0.0	0.0	0.0	0.0	0.0	0.00354	0.0	0.0	0.0	0.0	0.0	0.05354	0.0	0.0	0.0	0.0	0.0	0.0	0.0	0.0	0.00515	0.0	0.02267	0.0	0.0	0.09008	0.0	0.0	0.0	0.0	0.0	0.0	0.0	0.0	0.01237	0.0	0.0	0.0	0.0	0.00317	0.0	0.0	0.00748	0.0	0.32977	0.0	0.0	0.0	0.0	0.0	0.0	0.0	0.0	0.0	0.0	0.0	0.0	0.0	0.0	0.00417	0.0	0.0	0.0	0.0	0.0	0.0	0.0	0.0	0.0	0.0	0.0	0.0	0.07044	5.00705	0.00512	0.0	8.43492	0.03307	0.0	0.0	0.0	0.0	0.00211	0.00441	0.0	0.00075	0.0	0.0	0.0	0.00073	0.01099	0.0	0.91456	0.0	0.0	0.0	0.0	0.0	0.08996	0.0	0.0	0.0	0.0	0.0	0.00033	0.0	0.0	16.24988	0.0	0.0	0.0	0.0	0.00011	0.12859	0.0	0.06041	0.0	0.0	0.0	0.0	0.0	0.0	0.0	0.0
SRR13327436	0.0	0.0	0.0	0.0	5e-05	0.00834	0.0	0.0	0.57804	0.0	0.0	0.10422	0.0	0.1171	0.0	0.0	0.0	0.0	0.0	0.0	0.0	0.85506	0.0	0.0	0.0	0.0	0.02224	0.0	1.11681	0.00888	0.00315	0.0	0.0	0.0	0.0	0.0	0.0	2.43	0.0	0.0	0.0	0.0	0.0	1.25068	0.06916	0.01339	0.0	11.12143	0.0	0.0	0.0	0.0	0.0	0.0	0.07796	0.0	0.0	0.0	2.86864	0.0	0.0	0.0	0.0	0.0	0.0	0.0	0.00154	0.0	0.0	0.0	0.00339	0.0	0.03418	0.0006	0.0	0.62618	0.0	0.0	0.87274	0.0	0.0	0.0	0.0131	0.0	0.0	0.0	0.0	0.0	0.0	0.0	0.0	0.07999	0.0	0.0	0.00095	0.0	0.0	1.15939	0.0	0.0	0.0	0.15117	0.0781	0.0169	0.0	0.01126	0.0	0.0815	0.11024	0.0	0.0	0.0	0.05779	0.12	0.29925	8e-05	0.0	0.29594	10.78689	1.26215	0.0	0.0	0.0	0.0	0.0	0.0	0.0	0.11411	0.0	0.0	0.0	0.0	3.4641	0.0	0.0	0.0	0.0	0.00602	3.03768	0.0	0.01307	0.00848	0.0	0.0	0.0	0.0	0.04028	0.0	0.00867	0.00319	0.02228	0.0	0.02793	0.09398	0.0	0.0	0.0	0.0	0.0	0.03526	0.0	0.0	0.0	0.0	0.04791	3.23691	0.00048	0.45055	0.0	0.0	0.0	0.11317	0.00716	0.0	0.0	0.0	0.0	0.0	0.0	0.0	0.0	0.0	0.0	0.0	0.0	0.0	0.0	0.0	0.00535	0.01785	0.0	0.00016	0.0	0.0	0.0	0.0	0.0	0.0	0.0	0.0	0.0	1.3564	0.0	0.0	0.0	0.0	0.0	0.0384	0.0	0.0	0.0	0.0	0.0	0.00261	0.0	0.0	0.0	0.0	0.0	0.00056	0.0722	0.0	0.0	0.0	0.0	0.0	0.0	0.0	0.0	0.0	0.0	0.0	0.0	0.87702	0.0	0.0	0.0	0.0	0.0	0.23453	0.0	0.0	0.0	0.0	0.0	0.0	0.0	0.0	0.0	0.0	0.0	0.59545	3.59772	0.0	0.0	0.0	0.0	0.0	0.0	0.0	0.0	0.0	0.0	0.0	0.0	0.0	0.0	0.01874	0.0	0.0	0.20784	0.0	0.0	0.0	0.0	0.0	0.0	0.0	0.0	0.0	0.11112	14.55014	0.0019	0.0	8.40032	0.02678	0.0	0.0	0.0	0.0	0.0	0.00963	0.0	0.81825	0.0	0.0	0.00184	0.0	0.0	0.0	1.70882	0.0	0.0	0.0	0.0	0.0	0.04049	0.0	0.0	0.0	0.0	0.0	0.0	0.0	0.0	18.584	0.0	0.0	0.0	0.0	0.02099	0.22976	0.0	0.97927	0.0	0.0	0.0	0.0	0.0	0.0	0.0	0.0
SRR13327437	0.0	0.0	0.0	0.0	0.0	0.01261	0.0	0.0	0.49783	0.0	0.0	0.0	0.0	0.45284	0.0	0.0	0.0	0.0	0.0	0.0	0.0	1.43822	0.0	0.0	0.0	0.0	0.0	0.0	2.13742	0.23323	0.00026	0.0	0.0	0.0	0.0	0.0	0.0	7.27715	0.0	0.0	0.0	0.0	0.0	1.27989	0.06656	0.00139	0.0	7.4649	0.0	0.0	0.0	0.0	0.0	0.0	0.0	0.0	0.0	0.0	0.0	0.0	0.0	0.0	0.0	0.0	0.0	0.0	0.0	0.0	0.0	0.0	0.00468	0.0	0.0	0.0	0.0	0.45004	0.0	0.0	0.75695	0.0	0.0	0.0	0.0	0.0	0.60558	0.0	0.0	0.0	0.0	0.0	0.0	0.0	0.0	0.0	0.00197	0.0	0.0	0.75204	0.03099	0.0	0.0	0.14919	0.09551	0.01267	0.0	0.0	0.0	0.0	0.07048	0.02366	0.0	0.0	0.0	0.09634	0.31503	0.0	0.0	0.36886	11.27855	0.02505	0.0	0.0	0.0	0.0	0.0	0.0	0.0	0.23748	0.0	0.0	0.0	0.0	4.77146	0.0	0.0	0.0	0.0	0.00019	1.98014	0.0	0.03208	0.00074	0.0	0.00464	0.0	0.0	0.01955	0.0	0.01406	0.00272	0.0	0.0	0.01285	0.00755	0.0	0.0	0.2904	0.0	0.0	0.0	0.0	0.0	0.0	0.0	0.55599	8.28736	0.0	0.40783	0.0	0.0	0.0	0.0	0.0	0.0	0.0	0.0	0.0	0.04503	0.0	0.12808	0.0	0.0	0.0	0.0	0.0	0.0	0.0	0.0	0.0	0.00356	0.0	0.00486	0.0	0.0	0.0	0.0	0.0	0.0	0.0	0.0	0.0	3.65651	0.0	0.0	0.0	0.00262	0.0	0.0	0.0	0.0	0.0	0.0	0.0	0.00215	0.0	0.0	0.0	0.0	0.0	0.0	0.0	0.0	0.0	0.02005	0.0	0.0	0.0	0.0	0.0	0.00149	0.0	0.0	0.0	0.29829	0.0	0.0	0.0	0.0	0.0	0.19562	0.0	0.0	0.0	0.0	0.0	0.0	0.0	0.0	0.0	0.0	0.0	0.82794	3.49102	0.0	0.0	0.0	0.0	0.0	0.0	0.0	0.0	0.04694	0.0	0.0	0.0	0.0	0.0	0.00457	0.0	0.0	0.0	0.0	0.0	0.0	0.0	0.0	0.0	0.0	0.0	0.0	0.0	3.73684	0.0	0.0	10.09528	0.03713	0.0	0.0	0.0	0.0	0.0	0.01186	0.0	0.19607	0.2006	0.0	0.08209	0.0	0.00083	0.0	3.71801	0.0	0.0	0.0	0.0	0.0	0.05082	0.0	0.0	0.0	0.0	0.0	0.0	0.0	0.0	19.83939	0.0	0.0	0.0	0.0	0.04086	0.46869	0.0	0.26785	0.0	0.0	0.0	0.0	0.0	0.0	0.0	0.0
SRR13327438	0.0	0.0	0.0	0.0	0.0	0.0205	0.0	0.0	1.01982	0.0	0.0	0.0	0.0	0.0	0.0	0.00574	0.0	0.0	0.0	0.0	0.0	0.0	0.00037	0.0	0.00057	0.0	0.0	0.0	2.77586	0.0	0.0	0.0	0.0	0.0	0.0	0.0	0.0	3.84399	0.0	0.00624	0.0	0.00631	0.0	24.9172	0.07966	0.01788	0.0	7.18098	0.0	0.0	0.0	0.0	0.0	0.0	0.0	0.0	0.0	0.0	0.0	0.0	0.0	0.0	0.0	0.0	0.0	0.0	0.0	0.0	0.0	0.0	0.0	0.0	0.0	0.0	0.0	0.16656	0.0	0.0	0.0	0.0	0.0	0.0	0.0	0.0	0.0	0.00196	0.0	0.0	0.0	0.0	0.0	0.0	0.12004	0.0	0.00306	0.0	0.0	0.0	0.06938	0.0	0.0	0.0	0.86583	0.0	0.0	0.0	0.0	0.0	0.34968	0.10554	0.0	0.0	0.0208	0.0	0.0	0.0078	0.0	0.0	20.61272	0.02042	0.0	0.15558	0.0	0.0	0.0	0.0	0.0	0.6517	0.0	0.0	0.0	0.0	6.86969	0.00598	0.0	0.0	0.0	0.00304	0.0	0.0	0.16305	0.00111	0.0	0.00108	0.0	0.0	0.02425	0.0	0.11302	0.0	0.0	0.00554	0.01339	0.0	0.0	0.0	0.0	0.0	0.0	0.00713	0.0	0.0	0.0	0.0	0.29353	1.49245	0.0	0.0	0.00363	0.0	0.0	0.01995	0.0	0.0014	0.0	0.0	0.0	0.0	0.0	0.0	0.0	0.0	0.0	0.0	0.0	0.0	0.0	0.01669	0.0	0.0	0.0	0.0	0.0	0.0	0.0	0.0	0.0	0.0	0.0	0.0	0.0	3.90563	0.0	1.46942	0.0	0.0	0.0	0.0	0.0	0.0	1.02753	0.0	0.0	0.0003	0.0	0.0	0.0	0.0	0.0	0.0	0.0	0.0	0.0	0.03935	0.0	0.0	0.0	0.0	0.01422	0.0	0.0	0.0	0.0	0.0	0.0	0.0	0.0	0.0	0.0	0.17735	0.0	0.0	0.0013	0.0	0.0	0.0	0.0	0.0	0.0	0.0	0.0	0.56877	1.30349	0.0	0.0	0.0	0.0	0.0	0.0	0.00224	0.0	0.0	0.0	0.0	0.0	0.0	0.0	0.05235	0.0	0.0	0.0	0.0	0.0	0.0	0.0	0.0	0.0	0.0	0.0	0.0	0.07945	2.61099	0.00365	0.0	0.99015	0.04871	0.0	0.0	0.0	0.0	0.0012	0.01134	0.0	0.88431	0.0	0.0	0.0	0.01222	0.01376	0.0	1.97141	0.0	0.0	0.0	0.0	0.0	0.36311	0.0	0.0	0.0	0.0	0.0	0.0	0.0	0.8598	9.78261	0.0	0.0	0.0	0.0	0.25643	0.0	0.0	1.4137	0.0	0.0	0.0	0.0	0.0	0.0	0.0	0.07406
SRR13327439	0.00662	0.0	0.0	0.0	0.00349	0.12287	0.0	0.0	0.35824	0.0	0.0	0.0	0.0	0.0	0.0	0.0	0.0	0.0	0.0	0.0	0.0	1.04734	0.0	0.0	0.0	0.0	0.0	0.0	4.61526	0.00529	0.0	0.0	0.0	0.00016	0.0	0.0	0.0	11.09778	0.0	0.0	0.0	0.0	0.0	23.01877	0.00076	0.0	0.0	14.36571	0.0	0.0	0.0	0.0	0.0	0.0	0.0	0.0	0.0	0.0	0.0	0.0	0.0	0.0	0.0	0.0	0.0	0.0	0.0	0.0	0.0	0.0	0.0	0.0	0.0	0.0	0.0	1.43998	0.0	0.0	0.0	0.0	0.0	0.0	0.10954	0.0	0.0	0.0058	0.0	0.0	0.0	0.0	0.0	0.0	0.08443	0.0	0.0	0.0	0.0	1.64695	0.0	0.0	0.0	0.01899	0.6075	0.01458	0.0	0.0	0.0	0.0	0.30518	0.00045	0.0	0.0	0.00245	0.65612	0.0	0.0	0.0	0.66247	9.70425	0.0	0.0	0.90215	0.0	0.0	0.0	0.0	0.0	0.47023	0.0	0.0	0.0	0.0	0.0	0.19233	0.0	0.0	0.0	0.0049	2.3477	0.0	0.0	0.03719	0.0	0.00184	0.0	0.0	0.0	0.0	0.00899	0.0	0.0	0.0	0.1096	0.0	0.0	0.0	0.0	0.0	0.0	0.00775	0.00117	0.0	0.0	0.0	0.0	2.8795	0.0	0.50956	0.0	0.0	0.0	0.0	0.0	0.00041	0.0	0.0	0.0	0.0	0.0	0.0	0.0	0.0	0.0	0.0	0.0	0.0	0.0	0.0	0.0	0.05828	0.0	0.00088	0.0	0.0	0.0	0.0	0.0	0.0	0.0	0.0	0.0	6.21705	0.0	0.0	0.0	0.00108	0.0	0.0	0.0	0.0	0.0	0.0	0.0	0.01556	0.0	0.0	0.0	0.0	0.0	0.0	0.0	0.0	0.0	0.0	0.0	0.0	0.0	0.0	0.00027	0.0	0.0	0.0	0.0	0.83397	0.0	0.0	0.0	0.0	0.0	0.56194	0.0	0.0	0.0	0.00027	0.0	0.0	0.0	0.0	0.0	0.0	0.00126	0.69591	6.21074	0.0	0.0	0.0	0.0	0.0	0.0	0.0	0.0	0.0	0.0	0.0	0.0	0.0	0.0	0.0	0.0	0.0	0.0	0.0	0.0	0.0	0.0	0.0	0.0	0.0	0.0	0.0	0.02191	2.5991	0.00217	0.0	0.64647	0.0397	0.0	0.0	0.0	0.0	0.0	0.11252	0.0	0.0	0.0	0.0	0.0	0.0	0.00764	0.0	0.36876	0.0	0.0	0.0	0.0	0.0	0.67758	0.0	0.0	0.0	0.0	0.0	0.01191	0.0	2.26858	1.22789	0.0	0.0	0.0	0.0	0.04425	0.0	0.0	0.0	0.0	0.0	0.0	0.0	0.0	0.0	0.0	0.0
SRR13327440	0.0	0.0	0.0	0.0	0.00513	0.01334	0.0	0.0	0.0	0.0	0.0	6.06925	0.0	0.0	0.0	0.0	0.0	0.0	0.0	0.0	0.0	0.0	0.0	0.0	0.0	0.0	0.27376	0.0	7.66772	0.02149	0.38485	0.0	0.0	0.04883	0.0	0.0	0.0	6.57003	0.0	0.0	0.0	0.0	0.0	7.4339	0.23165	0.0	0.0	14.11479	0.0	0.0	0.0	0.0	0.0	0.0	0.0	0.0	0.0	0.0	0.0	0.0	0.0	0.0	0.0	0.0	0.0	0.0	0.0	0.0	0.0	0.0	0.0	0.0	0.13917	0.27251	0.0	2.72707	0.0	0.0	0.0	0.0	0.0	0.0	0.22219	0.0	0.0	0.00011	0.0	0.0	0.0	0.0	0.0	0.0	2.45035	0.0	0.01422	0.0	0.0	0.0	0.0	0.0	0.69264	0.87447	1.13542	1.52057	0.0	0.0	0.0	1.01991	4.41266	0.02129	0.0	0.0	0.65082	0.05698	0.0	0.0	0.00034	0.0	4.71534	0.15044	0.0	0.53158	0.0	0.0	0.0	0.0	0.0	2.26004	0.0	0.0	0.0	0.01239	2.30728	0.0	0.0	0.0	0.0	0.00122	0.0	0.0	0.0	0.00107	0.0	0.02536	0.0	0.0	0.0	0.0	3.29784	0.0	0.0	0.0	0.23321	0.03351	0.0	0.0	0.00908	0.0	0.0	0.32169	0.0	0.0	0.0	0.0	0.48887	6.10442	0.0	0.0	0.35174	0.0	0.0	0.0	0.02932	0.0	0.0	0.0	0.00399	0.0	0.0	0.0	0.0	0.0	0.0	0.0	0.0	0.0	0.0	0.0	0.0	0.0	0.0	0.0	0.0	0.0	0.0	0.0	0.0	0.0	0.0	0.0	0.0	2.50695	0.0	0.0	0.0	0.0	0.0	0.0	0.0	0.00492	0.0	0.0	0.0	0.00546	0.0	0.0	0.0	0.0	0.0	0.0	0.0	0.0	0.00454	0.05464	8e-05	0.0	0.0	0.0	0.0	0.0	0.0	0.0	0.0	0.0	0.0	0.0	0.0	0.0	0.0	0.0	0.0	0.0	0.00111	0.0	0.0	0.0	0.0	0.0	0.0	0.0	0.0	0.0	0.0	0.0	0.0	0.0	0.0	0.0	0.0	4.04796	0.0	0.0	0.03992	0.0	0.0	0.0	0.0	0.0	0.0	0.0	0.0	0.0	0.0	0.0	0.0	0.0	0.0	0.0	0.0	0.0	0.01705	0.0	0.00141	0.0	0.37916	0.53904	0.0	0.0	0.0	0.0	0.0	0.00762	0.0	0.0	0.0	0.0	0.0	0.0	0.00255	0.00043	0.97374	0.0	0.0	0.0	0.0	0.0	3.07583	0.0	0.0	0.0	0.0	0.0	0.0	0.0	3.38079	3.58179	0.0	0.0	0.00059	0.0	1.45059	0.0	0.0	0.0	0.0	0.0	0.0	0.0	0.0	0.0	0.0	0.0
SRR13327441	0.0	0.0	0.0	0.0	0.0	0.06494	0.02403	0.0	0.69119	0.0	0.0	0.03403	0.0	0.05023	0.06647	0.0	0.0	0.0	0.0	0.0	0.0	0.95758	0.0	0.0	0.00204	0.0	0.00104	0.0	1.27154	0.15441	0.0	0.0	0.0	0.0	0.0	0.0	0.0	0.44074	0.0	0.0	0.0	0.0	0.00023	14.19765	0.03089	0.0	0.0	9.68091	0.0	0.0	0.0	0.0	0.0	0.0	0.0	0.0	0.0	0.0	1.08366	0.0	0.0	0.0	0.0	0.0	0.0	0.0	0.0	0.0	0.0	0.0	0.00111	0.0	0.0	0.0	0.0	0.98815	0.0	0.00224	3.71179	0.0	0.0	0.0	0.0	0.0	0.85897	0.00052	0.0	0.0	0.00081	0.0	0.0	0.0	0.0	0.0	0.0	0.0	0.0	1.40077	0.0	0.0	0.0	0.06154	0.3099	0.0	0.0	0.0	0.00496	0.00011	0.00681	0.0	0.0	0.0	0.06447	0.40613	0.0	0.0	0.0	0.08175	14.86575	0.00426	0.0	0.0	0.0	0.0	0.0	0.0	0.0	0.01266	0.0	0.0	0.0	0.0	1.8405	0.0	0.0	0.0	0.0	0.00298	2.48502	0.0	0.04759	0.06286	0.0	0.02141	0.0	0.0	0.00138	0.0	0.00259	0.0	0.0	0.0	0.00486	0.0	0.0	0.0	0.0	0.0	0.0	0.0	0.0	0.0	0.0	0.0	0.00808	3.63526	0.0	0.18629	0.0	0.0	0.0	0.0	0.00087	0.0019	0.0	0.00131	0.0	0.0	0.0	0.02628	0.0	0.0	0.0	0.0	0.0	0.0	0.0	0.0	0.0	0.00161	0.0	0.0	0.0	0.0	0.0	0.0	0.0	0.0	0.0	0.00062	0.0	1.34604	0.0	0.0019	0.0	0.0	0.0	0.0	0.0	0.0	0.0	0.0	0.0	0.026	0.0	0.0	0.0	0.0	0.0	0.0	0.0	0.0	0.00047	0.00669	0.0	0.0	0.02445	0.21263	0.0	0.00131	0.19504	0.0	0.0	0.05252	0.0	0.0	0.0	0.0	0.0	0.0	0.0	0.0	7e-05	0.0	0.0	0.0	0.0	0.0	0.0	0.0	0.00068	0.55276	0.78477	0.0	0.0	0.0	0.0	0.0	0.0	0.0	0.0	0.0	0.0	0.0	0.0	0.0	0.0	0.00074	0.0	0.0	0.0	0.0	0.0	0.0	0.0	0.0	0.00492	0.0	0.0	0.0	0.00258	4.75889	0.02721	0.0	2.08179	0.00934	0.0	0.0	0.0	0.0	0.0	0.24173	2.52054	0.0	0.0	0.0	0.04087	0.01462	0.00193	0.0	5.49397	0.0	0.17134	0.0	0.0	0.0	0.02797	0.0	0.0	0.0	0.0	0.0	0.0	0.0	0.0297	20.64317	0.0	0.0	0.0	0.0	0.04363	0.73188	0.0	0.01353	0.01052	0.0	0.0	0.0	0.0	0.0	0.0	0.05817
SRR13327442	0.00924	0.0	0.0	0.0	0.01212	0.00813	0.0	0.0	0.6151	0.0	0.0	0.0	0.0	0.0	0.0	0.0	0.0	0.0	0.0	0.0	0.0	3.25545	0.0	0.0	0.0	0.0	0.0	0.0	6.87695	0.06624	0.01934	0.0	0.0	0.00078	0.0	0.0	0.0	6.05117	0.0	0.0	0.0	0.0	0.0	7.56474	0.0	0.0	0.0	9.50186	0.0	0.0	0.0	0.0	0.0	0.0	0.0	0.0	0.0	0.0	0.0	0.0	0.0	0.0	0.0	0.0	0.0	0.0	0.0	0.0	0.0	0.0	0.0	0.0	0.0	0.0	0.0	0.29536	0.0	0.0	0.0	0.0	0.0	0.0	0.01151	0.0	0.0	0.00187	0.0	0.0	0.0	0.0	0.0	0.0	2.12583	0.0	0.0	0.0	0.0	0.0	0.0	0.0	0.0	0.0	1.47243	0.07702	0.0	0.0	0.0	0.16501	1.09844	0.0131	0.0	0.0	0.16813	0.08918	0.0	0.0	0.0	0.9512	2.26782	0.00052	0.0	2.57968	0.0	0.0	0.0	0.0	0.0	1.40716	0.0	0.07316	0.0	0.0	1.55944	0.09059	0.0	0.0	0.0	0.0317	0.0	0.0	0.0	0.07836	0.0	0.00138	0.0	0.0	0.0	0.0	0.21354	0.0	0.0	0.0	0.16583	0.0	0.0	0.0	0.0	0.0	0.0	0.51793	0.0	0.0	0.0	0.0	0.7225	13.48315	0.0	0.92411	0.0	0.0	0.0	0.0	0.0	0.0	0.0	0.0	0.0	0.0	0.0	0.0	0.0	0.0	0.0	0.0	0.0	0.0	0.56657	0.0	0.0	1.16434	0.0	0.0	0.0	0.0	0.0	0.0	0.0	0.0	0.0	0.0	0.0	4.16228	0.0	0.00703	0.0	0.08522	0.0	0.0	0.0	0.0	0.0	0.0	0.0	0.01057	0.0	0.0	0.0	0.0	0.0	0.0392	0.0	0.0	0.0	0.0	0.0	0.0	0.0	0.0	0.0	0.0	0.0	0.0	0.0	0.85695	0.0	0.0	0.0024	0.0	0.0	0.43429	0.0	0.0	0.0	0.0	0.0	0.0	0.0	0.0	0.0	0.0	0.0	0.0	5.17562	0.0	0.0	0.0	0.0	0.0	0.0	0.0	0.0	0.0	0.0	0.0	0.0	0.0	0.0	0.0	0.0	0.0	0.0	0.0	0.0	0.0	0.0	0.0	0.0	0.0	0.0	0.0	0.03471	12.95371	0.0	0.0	3.17557	0.17582	0.0	0.0	0.0	0.0	0.0	0.03483	0.0	0.80809	0.0	0.0	0.0	0.0	0.0	0.0	1.80189	0.0	0.0	0.0	0.0	0.0	0.58673	0.0	0.0	0.0	0.0	0.0	0.00104	0.0	1.54849	1.59042	0.0	0.0	0.0	0.0	0.12726	0.0	0.0	0.08991	0.0	0.0	0.0	0.0	0.0	0.0	0.0	0.0
SRR13327443	0.00033	0.0	0.0	0.0	0.00575	0.02066	0.0	0.0	0.54483	0.0	0.0	1.0538	0.0	0.0	0.06893	0.0	0.0	0.0	0.0	0.0	0.0	1.85596	0.0	0.0	3e-05	0.0	0.04121	0.0	1.04736	0.10053	0.03352	0.0	0.00041	0.00403	0.0	0.0	0.0	0.48727	0.0	0.0	0.0	0.0	0.0	1.31891	0.11379	0.04248	0.0	9.65014	0.0	0.0	0.0	0.0	0.0	0.0	0.0	0.0	0.0	0.0	0.0	0.0	0.0	0.0	0.0	0.0	0.0	0.0	0.0	0.0	0.0	0.0	0.0815	0.0	0.0	0.0	0.0	0.82465	0.0	0.0	1.3936	0.0	0.0	0.0	0.0	0.0	0.03818	0.00193	0.0	0.0	0.0	0.0	0.0	0.0	2.40311	0.0	0.0	0.00091	0.0	0.76209	0.0	0.0	0.0	0.68251	0.88893	0.0577	0.0	0.05561	0.0	0.0	0.30294	0.06615	0.0	0.0	0.06488	0.13611	0.74064	0.0	0.0	0.0	7.03294	0.03798	0.0	0.0	0.0	0.0	0.0	0.0	0.0	0.48678	0.0	0.3225	0.0	0.0	1.00473	0.0	0.0	0.0	0.00014	0.00281	0.0	0.0	0.1971	0.01769	0.03964	0.0	0.0	0.0	0.05117	0.0	0.01701	0.0323	0.09334	0.01744	0.33577	0.01199	0.0	0.0	0.5058	0.0	0.0	0.0	0.0	0.0	0.0	0.0	0.46656	0.15112	0.0	0.10532	0.0	0.0	0.0	0.00302	0.0055	0.0	0.0	0.0	0.0	0.27746	0.0	0.0	0.0	0.0	0.0	0.0	0.0	0.0	0.0	0.0	0.0	0.0	0.0	0.00166	0.0	0.0	0.0	0.0	0.00091	0.0	0.07209	0.0	0.0	4.05492	3.2133	0.0	0.0	0.0	0.08173	0.0	0.0	0.0	0.14038	0.0	0.0	0.0	0.0	0.0	0.0	0.0	0.0	0.0	1.21397	0.0	0.0	0.0	0.0	0.0	0.0	0.0	0.0	0.0	0.09954	0.0	0.0	0.10566	0.0	0.0	0.0	0.0	0.0	0.03108	0.0	0.0	0.0	0.0	0.0	0.0	0.0	0.0	0.0	0.0	0.0	0.0	0.34839	0.0	0.0	0.0	0.0	0.0	0.0	0.0	0.0	0.0	0.0	0.01318	0.0	0.0	0.0	0.24981	0.0	0.0	0.0	0.0	0.0	0.0	0.0	0.0	0.0	0.0	0.0	0.0	0.07688	2.77565	0.00177	0.0	22.24172	0.2433	0.0	0.0	0.0	0.0	0.0	0.01809	3.36778	0.48959	0.0	0.0	1.0853	0.0	0.00044	0.0	0.55702	0.0	0.08281	0.0	0.0	0.0	0.11649	0.0	0.0	0.0	0.0	0.0	0.01103	0.0	0.0	19.13144	0.0	0.0	0.0	0.0	0.0008	3.06255	0.0	0.93155	0.0	0.0	0.0	0.0	0.0	0.0	0.0	0.07005
SRR13327444	0.0	0.0	0.0	0.0	0.0	0.05353	0.2886	0.0	1.04505	0.0	0.0	0.0	0.0	0.02813	0.0	0.0	0.0	0.0	0.0	0.0	0.0	1.11089	0.0	0.0	0.00562	0.0	0.00316	0.0	3.87785	0.01072	0.0	0.0	0.0	0.0	0.0	0.0	0.0	0.09168	0.0	0.0	0.0	0.0	0.0	11.24587	0.0	0.0	0.0	9.90327	0.0	0.0	0.0	0.0	0.0	0.0	0.0	0.0	0.0	0.0	2.41622	0.0	0.0	0.0	0.0	0.0	0.0	0.0	0.0	0.0	0.0	0.0	0.0	0.0	0.0	0.0	0.0	2.43298	0.0	0.0	0.0	0.0	0.0	0.0	0.0	0.0	1.80659	0.0005	0.0	0.0	0.0	0.0	0.0	0.0	0.01781	0.0	0.0	0.00218	0.0	0.0	0.0	0.0	0.0	0.17556	0.12166	0.0	0.0	0.0	0.38318	0.00632	0.06808	0.53912	0.0	0.0	0.13747	0.8674	0.15551	0.0	0.0	0.0	14.92042	0.00924	0.0	0.0	0.0	0.0	0.0	0.0	0.0	0.17948	0.0	0.0	0.0	0.0	6.73558	0.0	0.0	0.0	0.0	0.00816	1.10704	0.0	0.01544	0.03036	0.0	0.00381	0.0	0.0	0.00892	0.0	0.00194	0.01424	0.0	0.0	0.01688	0.0	0.0	0.0	0.0	0.0	0.0	0.01737	0.0	0.0	0.0	0.0	0.13383	3.64124	0.0	0.35958	0.0	0.0	0.0	0.0	0.01216	0.0	0.0	0.0	0.0	0.00456	0.0	0.0	0.0	0.0	0.0	0.0	0.0	0.0	0.0	0.0	0.0	0.04626	0.0	0.0	0.0	0.0	0.0	0.0	0.0	0.0	0.01647	0.0	0.0	4.36176	0.0	0.0	0.0	0.00048	0.0	0.0	0.0	0.0	0.0	0.0	0.0	0.0136	0.0	0.0	0.0	0.0	0.0	0.0	0.1144	0.00028	0.0	0.0	0.0	0.0	0.0	0.82225	0.0	0.0	0.0	0.0	0.0	0.0	0.0	0.0	0.0013	0.0	0.0	0.0	0.0	0.0	0.0	0.0	0.0	0.0	0.0	0.0	0.0	0.0	0.0	0.49261	1.31272	0.0	0.0	0.0	0.0	0.0	0.0	0.0	0.0	0.0	0.0	0.0	0.0	0.0	0.0	0.0	0.0	0.0	0.0	0.0	0.0	0.0	0.0	0.0	0.0	0.0	0.0	0.0	0.11415	11.50059	0.00027	0.0	8.29477	0.00039	0.0	0.0	0.0	0.0	0.00089	0.02876	0.0	1.46475	0.0	0.0	0.00218	0.0	0.0	0.00082	2.67454	0.0	0.0	0.0	0.0	0.0	0.0608	0.0	0.0	0.0	0.0	0.0	0.01584	0.0	1.10818	3.43315	0.0	0.0	0.0	0.0	0.05505	0.0	0.0	0.04223	0.00214	0.00316	0.0	0.0	0.0	0.0	0.0	0.0
SRR13327445	0.0	0.07693	0.0	0.0	0.0	0.25047	0.0	0.0	0.0	0.0	0.0	0.24237	0.0	0.0	0.0	0.0	0.0	0.0	0.0	0.0	0.00118	0.0	0.0	0.0	0.0	0.0	0.0	0.0	0.00025	0.47629	0.03588	0.0	0.0	0.00129	0.0	0.00024	0.0	0.21933	0.0	0.0	0.0	0.0	0.0	19.18312	0.02806	0.0	0.0	17.06922	0.0	0.0	0.0	0.0	0.0	0.0382	0.0	0.0	0.0	0.0	0.0	0.0	0.0	0.0	0.0	0.0	0.0	0.0	0.0	0.0	0.0	0.0	0.0	0.0	0.0	0.0	0.0	0.91166	0.0	0.0	4.22321	0.0	0.0	0.0	0.08649	0.0	0.61293	0.0028	0.0	0.0	0.0	0.0	0.0	0.0	0.07374	0.0	0.0	0.0	0.0	0.58069	1.23599	0.0	0.0	0.0	1.15894	6.03267	0.0	0.0	0.0	0.0	0.38825	0.62626	0.0	0.0	0.04701	0.55559	0.0	0.24483	0.00565	0.44275	0.3236	0.04881	0.0	0.0	0.0	0.0	0.00071	0.0	0.0	0.19908	0.0	0.0	0.0	0.0	0.0	0.0	0.0	0.0	0.0	0.00409	7.43967	0.0	0.14879	0.01113	0.0	0.0	0.0	0.0	0.0076	0.0	0.1949	0.0	0.0	0.00156	0.20225	0.0	0.0	0.0	0.0	0.0	0.0	0.0	0.0	0.0	0.0	0.0	0.11449	1.7347	0.0	0.0	0.0	0.0007	0.0	0.0	0.0	0.0	0.0	0.0	0.0	0.0	0.0	0.62204	0.0	0.0	0.00522	0.0	0.0	0.0	0.0	0.0	0.0	0.0	0.0	0.0	0.0	0.0	0.0	0.0	0.0	0.0	0.0	0.02035	0.0	1.52826	0.13679	0.0	0.0	0.0	0.0	0.0	0.0	0.0	0.0	0.0	0.0	0.02176	0.0	0.0	0.0	0.0	0.0	0.0	0.0	0.0	0.0	0.0	0.0	0.0	0.0	0.0	0.0	0.0	0.0	0.0	0.0	0.0571	0.0	0.0	0.0	0.0	0.0	0.02798	0.0	0.0	4e-05	0.0012	0.00205	0.0	0.0	0.0	0.0	0.00309	0.0	0.0	0.28744	0.0	0.0	0.0	0.0	0.0	0.0	0.0	0.0	0.0	0.0	0.0	0.0	0.0	0.0	0.0	0.0	0.0	0.0	0.0	0.0	0.0	0.0	0.0	0.05169	0.0	0.0	0.00207	0.3272	0.72517	0.0	0.0	12.28369	0.26722	0.0	0.0	0.0	0.0	0.0	0.13517	0.0	0.0	0.0	0.0	0.03501	0.0	0.00601	0.00408	3.03225	0.0	0.0	0.0	0.0	0.0	2.33363	0.0	0.0	0.0	0.0	0.0	0.28279	0.0	9.26309	3.1518	0.0	0.0	0.0	0.0	0.0	0.0	0.0	0.0	0.0	0.10147	0.0	0.0	0.0	0.0	0.0	0.0
SRR13327446	0.0	0.0	0.0	0.0	0.0	0.07095	0.0	0.0	0.59183	0.0	0.0	0.0	0.0	0.0	0.0	0.0	0.0	0.0	0.0	0.0	0.0	1.72811	0.0	0.0	0.0	0.0	0.0	0.0	3.94529	0.02661	0.0	0.0	0.0	0.00432	0.0	0.0	0.0	0.2523	0.0	0.0	0.0	0.0	0.0	5.78723	0.01502	0.02101	0.0	11.67782	0.0	0.0	0.0	0.0	0.0	0.00465	0.00219	0.0	0.0	0.0	2.87119	0.0	0.0	0.0	0.0	0.0	0.0	0.0	0.0	0.0	0.0	0.0	0.0	0.0	0.0	0.0	0.0	0.57982	0.0	0.07922	0.06578	0.0	0.0	0.0	0.01698	0.0	1.68195	0.0003	0.0	0.0	0.0	0.0	0.0	0.0	0.07326	0.0	0.0	0.0	0.0	0.20131	0.0	0.0	0.0	0.0	0.65909	0.03212	0.0	0.0	0.0	0.0	0.141	0.0	0.0	0.0	0.0	0.70888	0.0	0.0	0.0	0.31327	23.51333	0.0439	0.0	0.0	0.0	0.0	0.0	0.0	0.0	0.21505	0.0	0.0	0.0	0.0	5.88253	0.0	0.0	0.0	0.0	0.00762	0.0	0.0	0.0	0.02877	0.0	0.0	0.0	0.0	0.09263	0.0	0.03008	0.0	0.00896	0.0	0.0309	0.0	0.0	0.0	0.0	0.0	0.0	0.0	0.0	0.0	0.0	0.0	0.44278	0.0	0.0	0.78081	0.0	0.0	0.0	0.0	0.00024	0.0	0.0	0.0	0.0	0.0	0.0	0.22833	0.0	0.0	0.0	0.0	0.0	0.0	0.0	0.0	0.0	0.0	0.0	0.0	0.0	0.0	0.0	0.0	0.0	0.0	0.0	0.00389	0.0	9.00971	3.53609	0.00021	0.0	0.0	0.0	0.0	0.0	0.0	0.0	0.0	0.0	0.0139	0.0	0.0	0.0	0.0	0.0	0.0	0.0	0.0	0.0	0.0	0.0	0.0	0.0	0.86132	0.0	6e-05	0.0	0.0	0.0	0.0341	0.0	0.0	0.0	0.0	0.0	0.01358	1.04146	0.0	0.0	0.0	0.0	0.0	0.0	0.0	0.0	0.0	0.0	0.0	0.341	0.0	0.0	0.0	0.0	0.0	0.0	0.0	0.0	0.0	0.0	0.0	0.0	0.0	0.0	0.0	0.0	0.0	0.0	0.0	0.0	0.0	0.0	0.0	0.0	0.0	0.0	0.0	0.0	2.76957	0.0	0.0	3.62516	0.0358	0.0	0.0	0.0	0.0	0.0	0.03813	0.0	0.03903	0.0	0.0	0.02356	0.0	0.00632	0.0007	2.04224	0.0	0.0	0.0	0.0	0.0	0.06685	0.0	0.0	0.0	0.0	0.0	0.0	0.0	0.00288	12.81569	0.0	0.0	0.0	0.0	0.01255	0.67794	0.0	0.13055	0.0	0.00027	0.0	0.0	0.0	0.0	0.0	0.0
SRR13327447	0.0	0.0	0.0	0.0	0.00554	0.05816	0.0	0.0	0.15348	0.0	0.0	0.94253	0.0	0.23465	0.0	0.0	0.0	0.0	0.0	0.0	0.0	0.0	0.0	0.0	0.02036	0.0	0.0989	0.0	2.81025	0.00103	0.0	0.0	0.0	0.0	0.0	0.0	0.0	0.4764	0.0	0.0	0.0	0.0	0.0	46.99601	0.01918	0.00453	0.0	5.49616	0.0	0.0	0.0	0.0	0.0	0.0	0.0	0.0	0.0	0.0	0.23614	0.0	0.0	0.0	0.0	0.0	0.0	0.0	0.00469	0.0	0.0	0.0	0.06864	0.0	0.0	0.0	0.0	0.09882	0.0	0.0	1.33267	0.0	0.0	0.0	0.07616	0.0	0.0	0.00184	0.0	0.0	0.0	0.0	0.0	0.0	0.73674	0.0	0.0	0.0	0.0	0.72111	0.0	0.0	0.0	0.11045	0.17426	0.02141	0.0	0.0	0.19043	0.0	0.05709	0.0	0.0	0.0	0.01363	0.5125	0.0	0.0	0.0	0.0	0.67618	0.00442	0.0	0.0	0.0	0.0	0.0	0.0	0.0	0.06148	0.0	0.0	0.0	0.0	3.60864	0.0	0.0	0.0	0.0	0.00094	0.0	0.0	0.07401	0.00323	0.02394	0.00535	0.0	0.0	0.0	0.0	0.01029	0.05935	0.00316	0.0	0.11449	0.01436	0.0	0.0	0.0	0.0	0.0	0.0	0.0	0.0	0.0	0.0	0.0288	0.21073	0.0	0.04565	0.0	0.0	0.0	0.0	0.0026	0.0	0.0	0.0	0.0	0.00211	0.0	0.07804	0.0	0.0	0.0	0.0	0.0	0.0	0.0	0.0	0.0	0.0	0.0	0.0	0.0	0.0	0.0	0.0	0.0	0.00117	0.06704	0.00171	0.0	0.16305	0.07206	0.0	0.0	0.0	0.05331	0.0	0.0	0.0	0.0	0.0	0.0	0.00255	0.0	0.0	0.0	0.0	0.0	0.00525	0.0	0.0	0.0	0.0	0.0	0.0	0.0	0.0	0.0	0.0	0.16357	0.0	0.0	0.25773	0.0	0.0	0.0	0.0	0.0	0.0	0.0	0.0	0.0	0.00311	0.0	0.0	0.0	0.0	0.0	0.0	0.0	0.0	1.57596	0.0	0.0	0.0	0.0	0.0	0.0	0.0	0.0	0.0	0.0	0.0	0.0	0.0	0.0	0.07912	0.0	0.0	0.0	0.0	0.0	0.0	0.0	0.0	0.0	0.0	0.0	0.0	0.2385	0.10786	0.00249	0.0	2.73756	0.02441	0.0	0.0	0.0	0.0	0.0	0.02329	0.0	0.75277	0.0	0.0	0.0	0.0	0.0	0.00097	1.40559	0.0	0.07101	0.0	0.0	0.0	0.51253	0.0	0.0	0.0	0.0	0.0	0.05877	0.0	0.07308	24.63598	0.0	0.0	0.0	0.0	0.03101	0.0	0.0	0.05292	0.0	0.0	0.0	0.0	0.0	0.0	0.0	0.12407
SRR13327448	0.00099	0.75023	0.0	0.0	0.00926	0.04492	0.0	0.0	0.80903	0.0	0.0	0.0	0.0	0.04195	0.0471	0.0	0.0	0.0	0.0	0.0	0.0	2.30579	0.0	0.0	0.00414	0.0	0.0496	0.0	1.66843	0.03105	0.02341	0.08035	0.00139	0.00354	0.0	0.0	0.0	2.97029	0.69558	0.0	0.0	0.0	0.0	5.55183	0.06934	0.00677	0.0	19.32257	0.0	0.0	0.0	0.0	0.0	0.00426	0.08716	0.0	0.0	0.0	0.0	0.0	0.0	0.0	0.0	0.0	0.0	0.0	0.0	0.0	0.0	0.0	0.025	0.0	0.00327	0.00238	0.0	1.02316	0.0	0.0	0.0	0.0	0.0	0.0	0.0	0.0	0.2756	0.00033	0.0	0.10763	0.0	0.0	0.0	0.03705	0.5342	0.0	0.0	0.0	0.0	0.88738	0.0	0.0	0.0	0.21225	0.55569	0.01748	0.0	0.0	0.0	0.02319	0.22719	0.0	0.0	0.0	0.03825	1.02468	0.0	0.0	0.0	0.0	7.29058	0.01702	0.0	0.0	0.0	0.0	0.0	0.0	0.0	0.12274	0.0	0.0	0.0	0.0	3.64201	0.0	0.0	0.0	0.0	0.01873	5.66329	0.0	0.0	0.01969	0.0033	0.00328	0.0	0.0	0.06309	0.0	0.01263	0.0062	0.02528	0.0	0.09481	0.01272	0.0	0.0	0.1794	0.0	0.0	0.00851	0.0	0.0	0.0	0.0	0.94715	1.78808	0.0	0.7348	0.0	0.0	0.0	0.0	0.00373	0.00168	0.0	0.0	0.0	0.0	0.0	0.0	0.0	0.0	0.0	0.0	0.0	0.0	0.0	0.0	0.0	0.03613	0.0	0.0	0.0	0.0	0.0	0.0	0.0	0.0	0.01479	0.0	0.0	2.16216	0.0	0.48765	0.0	0.02274	0.00319	0.03682	0.0	0.0	0.00372	0.0	0.0	0.02313	0.0	0.0	0.0	0.0	0.0	0.0	0.15494	0.0	0.0	0.00753	0.0	0.0	0.0	0.0	0.14318	0.0	0.11686	0.0	0.0	0.36055	0.0	0.0	0.0	0.0	0.0	0.40774	0.0	0.0	0.00213	0.00129	0.0	0.0	0.0	0.0	0.0	0.0	0.00609	0.64414	2.64864	0.0	0.0	0.0	0.0	0.0	0.0	0.0	0.0	0.0	0.0	0.00168	0.0	0.0	0.0	0.0	0.0	0.0	0.0	0.0	0.00574	0.0	0.0	0.0	0.0793	0.0	0.0	0.0	0.06598	8.35311	0.00172	0.0	9.97956	0.0442	0.0	0.0	0.0	0.0	0.0	0.02133	0.0	1.9906	0.0	0.0	2.27649	0.0009	0.00036	0.0	0.99485	0.0	0.0	0.0	0.0	0.0	0.18235	0.0	0.0	0.0	0.0	0.0	0.01054	0.0	0.07537	7.526300000000001	0.0	0.0	0.0	0.0	0.00129	0.71228	0.0	0.1601	0.0	0.0	0.0	0.0	0.0	0.0	0.0	0.0
SRR13327449	0.0	0.0	0.0	0.0	0.00032	0.08171	0.0	0.0	0.0	0.0	0.0	0.0	0.0	0.0	0.0	0.0501	0.0	0.0	0.0	0.0	0.0	0.0	0.0	0.0	0.0	0.0	0.0	0.0	4.61778	0.02275	0.0016	0.0	0.0	0.0	0.0	0.0	0.0	10.09334	0.0	0.0	0.0	0.0	0.0	9.85186	0.43826	0.05846	0.0	12.37646	0.0	0.0	0.0	0.0	0.0	0.0	0.0	0.0	0.0	0.0	0.0	0.0	0.0	0.0	0.0	0.0	0.0	0.0	0.0	0.0	0.0	0.0	0.0	0.0	0.00209	0.0	0.0	0.64264	0.0	0.0	0.0	0.0	0.0	0.0	0.02456	0.0	0.0	0.0	0.0	0.0	0.0	0.0	0.0	0.0	0.16615	0.0	0.0	0.0	0.0	0.0	0.0	0.0	0.0	0.0	3.16109	0.04689	0.0	0.0	0.0	0.0	0.26643	0.00216	0.0	0.0	0.15457	0.42918	0.78213	0.0	0.0	0.0	3.1734	0.17111	0.0	2.22141	0.0	0.0	0.0	0.0	0.0	0.95291	0.0	0.0	0.0	0.0	0.0	0.02404	0.0	0.0	0.0	0.01705	0.0	0.0	0.0	0.02602	0.0	0.0	0.0	0.0	0.0	0.0	0.2781	0.0	0.0	0.0	0.40892	0.0	0.0	0.0	0.0	0.0	0.0	0.0	0.0	0.0	0.0	0.0	0.9442	3.02756	0.0	2.21899	0.0	0.0	0.0	0.00163	0.0	0.00108	0.0	0.0	0.0	0.0	0.0	0.14835	0.0	0.0	0.0	0.0	0.0	0.0	0.0	0.0	0.0	4.31991	0.0	0.0	0.0	0.0	0.0	0.0	0.0	0.0	0.0	0.0	0.0	7.57061	0.0	0.0	0.0	0.12074	0.0	0.0	0.0	0.0	0.0	0.0	0.0	0.01568	0.0	0.0	0.0	0.0	0.0	0.00522	0.0	0.0	0.0	0.0	0.0	0.0	0.0	0.0	0.0	0.0	0.0	0.0	0.0	1.07781	0.0	0.0	0.0	0.0	0.0	0.0	0.0	0.0	0.0	0.0	0.0	0.0	0.0	0.0	0.0	0.0	0.0	0.0	4.98089	0.0	0.0	0.0	0.0	0.0	0.0	0.0	0.0	0.0	0.0	0.0	0.0	0.0	0.0	0.03327	0.0	0.0	0.0	0.0	0.0	0.0	0.0	0.0	0.10428	0.0	0.0	0.0	0.21087	5.40011	0.00074	0.0	2.55334	0.14147	0.0	0.0	0.0	0.0	0.0	0.16161	0.0	4.04676	0.0	0.0	0.38779	0.0	0.00129	0.0	2.69345	0.0	0.0	0.0	0.0	0.0	1.24146	0.0	0.0	0.0	0.0	0.0	0.00398	0.0	3.61639	2.99983	0.0	0.0	0.0	0.0	1.42717	0.0	0.0	0.0	0.0	0.0	0.0	0.0	0.0	0.0	0.0	0.0
SRR13327450	0.0063	0.0	0.0	0.0	0.00011	0.07067	0.0	0.0	0.0	0.0	0.0	0.28956	0.0	0.04793	0.0	0.0	0.0	0.0	0.0	0.0	0.0	0.0	0.0	0.0	0.0	0.0	0.0	0.0	2.55798	0.06744	0.03371	0.0	0.0	0.0	0.0	0.0	0.0	14.74381	0.0	0.0	0.0	0.0	0.0	18.2331	0.0	0.0	0.0	15.61095	0.0	0.0	0.0	0.0	0.0	0.0	0.0	0.0	0.0	0.0	0.0	0.0	0.0	0.0	0.0	0.0	0.0	0.0	0.0	0.0	0.0	0.0	0.0	0.0	0.0	0.0	0.0	0.0	0.0	0.0	0.0	0.0	0.0	0.0	0.0046	0.0	0.0	0.00177	0.0	0.0	0.0	0.0	0.0	0.0	0.18288	0.0	0.0	0.0	0.0	0.0	0.0	0.0	0.0	0.0	1.23108	0.90027	0.0	0.0	0.0	0.00069	0.2588	0.00153	0.0	0.0	0.3764	1.06462	0.26178	0.0	0.0	0.0	0.0	0.03342	0.0	3.00879	0.0	0.0	0.0	0.0	0.0	0.74362	0.0	0.0	0.0	0.0	0.0	0.0	0.0	0.0	0.0	0.01808	0.0	0.0	0.0	0.01613	0.0	0.13775	0.0	0.0	0.0	0.0	0.58925	0.0	0.0	0.0	0.50823	0.0	0.0	0.0	0.0	0.0	0.0	0.02079	0.0	0.0	0.0	0.0	0.18706	6.1088	0.0	1.22728	0.0	0.0	0.39377	0.0	0.0	0.0	0.0	0.0	0.0	0.0	0.0	0.0	0.0	0.0	0.0	0.0	0.00042	0.0	0.0	0.0	0.0	0.0	0.0	0.0	0.0	0.0	0.0	0.0	0.0	0.0	0.67489	0.0	0.0	9.67501	0.0	0.0	0.0	0.0	0.06797	0.0	0.0	0.0	0.0	0.0	0.0	0.0063	0.0	0.0	0.0	0.0	0.0	0.09236	0.0	0.0	0.0	0.0	0.0	0.0	0.0	0.0	0.0	0.0	0.0	0.0	0.0	0.0	0.0	0.0	0.0	0.0	0.0	0.0	0.0	0.0	0.0	0.00172	0.01723	0.0	0.0	0.0	0.0	0.0	0.0	0.0	0.0	0.0	0.0	0.0	0.0	0.0	0.0	0.0	0.0	0.0	0.0	0.0	0.0	0.0	0.0	0.0	0.0	0.0	0.0	0.0	0.0	0.0	0.0	0.0	0.0	0.0	0.0	0.0	0.02128	0.0	0.00545	0.0	0.76989	0.05225	0.0	0.0	0.0	0.0	0.0	0.0071	0.0	0.0	0.0	0.0	0.0	0.0	0.00049	0.00138	1.60541	0.0	0.0	0.0	0.0	0.0	5.69806	0.0	0.0	0.0	0.0	0.0	0.00151	0.0	8.11493	2.5374	0.0	0.0	0.0	0.0	1.64926	0.0	0.0	0.0	0.0608	0.0	0.0	0.0	0.0	0.0	0.0	0.0
SRR13327451	0.0006	0.0	0.0	0.0	0.00011	0.02442	0.0	0.0	0.00633	0.0	0.0	0.0	0.0	0.16593	0.0	0.0	0.0	0.03223	0.0	0.0	0.0	0.0	0.0	0.0	0.04944	0.00553	0.06496	0.0	3.07661	0.0	0.0039	0.0	0.0	0.0	0.0	0.0	0.0	0.99297	0.0	0.0	0.0	0.0	0.0	0.92801	0.02264	0.03586	0.0	33.42585	0.0	0.0	0.0	0.0	0.0	0.0	0.0	0.0	0.0	0.0	0.0	0.0	0.0	0.0	0.0	0.0	0.0	0.0	0.02122	0.0	0.0	0.0	0.0	0.0	0.0	0.0	0.0	0.91526	0.0	0.0	0.0	0.0	0.0	0.0	1.5945	0.0	0.0	0.00034	0.0	0.0	0.0	0.0	0.0	0.0	0.04063	0.0	0.0	0.0	0.00116	0.62461	0.0	0.0	0.0	0.03541	0.97074	0.30052	0.0	0.0	4.45428	0.0	0.16624	0.00088	0.0	0.0	0.17008	1.93677	0.0	0.0	0.0	0.84505	1.2411	0.09206	0.0	0.0	0.0	0.0	0.0	0.0	0.0	0.28198	0.0	0.0	0.0	0.0	4.32444	0.0	0.0	0.0	0.00029	0.01403	0.0	0.0	0.14957	0.00457	0.04512	0.0	0.0	0.0	0.04349	0.0	0.24228	0.37751	0.01394	0.0	0.35138	0.0	0.0	0.0	0.0	0.0	0.0	0.0012	0.0	0.0	0.0	0.0	0.42059	0.0	0.0	0.0	0.57425	0.0	0.0	0.01675	0.0	0.00686	0.0	0.0	0.0	0.02447	0.0	0.0	0.0	0.0	0.0	0.0	0.0	0.0	0.0	0.0	0.0	0.19986	0.0	0.00488	0.0	0.0	0.0	0.0	0.0	0.02532	0.17398	0.0	0.0	0.90707	0.0	0.0	0.0	0.00286	0.0	0.0	0.0	0.0	0.0	0.0	0.0	0.01901	0.0	0.0	0.0	0.0	0.0	0.00058	0.0	0.0	0.0	0.02111	0.0	0.0	0.00569	0.0	0.0	0.0	0.0056	0.0	0.0	0.02417	0.0	0.0	0.0	0.0	0.0	0.07842	0.0	0.0	0.00638	0.0	0.0	0.0	0.0	0.00094	0.0	0.0	0.01418	0.30908	0.29637	0.0	0.0	0.0	0.0	0.0	0.0	0.0	0.0	0.00935	0.0	0.0	0.0	0.0	0.0	0.01136	0.0	0.0	0.0	0.0	0.0	0.0	0.0	0.0	0.0	0.0	0.0	0.0	0.17678	0.19363	0.0	0.0	18.33102	0.21364	0.0	0.0	0.0	0.0	0.0	0.01692	0.0	1.20008	0.0	0.0	0.0	0.00011	0.03989	0.00263	11.19487	0.0	0.0	0.0	0.0	0.0	0.26793	0.0	0.0	0.0	0.0	0.0	0.22984	0.0	1.34466	5.07102	0.0	0.0	0.0	0.0	0.00315	0.0	0.0	0.24165	0.0	0.01063	0.0	0.0	0.0	0.0	0.0	0.20638
SRR13327452	0.00492	0.0	0.0	0.0	0.00114	0.04394	0.08243	0.0	1.56818	0.0	0.0	1.30226	0.0	1.68222	0.0782	0.0	0.0	0.0	0.0	0.0	0.0	1.14145	0.0	0.0	0.02433	0.0	0.01511	0.0	3.00564	0.23811	0.01161	0.0	0.0	0.0031	0.0	0.0	0.0	5.51681	0.0	0.53067	0.0	0.0	0.0	3.50551	0.09812	0.03075	0.0	8.49441	0.0	0.0	0.0	0.0	0.0	0.0	0.0	0.0	0.0	0.0	0.0	0.0	0.0	0.0	0.0	0.0	0.0	0.0	0.00099	0.0	0.0	0.0	0.01067	0.0	0.0	0.0	0.0	1.83586	0.0	0.0	3.30597	0.0	0.0	0.0	0.00414	0.0	0.0	0.00433	0.0	0.0	0.02866	0.0	0.0	0.0	2.08936	0.0	0.0	0.0	0.0	0.63152	0.0	0.0	0.0	0.00302	0.56441	0.38667	0.0	0.0	0.0	0.0	0.26092	0.0	0.0	0.0	0.13896	0.97399	0.93815	0.0	0.0	0.84692	15.45557	0.04726	0.0	0.0	0.0	0.0	0.0	0.0	0.0	0.25409	0.0	0.0	0.0	0.0	0.0	0.03474	0.0	0.0	0.0	0.00653	1.37961	0.0	0.16041	0.01668	0.0029	0.00101	0.0	0.0	0.0	0.0	0.31812	0.0414	0.0	0.0	0.03332	0.01012	0.0	0.0	0.0	0.0	0.0	0.0	0.0	0.0	0.0	0.0	0.74731	10.18731	0.0	1.05272	0.0	0.0	0.0	0.0	0.07455	0.00182	0.0	0.0033	0.0	0.0	0.0	0.12631	0.0	0.0	0.0	0.0	0.0	0.0	0.0	0.0	0.0	1.96341	0.00237	0.01223	0.0	0.0	0.0	0.0	0.00355	0.0	0.00738	0.00969	0.0	7.05321	0.0	0.0	0.0	0.05045	0.0	0.03762	0.0	0.0	0.0	0.0	0.0	0.00726	0.0	0.0	0.0	0.0	0.0	0.00902	0.0	0.0	0.0	0.0	0.0	0.0	0.0	0.0	0.0	0.0	0.45562	0.0	0.0	0.79536	0.0	0.0	0.0	0.0	0.0	0.38274	0.0	0.0	0.0	0.0	0.0	0.0	0.0	0.0	0.0	0.0	0.0	0.0	0.0	0.0	0.0	0.0	0.0	0.0	0.0	0.0	0.0	0.0	0.0	0.0	0.0	0.0	0.0	0.0	0.0	0.0	0.0	0.0	0.0	0.0	0.0	0.00473	0.0	0.0	0.0	0.0	0.14903	4.05136	0.00047	0.0	2.51464	0.10121	0.0	0.0	0.0	0.0	0.0	0.01518	0.0	1.60546	0.0	0.0	0.0	0.0	0.00528	0.00327	0.63662	0.0	0.0	0.0	0.0	0.0	0.5041	0.0	0.0	0.0	0.0	0.0	0.0008	0.0	2.67142	6.65918	0.0	0.0	0.0	0.0	0.00218	0.83542	0.0	0.00312	0.0	0.0	0.0	0.0	0.0	0.0	0.0	0.08485
SRR13327453	0.0	0.0	0.0	0.0	0.0	0.03942	0.00905	0.0	0.27577	0.0	0.0	0.0	0.0	0.0	0.0	0.0	0.0	0.0	0.0	0.0	0.0	0.0	0.0	0.0	0.05125	0.0	0.0	0.0	2.9934	0.00909	0.0	0.0	0.0	0.0	0.0	0.0	0.0	0.12972	1.02578	0.0	0.0	0.0	0.0	59.5211	0.00253	0.00596	0.0	4.05087	0.0	0.0	0.0	0.0	0.0	0.0	0.0	0.0	0.0	0.0	0.0	0.0	0.0	0.0	0.0	0.0	0.0	0.0	0.0	0.0	0.0	0.0	0.0	0.0	0.0	0.0	0.0	0.09158	0.0	0.0	1.54262	0.0	0.0	0.00228	0.01387	0.0	0.0	0.00463	0.0	0.0	0.0	0.0	0.0	0.0	0.00079	0.0	0.0	0.0	0.0	0.00027	0.83166	0.0	0.0	0.0	0.12263	0.0	0.0	0.01081	0.0	0.0	0.06047	0.32889	0.0	0.0	0.00538	1.17892	0.0	0.0	0.0	0.00858	0.38284	0.35251	0.0	0.17495	0.0	0.0	0.0	0.0	0.0	0.02208	0.0	0.0	0.0	0.0	4.06933	0.0	0.0	0.0	0.0	0.00017	0.0	0.0	0.02609	0.00196	0.0	0.0	0.0	0.0	0.0601	0.0	0.01519	0.0	0.00028	0.0	0.03801	0.0	0.0	0.0	0.0	0.0	0.0	0.0	0.0	0.0	0.0	0.0	0.16268	0.46758	0.0	0.64694	0.0	0.0	0.0	0.0	0.0	0.0	0.0	0.0	0.0	0.0	0.0	0.0	0.0	0.0	0.0	0.0	0.0	0.0	0.0	0.0	0.0	7e-05	0.0	0.0	0.0	0.0	0.0	0.0	0.0	0.0	0.1041	0.0	0.0	0.65773	0.0	0.98601	0.0	0.0	0.0	0.0	0.0	0.0	0.0	0.0	0.0	0.00602	0.0	0.0	0.0	0.0	0.0	0.0	0.0	0.0	0.0	0.0	0.0	0.0	0.0	0.0	0.0	0.0	0.03268	0.0	0.0	0.00928	0.0	0.0	0.0	0.0	0.0	0.01198	0.0	0.0	0.0	0.00029	0.0	0.0	0.0	0.0	0.0	0.0	0.0	0.29482	0.04932	0.0	0.0	0.0	0.0	0.0	0.0	0.0	0.0	0.0	0.0	0.0	0.0	0.0	0.0	0.38374	0.0	0.0	0.0	0.0	0.0	0.0	0.0	0.0	0.0	0.0	0.0	0.0	0.03133	0.02082	0.0	0.0	5.79555	0.06805	0.0	0.0	0.0	0.0	0.0	0.02551	0.0	0.0	0.0	0.0	0.0	0.0	0.0011	0.00075	0.83203	0.0	0.0	0.0	0.0	0.0	0.16598	0.0	0.0	0.0	0.0	0.0	0.00038	0.0	0.18399	11.58457	0.0	0.0	0.0	0.0	0.00141	0.0	0.0	0.01444	0.0	0.0	0.0	0.0	0.0	0.0	0.0	0.0
SRR13327454	0.0	0.01719	0.0	0.0	0.00134	0.10662	0.0	0.0	0.26645	0.0	0.0	0.0	0.0	0.0555	0.0	0.0	0.0	0.0	0.0	0.0	0.0	0.0	0.0	0.0	0.00355	0.0	0.0	0.0	0.0013	0.31122	0.00893	0.0	0.0	0.00087	0.0	0.0	0.0	1.28656	0.0	0.0	0.171	0.0	0.0	4.81286	0.04801	0.02592	0.0	9.29524	0.0	0.0	0.0	0.0	0.0	0.0	0.03458	0.0	0.0	0.0	0.0	0.0	0.0	0.0	0.0	0.0	0.0	0.0	0.01718	0.0	0.0	0.0	0.05579	0.0	0.0	0.00221	0.0	0.54904	0.0	0.00081	0.0	0.0	0.0	0.0	0.03258	0.0	0.0	0.002	0.0	0.0	0.00598	0.0	0.0	0.0	0.13305	0.0	0.0	0.0	0.0	6.72866	0.07976	0.0	0.0	0.09619	0.86793	0.77615	0.0	0.42116	0.0	0.0	0.13142	0.15873	0.0	0.0	0.29915	0.16387	0.87327	0.00247	0.0	0.0	15.23401	0.05015	0.5498	0.0	0.0	0.0	0.0	0.0	0.0	0.0999	0.0	0.0	0.0	0.0	6.05948	0.00175	0.0	0.0	0.0	0.00919	0.0	0.0	0.05598	0.00646	0.0117	0.0	0.0	0.0	0.03246	0.0	0.05936	0.02344	0.00476	0.0	0.07244	0.35315	0.0	0.0	0.0	0.0	0.0	0.07868	0.0	0.0	0.0	0.0	0.43887	2.98961	0.0	0.0	0.0	0.0	0.0	0.0	0.28182	0.0	0.0	0.0	0.0	0.00511	0.0	0.00763	0.0	0.0	0.0	0.00086	0.0	0.0	0.0	0.0	0.0	0.01358	0.00037	0.00112	0.0	0.0	0.0	0.0	0.0	0.0	0.03781	0.0	0.0	6.79001	0.17141	0.0	0.0	0.00051	0.0	0.0	0.0	0.0	0.0	0.0	0.0	0.00953	0.0	0.0	0.0	0.0	0.00702	0.00068	0.0	0.0	0.0	0.0	0.0	0.0	0.08654	0.0	0.0	0.0	0.38052	0.0	0.0	0.19646	0.0	0.0	0.0	0.0	0.0	0.11144	0.0	0.0	0.0	0.00057	0.0	0.0	0.0	0.0	0.0	0.0	0.0	0.29596	1.67984	0.0	0.0	0.0	0.0	0.0	0.0	0.0	0.0	0.0	0.0	0.00539	0.0	0.0	0.0	0.0	0.0	0.0	0.0	0.0	0.00881	0.0	0.0	0.0	0.0	0.0	0.0	0.0	0.09221	1.31513	0.04983	0.0	2.44495	0.16794	0.0	0.00313	0.0	0.0	0.0	0.10091	0.0	0.0	0.0	0.0	0.44065	0.0	0.00075	0.0	5.82396	0.0	0.0	0.0	0.0	0.0	0.58313	0.0	0.0	0.0	0.0	0.0	0.00423	0.0	1.92861	22.81497	0.0	0.0	0.00086	0.0	0.05557	0.0	0.0	0.0	0.04967	0.02574	0.0	0.0	0.0	0.0	0.0	0.02903
SRR13327455	0.04149	0.0	0.0	0.0	0.0	0.24862	0.0	0.0	0.0	0.0	0.0	0.0	0.0	0.0499	0.02734	0.0	0.0	0.0	0.0	0.0	0.0	10.34932	0.0	0.0	0.03187	0.0	0.0	0.0	0.39	0.00026	0.00427	0.0	0.0	0.00562	0.0	0.0	0.0	0.5144	0.0	0.0	0.0	0.0	0.0	28.84148	0.02884	0.00878	0.0	22.19109	0.0	0.0	0.0	0.0	0.0	0.00073	0.0	0.0	0.0	0.0	0.0	0.0	0.0	0.0	0.0	0.0173	0.0	0.0	0.0	0.0	0.0	0.0	0.03457	0.0	0.0	0.0	0.0	0.00012	0.0	0.0	13.51996	0.0	0.0	0.0093	0.00116	0.0	0.0	0.00913	0.0	0.0	0.0	0.0	0.0	0.0	0.0	0.0	0.0	0.0	0.0	0.0	0.0	0.0	0.0	0.33986	1.85856	0.57911	0.0	0.0	0.0	0.00287	0.28911	0.0	0.0	0.0	0.01725	0.06738	0.0	0.0	0.0	0.0	0.0443	0.02467	0.0	0.0	0.0	0.0	0.0	0.0	0.0	0.117	0.0	0.0	0.0	0.0	0.0	0.0	0.0	0.0	0.0	0.0792	0.0	0.0	0.34516	0.05751	0.0	0.0	0.0	0.0	0.00402	0.0	0.08001	0.0	0.0	0.0	0.09385	0.0	0.0	0.0	0.0	0.0	0.0	0.03722	0.0	0.0	0.0	0.0	0.05806	0.0	0.0	0.00761	0.0	0.0	0.0	0.00164	0.12731	0.0	0.0	0.0	0.00358	0.05703	0.0	0.0	0.0	0.0	0.0	0.0	0.0	0.0	0.0	0.0	0.0	0.95342	0.02074	0.0	0.0	0.00362	0.0	0.0	0.0	0.0	0.0	0.0	0.0	6.37488	0.0	0.0	0.0	0.0	0.0	0.0	0.0	0.0	0.0	0.0	0.0	0.01658	0.0	0.0	0.0	0.0	0.0	0.00025	0.0	0.0	0.0	0.0	0.0	0.0	0.018	0.0	0.0	0.0	0.02571	0.0	0.0	0.02831	0.0	0.0	0.0	0.0	0.0	0.141	0.0	0.0	0.0	0.00205	0.0	0.0	0.0	0.09175	0.0	0.0	0.00063	3.1188	0.02836	0.0	0.0	0.0	0.0	0.0	0.0	0.0	0.0	0.0	0.0	0.0	0.0	0.0	0.0	0.0	0.0	0.0	0.0	0.0	0.0	0.0	0.0	0.0	0.0	0.0	0.0	0.0	0.19265	0.0	0.00118	0.0	0.0	0.14227	0.0	0.0	0.0	0.0	0.0	0.20595	0.0	1.23664	0.0	0.0	0.0	0.0	0.00454	0.00586	0.5652	0.0	0.0	0.0	0.0	0.0	0.92841	0.0	0.0	0.0	0.0	0.0	0.0	0.0	3.30256	1.4529	0.0	0.0	0.0	0.0	0.0	0.38668	0.0	0.0	0.13324	0.0	0.0	0.0	0.0	0.0	0.0	0.0
SRR13327456	0.00114	0.0	0.0	0.0	0.0	0.18643	0.08984	0.0	0.20316	0.0	0.0	0.0	0.0	0.0	0.0	0.0	0.0	0.0	0.0	0.0	0.0	0.0	0.0	0.0	0.0	0.0	0.0	0.0	0.23262	0.0924	0.07608	0.0	0.0	0.0	0.0	0.0	0.0	1.26576	0.0	0.0	0.0	0.0	0.0	17.40427	0.00227	0.0	0.0	11.31219	0.0	0.0	0.0	0.0	0.0	0.0	0.0	0.0	0.0	0.0	0.0	0.0	0.0	0.0	0.0	0.0	0.0	0.00012	0.0	0.0	0.0	0.0	0.0	0.0	0.0	0.0	0.0	1.7021	0.0	0.0	0.0	0.0	0.0	0.0	0.00784	0.0	0.0	0.01733	0.0	0.0	0.0	0.0	0.0	0.0	0.0	0.0	0.0	0.0	0.0	0.0	0.0	0.0	0.0	0.47398	2.15305	0.18263	0.0	0.0	0.0	0.00243	1.49809	0.00431	0.0	0.0	1.19346	0.71182	1.40677	0.0	0.0	0.0	3.67348	0.36235	0.0	0.0	0.0	0.0	0.0	0.0	0.0	0.18248	0.0	0.0	0.0	0.0	2.12306	0.0	0.0	0.0	0.0	0.01405	0.0	0.0	0.07816	0.03861	0.0	0.0	0.0	0.0	0.0	0.0	0.35531	0.0	0.0	0.0	0.23893	0.0	0.0	0.0	0.0	0.0	0.0	0.02058	0.00348	0.0	0.0	0.0	0.57293	1.68493	0.0	0.0	0.0	0.0	0.00035	0.00093	1.86665	4e-05	0.0	0.0	0.0	0.0	0.0	0.63058	0.0	0.0	0.0	0.0	0.00311	0.0	0.0	0.0	0.0	0.0	0.0	0.01981	0.0	0.0	0.0	0.0	0.0	0.0	0.0	0.0	0.0	10.90083	0.0	0.0	0.0	0.0	0.0	0.0	0.0	0.0	0.0	0.0	0.0	0.00495	0.0	0.0	0.0	0.0	0.0	0.02195	0.0	0.0	0.0	0.0	0.0	0.0	0.0	0.0	0.00048	0.0	0.0	0.0	0.0	0.11555	0.0	0.0	0.0	0.0	0.0	0.31835	0.0	0.0	0.0	0.00316	0.0	0.0	0.0	0.0	0.0	0.0	0.00292	2.12084	1.10473	0.0	0.0	0.0	0.0	0.0	0.0	0.0	0.0	0.0	0.0	0.0	0.0	0.0	0.0	0.00133	0.0	0.0	0.0	0.0	0.0	0.0	0.0	0.0	0.11451	0.0	0.0	0.0	0.12054	1.74645	0.0	0.0	9.8253	0.35176	0.0	0.0	0.0	0.0	4e-05	0.01915	0.0	8.03223	0.0	0.0	0.0	0.00102	0.00446	0.0	0.68295	0.0	0.0	0.0	0.0	0.0	3.71348	0.0	0.0	0.0	0.0	0.0	0.02888	0.0	5.71216	2.94907	0.0	0.0	0.0	0.0	0.00739	0.0	0.0	0.0	0.0	0.00564	0.0	0.0	0.0	0.0	0.0	0.0
SRR13327457	0.00161	0.0	0.0	0.0	0.0	0.04565	0.0	0.0	0.0	0.0	0.0	1.7242	0.0	2.15141	0.0	0.0	0.0	0.0	0.0	0.0	0.0	0.0	0.0	0.0	0.00901	0.0	0.00026	0.0	4.13206	0.19115	0.0524	0.0	0.0	0.0	0.0	0.0	0.0	8.69512	0.0	0.0	0.0	0.0	0.00887	6.16788	0.10951	0.02702	0.0	14.50906	0.0	0.0	0.0	0.0	0.0	0.07762	0.15313	0.0	0.0	0.0	0.0	0.0	0.0	0.00052	0.0	0.0512	0.0	0.0	0.0	0.0	0.0	0.0	0.00636	0.0	0.0	0.0	0.0	1.39677	0.0	0.0	0.80941	0.0	0.0	0.0	0.0	0.0	0.0	5e-05	0.0	0.0	0.01391	0.0	0.0	0.05836	0.0	0.0	0.0	0.00082	0.0	0.0	0.0	0.0	0.0	0.34113	0.43834	0.32664	0.0	0.11129	0.0	0.0	1.10971	0.0	0.0	0.0	0.0	0.38499	0.42992	0.0	0.0	0.0	17.70284	0.04991	0.0	0.0	0.0	0.0	0.0	0.0	0.0	0.39023	0.0	0.0	0.0	0.0	0.0	0.0	0.0	0.0	0.0	0.00259	0.0	0.0	0.04414	0.03564	0.01799	0.0012	0.0	0.0	0.11939	0.0	0.06383	0.0	0.0	0.0	0.0	0.14908	0.0	0.0	0.0	0.0	0.0	0.00082	0.0	0.0	0.0	0.0	0.78608	0.0	0.05523	0.0	0.25782	0.0	0.0	0.0023	0.12842	0.0	0.0	0.00147	0.0	0.0	0.0	0.07406	0.0	0.0	0.0	0.0	0.0	0.0	0.0	0.0	0.0	0.37837	0.00399	0.0	0.0	0.0	0.0	0.0	0.0	0.01336	0.0	0.0	0.0	1.91134	0.0	0.0	0.0	0.00724	0.0	0.00573	0.0	0.0	0.0	0.0	0.0	0.00415	0.0	0.0	0.0	0.0	0.0	0.02072	0.0	0.0	0.0	0.0	0.0	0.0	0.0	0.0	0.00076	0.0	0.05501	0.0	0.0	0.166	0.0	0.0	0.0	0.0	0.0	0.2233	0.0	0.0	0.0	0.0	0.0	0.0	0.0	0.0	0.0	0.0	0.0	1.17679	4.56831	0.0	0.0	0.0	0.0	0.0	0.0	0.0	0.0	0.0	0.0	0.0	0.0	0.0	0.0	0.00035	0.0	0.0	0.0	0.0	0.0028	0.0	0.0	0.0	0.01963	0.0	0.0	0.0	0.0	1.68625	0.01514	0.0	6.91434	0.18026	0.0	0.0	0.0	0.0	0.0	0.02262	0.0	0.55698	0.0	0.0	0.0	0.0	0.00038	0.0	1.53823	0.0	0.0	0.0	0.0	0.0	1.03953	0.0	0.0	0.0	0.0	0.0	0.0	0.0	3.46267	5.27897	0.0	0.0	0.0	0.0	0.03009	0.0	0.0	7.19371	0.08259	0.0	0.0	0.0	0.0	0.0	0.0	0.02196
SRR13327458	0.00847	0.0	0.0	0.0	0.0	0.0787	0.0	0.0	0.0	0.0	0.0	0.0	0.0	0.02045	0.0	0.22442	0.0	0.0	0.0	0.0	0.0	0.0	0.0	0.0	0.00101	0.0	0.01684	0.0	4.40445	0.27253	0.01558	0.0	0.0	0.01778	0.0	0.0	0.0	8.92989	0.0	0.0	0.0	0.0	0.0	0.0	0.0	0.01333	0.0	43.78923	0.0	0.0	0.0	0.0	0.0	0.0	0.0	0.0	0.0	0.0	0.0	0.0	0.0	0.0	0.0	0.0	0.0	0.0	0.00236	0.0	0.0	0.0	0.0	0.0	0.0	0.0	0.00603	1.01242	0.0	0.0	0.0	0.0	0.0	0.0	0.0028	0.0	0.0	0.01094	0.0	0.0	0.0	0.0	0.0	0.0	0.0	0.0	0.01682	0.0	0.00321	0.0	0.0	0.0	0.0	0.31549	0.55083	0.36456	0.0	0.0	0.0	0.0	0.33474	0.00831	0.0	0.0	0.0187	0.1769	0.0	0.0	0.0	0.0	8.76087	0.02312	0.0	0.0	0.0	0.0	0.0	0.0	0.0	1.22379	0.0	0.0	0.0	0.0	0.0	0.0	0.0	0.0	0.0	0.00621	0.0	0.0	0.02423	0.0456	0.0	0.0	0.0	0.0	0.0	0.0	0.05982	0.32786	0.0	0.0	0.0	0.00712	0.0	0.0	0.0	0.0	0.0	0.12834	0.0	0.0	0.0	0.00059	0.41473	0.0	0.0	0.38745	0.0	0.0	0.0	0.0	0.0	0.01773	0.0	0.0	0.0	0.01631	0.0	0.00549	0.0	0.0	0.0	0.0	0.0	0.0	0.0	0.0	0.0	0.0	0.0	0.0	0.0	0.0	0.0	0.0	0.0	0.0	0.0865	0.0	0.0	8.05247	0.0	0.00736	0.0	0.0	0.0	0.0	0.0	0.0	0.0	0.0	0.0	0.01784	0.0	0.0	0.0	0.0	0.0	0.0	0.0	0.0	0.0	0.02387	0.0	0.0	0.0	0.0	0.0	0.0	0.00762	0.0	0.0	1.82536	0.0	0.0	0.0	0.0	0.0	0.52722	0.0	0.0	0.00159	0.0	0.0	0.0	0.0	0.0	0.0	0.0	0.00083	0.0	1.67605	0.0	0.0	0.0	0.0	0.0	0.0	0.0	0.0	0.0	0.0	0.0	0.0	0.0	0.0	0.08769	0.0	0.0	0.0	0.0	0.0	0.0	0.0	0.0	0.0	0.0	0.0	0.0	0.00102	0.0	0.0	0.0	6.54082	0.2072	0.0	0.0	0.0	0.0	0.0	0.07279	0.0	2.97115	0.0	0.0	0.0	0.0	0.0	0.0	1.08977	0.0	0.0	0.0	0.0	0.0	1.54547	0.0	0.0	0.0	0.0	0.0	0.00067	0.0	0.76205	2.40407	0.0	0.0	0.0	0.0	0.02452	0.0	0.0	0.0	0.0	0.0	0.0	0.0	0.0	0.0	0.0	0.0
SRR13327459	0.0	0.0	0.0	0.0	0.0	0.0269	0.0	0.0	1.28751	0.0	0.0	0.0	0.0	0.18203	0.0	0.0	0.0	0.0	0.0	0.0	0.0	1.72593	0.0	0.0	0.0	0.0	0.0	0.0	7.51544	0.0	0.0	0.0	0.0	0.0	0.0	0.0	0.0	2.42062	0.0	0.0	0.0	0.0	0.0	22.75306	0.0	0.0	0.0	16.18938	0.0	0.0	0.0	0.0	0.0	0.0	0.0	0.0	0.0	0.0	0.0	0.0	0.0	0.0	0.0	0.0	0.0	0.0	0.0	0.0	0.0	0.0	0.0	0.0	0.0	0.0	0.0	0.97766	0.0	0.0	0.0	0.0	0.0	0.0	0.0	0.0	0.0	0.0	0.0	0.0	0.0	0.0	0.0	0.0	1.67154	0.0	0.0	0.0	0.0	0.58576	0.0	0.0	0.0	0.0	0.93384	0.0	0.0	0.0	0.0	0.0	0.1283	0.10378	0.0	0.0	0.06326	0.79491	0.0	0.0	0.0	0.0	10.49705	0.00648	0.0	0.0	0.0	0.0	0.0	0.0	0.0	1.06575	0.0	0.0	0.0	0.0	0.00422	0.00859	0.0	0.0	0.0	0.00091	0.0	0.0	0.0	0.00977	0.0	0.00101	0.0	0.0	0.0	0.0	0.3669	0.0	0.0	0.0	0.02313	0.0	0.0	0.0	0.0	0.0	0.0	0.0	0.0	0.0	0.0	0.0	0.99867	3.15392	0.0	0.0	0.17384	0.0	0.0	0.0066	0.0	0.0	0.0	0.0	0.0	0.0	0.0	0.00402	0.0	0.0	0.0	0.0	0.0	0.0	0.0	0.0	0.0	0.0	0.0	0.0	0.0	0.0	0.0	0.0	0.0	0.0	0.0	0.0	0.0	2.24265	0.0	0.00596	0.0	0.0	0.0	0.0	0.0	0.0	0.0	0.0	0.0	0.00524	0.0	0.0	0.0	0.0	0.0	0.0	0.0	0.0	0.0	0.03274	0.0	0.0	0.0	0.0	0.0	0.0	0.0	0.0	0.0	4.49613	0.0	0.0	0.0	0.0	0.0	0.25964	0.0	0.0	0.0	0.0	0.0	0.0	0.0	0.0	0.0	0.0	0.0	0.0	2.39576	0.0	0.0	0.0	0.0	0.0	0.0	0.0	0.0	0.0	0.0	0.0	0.0	0.0	0.0	0.0	0.0	0.0	0.0	0.0	0.0	0.0	0.0	0.0	0.0	0.0	0.0	0.0	0.0	7.35146	0.0	0.0	2.18016	0.35356	0.00664	0.0	0.0	0.0	0.0	0.01029	0.0	0.82232	0.0	0.0	0.0	0.0	0.0	0.0	3.51525	0.0	0.0	0.0	0.0	0.0	0.93265	0.0	0.0	0.0	0.0	0.0	0.0	0.0	0.21465	1.42724	0.0	0.0	0.0	0.0	0.06687	0.0	0.0	0.0	0.0	0.0	0.0	0.0	0.0	0.0	0.0	0.0
SRR13327460	0.0015	0.0	0.0	0.0	0.0	0.03961	0.0	0.0	0.46898	0.0	0.0	0.0	0.0	0.05555	0.0	0.0	0.0	0.0	0.0	0.01183	0.0	0.0	0.0	0.0	0.00578	0.0	0.00624	0.0	2.43543	0.01268	0.0064	0.0	0.0	0.00023	0.0	0.0	0.0	4.65235	0.0	0.0	0.0	0.0	0.0	14.99089	0.0	0.02426	0.0	3.19691	0.0	0.0	0.0	0.0	0.0	0.00129	0.08156	0.0	0.0	0.0	0.0	0.0	0.0	0.0	0.0	0.0	0.0	0.0	0.0	0.0	0.0	0.0	0.0	0.0	0.0	0.0	0.0	0.0556	0.0	0.0	0.0	0.0	0.0	0.0	0.01492	0.0	0.0	0.0017	0.0	0.0	0.0	0.0	0.0	0.00406	0.12415	0.0	0.0	9e-05	0.0	0.0	0.0	0.0	0.0	0.0	0.70464	0.07976	0.0	0.0	0.0	0.00866	0.63852	0.22832	0.0	0.0	0.10378	0.11956	0.0	0.00379	0.0	0.0	7.48118	0.0314	0.0	0.0	0.0	0.0	0.0	0.0	0.0	0.52325	0.0	0.0	0.0	0.0	5.4808	0.00392	0.0	0.0	0.0	0.00888	0.11116	0.0	0.13188	0.00274	0.00012	0.00556	0.0	0.0	0.0	0.0	0.1288	0.02875	0.0	0.0	0.11326	0.0	0.0	0.0	0.0	0.0	0.0	0.04276	0.0	0.0	0.0	0.0	0.04883	10.14043	0.0	0.6798	0.0	0.0	0.0	0.0	0.01264	0.0	0.0	0.0	0.0	0.0	0.0	0.0	0.0	0.0	0.0	0.0	0.0	0.0	0.0	0.0	0.0	1.38134	0.0	0.0	0.0	0.0	0.0	0.0	0.0	0.0	0.08246	0.0	0.0	5.19904	0.0	0.0	0.0	0.0	0.0	0.0	0.0	0.0	0.0	0.0	0.0	0.00422	0.0	0.0	0.0	0.0	0.0	0.0	0.0	0.0	0.0	0.0	0.0	0.0	0.0	0.0	4e-05	0.0	0.0	0.0	0.0	0.80009	0.0	0.0	0.0	0.0	0.0	0.0	0.0	0.0	0.0	0.0	0.0	0.0	0.0	0.00072	0.0	0.0	0.0	0.0	0.0	0.0	0.0	0.0	0.0	0.0	0.0	0.0	0.0	0.0	0.0	0.0	0.0	0.0	0.0	0.0	0.0	0.0	0.0	0.0	0.0	0.0	0.0	0.0	0.0	0.0	0.0	0.0	0.03523	8.0801	0.0	0.0	19.46206	0.17548	0.0	0.0	0.0	0.0	0.0	0.01369	0.0	1.9541	0.0	0.0	0.0	0.0	0.0	0.0	2.58336	0.0	0.23318	0.0	0.0	0.0	0.57416	0.0	0.0	0.0	0.0	0.0	0.00051	0.0	1.05375	3.31959	0.0	0.0	0.0	0.0	1.61925	0.0	0.0	0.3043	0.0	0.06812	0.0	0.0	0.0	0.0	0.0	0.0
SRR13327461	0.0	0.0	0.0	0.0	0.0	0.04229	0.0	0.0	0.76531	0.0	0.0	5.56935	0.0	0.19546	0.0	0.0	0.0	0.0	0.0	0.0	0.0	1.57249	0.0	0.0	0.00678	0.0	0.00393	0.0	3.23359	0.52084	0.02381	0.0	0.0	0.00267	0.0	0.0	0.0	1.70585	0.0	0.0	0.0	0.0	0.0	0.12605	0.12628	0.04899	0.0	9.96704	0.0	0.0	0.0	0.0	0.0	0.0	0.0	0.0	0.0	0.0	0.0	0.0	0.0	0.00581	0.0	0.0	0.0	0.0	0.0	0.0	0.0	0.0	0.02267	0.0	0.0	0.0	0.0	1.78735	0.0	0.0	0.0	0.0	0.0	0.0	0.01394	0.0	0.37355	0.01444	0.0	0.0	0.0	0.0	0.0	0.0	6.07881	0.0	0.0	0.0	0.0	0.0	0.0	0.0	0.0	0.5864	0.89656	0.13178	0.0	0.0	0.0	0.0	1.35946	0.00208	0.0	0.0	0.2248	1.6897	0.0	0.006	0.0	0.0	0.0	0.08697	0.0	0.0	0.0	0.0	0.0	0.0	0.0	0.35967	0.0	0.0	0.05065	0.0	5.32566	0.00669	0.0	0.0	0.0	0.0159	0.0	0.0	0.36857	0.01001	0.0	0.00159	0.0	0.0	0.12233	0.0	0.21277	0.0	0.0	0.0	0.07692	0.0	0.0	0.0	0.0	0.0	0.0	0.02955	0.0	0.0	0.0	0.0	0.66329	1.50325	0.0	0.0	0.0	0.0	0.00096	0.00803	0.04262	0.0	0.0	0.0	0.0	0.0	0.0	0.0	0.0	0.0	0.0	0.0	0.0	0.0	0.0	0.4909	0.0	0.0	0.0	0.0	0.0	0.0	0.0	0.0	0.00128	0.0	0.10516	0.0	0.0	5.69576	0.0	0.0	0.0	0.0	1.0685	0.0	0.0	0.0	0.0	0.0	0.0	0.01053	0.0	0.0	0.0	0.0	0.0	0.02902	0.0	0.0	0.0	0.0	0.0	0.0	0.0	0.0	0.01653	0.0	0.0	0.00177	0.0	0.0	0.0	0.0	0.0	0.31953	0.0	0.15036	0.0	0.0	0.00796	0.0	0.0	0.0	0.0	0.0	0.0	0.0	0.00271	0.0	0.0	0.0	0.0	0.0	0.0	0.0	0.0	0.0	0.0	0.0	0.0	0.0	0.0	0.0	0.0	0.0	0.0	0.0	0.0	0.0	0.0	0.0	0.0	0.0	0.03542	0.0	0.0	0.0	0.32421	1.3868	0.00556	0.0	7.47178	0.29446	0.0	0.0	0.0	0.0	0.0	0.06441	12.17286	1.85957	0.0	0.0	0.0	0.0078	0.01261	4e-05	0.80031	0.0	0.0	0.0	0.0	0.0	0.44764	0.0	0.0	0.0	0.0	0.0	0.02818	0.0	0.00165	16.80097	0.0	0.0	0.0	0.0	0.00319	0.0	0.00063	4.39105	0.0	0.00137	0.0	0.0	0.0	0.0	0.0	0.0
SRR13327462	0.0	0.0	0.0	0.0	0.0	0.0	0.0	0.0	0.0	0.0	0.0	3.16746	0.0	0.0	0.0	0.0	0.0	0.0	0.0	0.0	0.0	0.0	0.0	0.0	0.0	0.0	0.0	0.0	0.0	0.0	0.0	0.0	0.0	0.0	0.0	0.0	0.0	0.0	0.0	0.0	0.0	0.0	0.0	21.81812	0.0	0.0	0.0	28.16437	0.0	0.0	0.0	0.0	0.0	0.0	0.0	0.0	0.0	0.0	19.23806	0.0	0.0	0.0	0.0	0.0	0.0	0.0	0.0	0.0	0.0	0.0	0.0	0.0	0.0	0.0	0.0	0.0	0.0	0.0	2.87289	0.0	0.0	0.0	0.0	0.0	0.0	0.0	0.0	0.0	0.0	0.0	0.0	0.0	0.0	0.0	0.0	0.0	0.0	0.0	0.0	0.0	0.0	0.0	0.0	0.0	0.0	0.0	0.0	0.0	0.0	0.0	0.0	0.0	0.0	0.0	0.0	0.0	0.0	0.0	3.44202	0.0	0.0	0.0	0.0	0.0	0.0	0.0	0.0	0.0	0.0	0.0	0.0	0.0	0.4986	0.0	0.0	0.0	0.0	0.0	0.0	0.0	0.0	0.0	0.0	0.0	0.0	0.0	0.0	0.0	0.0	0.0	0.0	0.0	0.0	0.0	0.0	0.0	0.0	0.0	0.0	0.0	0.0	0.0	0.0	0.0	0.0	0.17468	0.0	0.0	0.0	0.0	0.0	0.0	0.0	0.0	0.0	0.0	0.0	0.0	0.0	0.0	0.0	0.0	0.0	0.0	0.0	0.0	0.0	0.0	0.0	0.0	0.0	0.0	0.0	0.0	0.0	0.0	0.0	0.0	0.0	0.0	0.0	0.0	1.26258	0.85495	0.0	0.0	0.0	0.0	0.0	0.0	0.0	0.0	0.0	0.0	0.0	0.0	0.0	0.0	0.0	0.0	0.0	0.0	0.0	0.0	0.0	0.0	0.0	0.0	0.0	0.0	0.0	0.0	0.0	0.0	0.0	0.0	0.0	0.0	0.0	0.97312	0.0	0.0	0.0	0.0	0.0	0.0	0.0	0.0	0.0	0.0	0.0	0.0	0.0	0.0	0.0	0.0	0.0	0.0	0.0	0.0	0.0	0.0	0.0	0.0	0.0	0.0	0.0	0.0	0.0	0.0	0.0	0.0	0.0	0.0	0.0	0.0	0.0	0.0	0.0	0.0	0.0	0.0	0.0	0.0	11.17598	0.0	0.0	0.0	0.0	0.0	0.0	0.0	0.0	2.3606	0.0	0.0	0.0	0.0	0.0	0.0	0.0	0.0	0.0	0.0	0.0	0.0	0.0	0.0	0.0	0.0	0.0	0.0	0.0	0.0	0.0	1.54597	0.0	0.0	0.0	0.0	0.0	2.4506	0.0	0.0	0.0	0.0	0.0	0.0	0.0	0.0	0.0	0.0
SRR13327463	0.00066	0.0	0.0	0.0	0.0	0.08422	0.0	0.0	0.07651	0.0	0.0	0.37806	0.0	0.00168	0.0	0.0	0.0	0.0	0.0	0.0	0.0	2.85863	0.0	0.0	0.0	0.0	0.0	0.0	6.05821	0.04165	0.00485	0.0	0.0	0.0	0.0	0.0	0.0	0.52166	0.0	0.0	0.0	0.0	0.0	33.30073	0.03344	0.01728	0.0	12.22178	0.0	0.0	0.0	0.0	0.0	0.0	0.0	0.0	0.0	0.0	0.0	0.0	0.0	0.0	0.0	0.0	0.0	0.0	0.0	0.0	0.0	0.0	0.02983	0.0	0.0	0.0	6e-05	1.48592	0.0	0.0	4.60102	0.0	0.0	0.0	0.01511	0.0	0.0	0.00624	0.0	0.0	0.0	0.0	0.0	0.0	0.01424	0.0	0.0	0.0	0.00179	3.022	0.0	0.0	0.0	0.0	0.72333	0.0	0.0	0.0	0.0	0.0	1.44943	0.27789	0.0	0.0	0.53329	0.10582	0.0	0.0	0.0	0.0	3.86814	0.03069	0.01019	1.41789	0.0	0.0	0.0	0.0	0.0	0.23347	0.0	0.0	0.0	0.0	0.0	0.0	0.0	0.0	0.0	0.00578	0.0	0.0	0.0	0.0058	0.0	0.00057	0.0	0.0	0.0	0.0	0.18422	0.0	0.0	0.0	0.05582	0.0	0.0	0.0	0.0	0.0	0.0	0.14604	0.0	0.0	0.0	0.0	0.39209	0.38977	0.0	0.0	0.0	0.0	0.0	0.0	0.0	0.00017	0.0	0.0	0.0	0.02361	0.0	0.0	0.0	0.0	0.0	0.0	0.0	0.0	0.0	0.0	0.0	0.0	0.0	0.0	0.0	0.0	0.0	0.0	0.0	0.0	0.0	0.0	0.0	12.37883	0.0	0.0066	0.0	0.0	0.0	0.0	0.0	0.00173	0.0	0.0	0.0	0.0071	0.0	0.0	0.0	0.0	0.0	0.0	0.0	0.0	0.0	0.0	0.0	0.0	0.0	0.0	0.01766	0.0	0.0	0.0	0.0	0.07211	0.0	0.0	0.0	0.0	0.0	0.16617	0.0	0.0	0.00378	0.00089	0.0	0.0	0.0	0.0	0.0	0.0	0.0158	1.92605	2.90861	0.0	0.0	0.0	0.0	0.0	0.0	0.00135	0.0	0.0	0.0	0.0	0.0	0.0	0.0	0.01789	0.0	0.0	0.0	0.0	0.0	0.0	0.0	0.0	0.0	0.0	0.0	0.0	0.00596	1.56055	0.00489	0.0	0.0	0.112	0.0	0.0	0.0	0.0	0.0	0.03289	0.0	1.19056	0.0	0.0	0.0	0.00062	0.00131	0.00484	3.73194	0.0	0.0	0.0	0.0	0.0	0.7995	0.0	0.0	0.0	0.0	0.0	0.0	0.0	0.0	0.0831399999999999	0.0	0.0	0.0	0.0	0.15303	0.0	0.0	0.0	0.14292	0.02172	0.0	0.0	0.0	0.0	0.0	0.0
SRR13327464	0.00441	0.0	0.0	0.0	0.00033	0.03726	0.0	0.0	2.67601	0.0	0.0	0.03478	0.0	0.13893	0.0	0.0	0.0	0.0	0.0	0.0	0.0	0.63667	0.0	0.0	0.01037	0.0	0.0	0.0	1.27075	0.00058	0.00065	0.0	0.0	0.00371	0.0	0.0	0.0	2.23205	0.0	0.0	0.0	0.0	0.0	8.55467	0.00734	0.0	0.0	5.01627	0.0	0.0	0.0	0.0	0.0	0.0	0.0	0.0	0.0	0.0	1.08315	0.0	0.0	0.0	0.0	0.0	0.0	0.04778	0.0	0.0	0.0	0.0	0.0	0.0	0.0039	0.0	0.0	1.12258	0.0	0.0	0.0	0.0	0.0	0.0	0.00208	0.0	0.0	0.00199	0.0	0.0	0.0005	0.0	0.01333	0.0	0.0	0.0	0.0	0.0	0.0	2.21194	0.0	0.0	0.0	0.0	0.40456	0.0	0.0	0.0	0.0	0.05658	0.05759	0.00199	0.0	0.0	0.74631	2.8426	0.0	0.0	0.0	0.0	11.75874	0.00552	0.0	0.0	0.0	0.0	0.0	0.0	0.0	0.13585	0.0	0.0	0.0	0.0	6.89064	0.07196	0.0	0.0	0.0	0.03109	0.0	0.0	0.00909	0.02559	0.0	0.0108	0.0	0.0	0.05987	0.0	0.0033	0.0	0.0	0.0	0.51845	0.00752	0.0	0.0	0.0	0.0	0.0	0.07006	0.0	0.0	0.0	0.0	0.06376	2.9793	0.0	0.58524	0.0	0.0	0.0	0.10848	0.00727	0.0	0.01208	0.0	0.0	0.0	0.0	0.0	0.0	0.0	0.07145	0.0	0.0	0.0	0.0	0.0	0.67159	0.29049	0.0	0.0	0.0	0.0	0.0	0.0	0.0	0.0	0.0068	0.0	0.0	11.51046	0.0	0.0	0.0	0.0	0.0	0.0	0.0	0.0	0.0	0.0	0.0	0.00516	0.0	0.0	0.0	0.0	0.0	0.0	0.0	0.0	0.0	0.0	0.0	0.0	0.0	0.0	0.0	0.0	0.0	0.0	0.0	0.0867	0.0006	0.0	0.0	0.0	0.0	0.64142	0.0	0.0	0.0	0.0	0.0	0.0	0.0	0.0	0.0	0.0	0.0	0.77117	4.65766	0.0	0.0	0.0	0.0	0.0	0.0	0.0	0.0	0.0	0.0	0.0	0.0	0.0	0.0	0.01835	0.0	0.0	0.0	0.0	0.0	0.0	0.0	0.0	0.0	0.0	0.0	0.0	0.06685	3.78454	0.00436	0.0	5.4062	0.02143	0.0	0.0	0.0	0.0	0.0	0.11334	0.0	0.63226	0.0	0.0	0.10046	0.0	0.0	0.0	1.29321	0.0	0.0	0.0	0.0	0.0	0.72839	0.0	0.0	0.0	0.0	0.0	0.13413	0.0	1.01508	15.35265	0.0	0.0	0.0	0.0	0.02547	0.0	0.0	0.0	0.0	0.00019	0.0	0.0	0.0	0.0	0.01329	0.0
SRR13327465	0.0	0.0	0.0	0.0	0.00663	0.04922	0.0	0.0	0.80334	0.0	0.0	0.00876	0.0	0.0	0.0	0.0	0.0	0.0	0.0	0.0	0.0	2.7228	0.0	0.0	0.0	0.0	0.00067	0.0	3.25941	0.0	0.0	0.0	0.0	0.00496	0.0	0.0	0.0	0.22929	0.0	0.0	0.0	0.0	0.0	26.73204	0.00341	0.0	0.0	8.97552	0.0	0.0	0.0	0.0	0.0	0.0	0.0	0.0	0.0	0.0	4.36162	0.0	0.0	0.0	0.0	0.0	0.0	0.0	0.0	0.0	0.0	0.0	0.0	0.0	0.0	0.0	0.0	0.35361	0.0	0.0	0.0	0.0	0.0	0.0	0.0	0.0	0.85652	0.00163	0.0	0.0	0.0	0.0	0.0	0.0	0.518	0.0	0.0	0.0	0.0	0.45159	0.0056	0.0	0.0	0.0	0.16816	0.0	0.0	0.0	0.0	0.0	0.01061	0.01257	0.0	0.0	0.00514	0.64038	0.0	0.0	0.0	0.70507	10.02119	0.13224	0.0	0.0	0.0	0.0	0.0	0.0	0.0	0.0313	0.0	0.0	0.0	0.0	3.35012	0.0	0.0	0.0	0.0	0.00406	0.00505	0.0	0.0	0.00301	0.0	0.0	0.0	0.0	0.00119	0.0	0.00051	0.0	0.0	0.0	0.00578	0.00035	0.0	0.0	0.14025	0.0	0.0	0.0	0.0	0.0	0.0	0.0	0.01663	1.00631	0.0	0.20094	0.14181	0.0	0.0	0.00496	0.0	0.00257	0.0	0.0	0.0	0.0	0.0	0.0	0.0	0.0	0.0	0.0	0.0	0.0	0.0	0.0	0.0	0.0	0.0	0.0	0.0	0.0	0.0	0.0	0.0	0.0	0.0	0.0	0.0	0.44618	0.0	0.0	0.0	0.0	0.0	0.0	0.0	0.0	0.0	0.0	0.0	0.00452	0.0	0.0	0.0	0.0	0.0	0.0	0.0	0.0	0.0	0.0	0.0	0.0	0.0	0.0	0.0	0.0	0.0	0.0	0.0	0.0	0.0	0.0	0.0108	0.0	0.0	0.05046	0.0	0.0	0.0	0.0	0.0	0.0	0.0	0.0	0.0	0.0	0.00028	0.0	0.0	0.0	0.0	0.0	0.0	0.0	0.0	0.01788	0.0	0.0	0.0	0.0	0.0	0.0	0.0	0.0	0.0	0.0	0.0	0.0	0.0	0.0	0.0	0.0	0.0	0.0	0.0	0.0	0.2869	12.90685	0.0003	0.0	7.65388	0.0006	0.01375	0.0	0.0	0.0	0.0	0.03668	0.0	0.0	0.0	0.0	0.0	0.0	0.00333	0.0	0.59975	0.0	0.0	0.0	0.0	0.0	0.03157	0.0	0.0	0.0	0.0	0.0	0.0	0.0	0.0	11.39643	0.0	0.0	0.0	0.0	0.02173	0.01034	0.0	0.5465	0.0	0.0045	0.0	0.0	0.0	0.0	0.0	0.00194
SRR13327466	0.0	0.0	0.0	0.0	0.0	0.04416	0.0	0.0	0.19243	0.0	0.0	0.0	0.0	3.00534	0.0	0.33615	0.0	0.0	0.0	0.0	0.0	1.49306	0.0	0.0	0.00709	0.0	0.04981	0.0	6.80368	0.02766	0.05958	0.0	0.0	0.0	0.0	0.0	0.0	6.62828	0.0	0.0	0.0	0.0	0.0	16.86419	0.0273	0.00355	0.0	10.55331	0.0	0.0	0.0	0.0	0.0	0.00096	0.0	0.0	0.0	0.0	0.0	0.0	0.0	0.0	0.0	0.0	0.0	0.0	0.0	0.0	0.0	0.0	0.0	0.0	0.0	0.0	0.0	0.23758	0.0	0.0	0.0	0.0	0.0	0.0	0.03303	0.0	0.0	0.00055	0.0	0.0	0.0	0.0	0.0	0.0	7e-05	0.0	0.0	0.0	0.0	0.0	0.0	0.0	0.0	0.38996	0.42998	0.09967	0.0	0.0	0.0	0.0	0.18452	0.0	0.0	0.0	0.01017	0.33643	0.0	0.0	0.0	0.0	7.27707	0.03237	0.0	0.0528	0.0	0.0	0.0	0.0	0.0	0.31863	0.0	0.0	0.0	0.0	7.60613	0.0	0.0	0.0	0.0	0.00059	2.53685	0.0	0.07423	0.00135	0.0	0.0	0.0	0.0	0.0886	0.0	0.06052	0.20118	0.02876	0.0	0.10674	0.06089	0.0	0.0	0.0	0.0	0.0	0.0	0.0	0.0	0.0	0.0	1.20815	0.76509	0.0	0.52393	0.0	0.0	0.0	0.01407	0.0	0.0	0.0	0.0	0.0	0.0	0.0	0.17995	0.0	0.0	0.06351	0.0	0.0	0.0	0.17851	0.0	0.0	0.0	0.0	0.0	0.0	0.0	0.0	0.0	0.0	0.0202	0.07648	0.0	0.0	4.00472	0.0	0.0	0.0	0.00642	0.0	0.0	0.0	0.0	0.0	0.0	0.0	0.00366	0.0	0.0	0.0	0.0	0.0	0.0	0.44057	0.0	0.0	0.0025	0.0	0.0	0.17769	0.0	0.00297	0.0	0.10607	0.0	0.0	0.0	0.0	0.0	0.0	0.0	0.0	0.0	0.0	0.0	0.00046	0.00585	0.0	0.0	0.0	0.0	0.0	0.0	0.00201	0.89273	1.42918	0.0	0.0	0.0	0.0	0.0	0.0	0.0	0.0	0.0	0.0	0.0	0.0	0.0	0.0	0.00029	0.0	0.0	0.0	0.0	0.0	0.0	0.0	0.0	0.0	0.0	0.0	0.0	0.02765	0.42228	0.00301	0.0	3.44164	0.26668	0.0	0.0	0.0	0.0	0.0	0.00612	0.0	2.67382	0.0	0.0	0.00369	0.0	0.0	4e-05	0.6533	0.0	0.0	0.0	0.0	0.0	0.46577	0.0	0.0	0.0	0.0	0.0	0.0	0.0	0.10631	14.05138	0.0	0.0	0.0	0.0	0.04651	1.45014	0.0	0.01141	0.0	0.0	0.0	0.0	0.0	0.0	0.0	0.0
SRR13327467	0.0	0.00019	0.0	0.0	0.0	0.00272	0.0	0.0	0.42423	0.0	0.0	0.00017	0.0	0.8693	0.0	0.0	0.0	0.0	0.0	0.0	0.0	1.50593	0.0	0.0	0.00056	4e-05	0.00765	0.0	1.6364	0.11358	0.01742	0.0	0.0	7e-05	0.0	0.0	0.0	1.66817	0.0	0.0	0.0	0.0	0.0	7.86307	0.08782	0.00181	0.0	8.01738	0.0	0.0	0.0	0.0	0.0	0.0002	0.0155	0.0	0.0	0.0	5.00464	0.0	0.0	0.0	0.0	0.0	0.0	0.0	0.0	0.0	0.0	0.0	0.02044	0.0	0.0	0.0	0.0	1.2132	0.0	0.01301	0.40946	0.0	0.0	0.0	0.0032	0.00718	0.0	0.0	0.0	0.0	0.00168	0.0	0.0	0.0	1.40731	0.0	0.0	0.00574	0.0	1.05493	0.0	0.0	0.0	0.20581	0.24713	0.00577	0.0	0.0	0.0	0.00521	0.07517	0.0007	0.0	0.0	2.57555	0.12157	0.0	0.00147	0.0	0.1189	8.11563	0.60863	0.0	0.0	0.0	0.0	0.0	0.0	0.0	0.13222	0.0	0.0	0.0	0.0	5.28046	0.0	0.0	0.0	0.0	0.00533	0.0	0.0	0.02665	0.00464	0.00574	0.00322	0.0	0.0	0.00355	0.0	0.00795	0.0509	0.01527	0.0	0.00524	0.0	0.0	0.0	0.0	0.0	0.0	0.00758	0.0	0.0	0.0	0.0	0.40871	2.01403	0.0	0.22959	0.0	0.0	0.0	0.00207	0.0023	0.0	0.0	0.0	0.0	0.07075	0.0	0.0	0.0	0.0	0.0	0.0	0.0	0.0	0.0	0.00432	0.0	0.01162	0.00232	0.00532	0.0	0.0	0.0	0.0	0.0	0.00421	0.007	0.0	0.0	0.80976	0.0	0.04457	0.0	0.0	0.25118	0.0	0.0	0.0	0.0	0.0	0.0	0.00108	0.0	0.0	0.0	0.0	0.0	0.00067	0.01899	0.0	0.0	0.00256	0.0	0.0	0.13968	0.0	0.0	0.0	0.17314	0.0	0.0	0.0879	0.0	0.0	0.0	0.0	0.0	0.00016	0.0	0.0	0.0	0.0	0.0	0.0	0.0	0.0	0.0	0.0	0.00172	0.00448	1.14329	0.0	0.00024	0.0	0.0	0.0	0.0	0.0	0.0	0.0	0.0	0.0	0.0	0.0	0.0	0.0	0.0	0.0	0.0	0.0	0.0	0.0	0.0	0.0	0.0	0.0	0.0	0.0	0.00557	5.00189	0.0	0.0	12.45046	0.05612	0.0	0.0	0.0	0.0	0.0	0.00238	0.0	0.31627	0.0	0.0	0.19476	0.00345	0.0	0.0	0.08913	0.0	0.23785	0.0	0.0	0.0	0.02767	0.0	0.0	0.0	0.0	0.0	0.00275	0.0	0.00953	24.73687	0.0	0.0	0.0	0.0	0.00273	0.94139	0.0	0.95162	0.0	0.0	0.40016	0.0	0.0	0.0	0.0	0.12444
SRR13327468	0.0	0.0	0.0	0.0	0.0	0.01318	0.60153	0.0	0.60872	0.0	0.0	0.13532	0.0	0.1391	0.0	0.01055	0.0	0.0	0.0	0.0	0.0	1.66855	0.0	0.0	0.00105	0.0	0.03103	0.0	2.20011	0.00168	0.02817	0.03135	0.0	0.00037	0.0	0.0	0.0	0.66512	0.0	0.02828	0.0	0.0	0.02016	1.26915	0.13371	0.00953	0.0	12.00977	0.0	0.0	0.0	0.0	0.0	0.0072	0.00418	0.0	0.0	0.0	3.14113	0.0	0.0	0.0	0.0	0.0	0.0	0.0	0.0	0.0	0.0	0.0	0.08295	0.0	0.0	0.03707	0.0	1.04754	0.0	0.0	0.11089	0.0	0.0	0.0	0.01064	0.0	2.01385	0.0	0.0	0.0	0.00546	0.0	0.0	0.12841	0.0	0.0	0.0	0.0057	0.0	0.54412	0.0	0.0	0.0	0.27271	1.68865	0.03081	0.0	0.12369	0.0	0.0	0.12588	0.0	0.0	0.0	0.01204	0.5226	0.0	0.00913	0.0	0.17456	9.1206	0.07911	0.0	0.0	0.0	0.0	0.0	0.0	0.0	0.06352	0.0	0.0	0.0	0.0	4.95258	0.0	0.0	0.0	0.0	0.01158	5.20629	0.0	0.019	0.00734	0.02578	0.0	0.0	0.0	0.05608	0.0	0.02639	0.0	0.0	0.0	0.05741	0.05504	0.0	0.0	0.28655	0.0	0.0	0.0	0.0	0.0	0.0	0.0	1.3281	1.95694	0.00557	0.46417	0.0	0.0	0.0	0.0	0.07986	0.0	0.0	0.0	0.0	0.02019	0.0	0.07632	0.0	0.0	0.0	0.0	0.0	0.0	0.0	0.0	0.087	0.05454	0.0	0.0	0.0	0.0	0.0	0.0	0.0	0.01264	0.0	0.0	0.0	2.41458	0.0	0.0	0.0	0.0	0.0	0.01751	0.0	0.0	0.0	0.0	0.0	0.00406	0.0	0.0	0.0	0.0	0.0	0.01252	0.0	0.0	0.0	0.00932	0.0	0.0	0.0	0.0	0.0	0.0	0.0	0.0	0.0	0.00762	0.0	0.0	0.0	0.0	0.0	0.13177	0.0	0.0	0.0	0.0	0.0	0.0	0.0	0.0	0.0	0.0	0.0	0.96458	0.06579	0.0	0.0	0.0	0.0	0.0	0.0	0.0	0.0	0.0	0.0	0.00225	0.0	0.0	0.0	0.00072	0.0	0.0	4.53975	0.0	0.0	0.0	0.0	0.0	0.05945	0.0	0.0	0.0	0.03809	3.65013	0.02681	0.0	5.93201	0.032	0.0	0.0	0.0	0.0	0.0	0.00707	0.0	0.25371	0.0	0.0	0.0	0.0	0.0	0.0	0.91924	0.0	0.0	0.0	0.0	0.0	0.04447	0.0	0.0	0.0	0.0	0.0	0.0	0.0	0.0	21.80872	0.0	0.0	0.0	0.0	0.0	2.3547	0.0	0.86994	0.06284	0.0	2.00838	0.0	0.0	0.0	0.0	0.00371
SRR13327469	0.0	0.0	0.0	0.0	0.0	0.06794	0.0	0.0	1.39099	0.0	0.0	0.0	0.0	0.0	0.0	0.0	0.0	0.0	0.0	0.0	0.0	0.0	0.0	0.0	0.0	0.0	0.02856	0.0	0.51361	0.04041	0.01014	0.0	0.0	0.0	0.0	0.0	0.0	0.3928	0.0	0.0	0.0	0.0	0.0	10.32923	0.0	0.0	0.0	10.29719	0.0	0.0	0.0	0.0	0.0	0.0	0.0	0.0	0.0	0.0	0.0	0.0	0.0	0.0	0.0	0.0	0.0	0.0001	0.0	0.0	0.0	0.0	0.0	0.0	0.0	0.0	0.0	0.03487	0.0	0.0	0.0	0.0	0.0	0.0	0.02523	0.0	0.0	0.00572	0.0	0.0	0.0	0.0	0.0	4e-05	1.07746	0.0	0.0	0.0	0.0	3.8453	0.08793	0.0	0.00039	0.23764	2.62088	0.31615	0.0	0.39631	0.0	0.00042	1.07026	0.0	0.0	0.0	0.08816	14.67061	0.0	0.01221	0.0	0.0	1.45705	0.10717	0.0	0.0	0.0	0.0	0.0	0.0	0.0	1.10897	0.0	0.0	0.0	0.0	3.53715	0.00755	0.0	0.0	0.0	0.02377	0.0	0.0	0.0	0.05412	0.0	0.00291	0.0	0.0	0.0697	0.0	0.17444	0.0	0.0	0.0	0.21211	0.0	0.0	0.0	0.0	0.0	0.0	0.01672	0.0	0.0	0.0	0.0	1.95181	2.22975	0.0	0.0	0.0	0.0	0.00952	0.06917	0.0	0.00073	0.0	0.0	0.0	0.0	0.0	0.0	0.0	0.0	0.0	0.0	0.0	0.0	0.0	0.0	0.0	6.6581	0.0	0.0	0.0	0.0	0.0	0.0	0.0	0.0	0.57646	0.0	0.0	8.39926	0.0	0.0	0.0	0.00145	0.0	0.0	0.0	0.0	0.0	0.0	0.0	0.01035	0.03403	0.0	0.0	0.0	0.0	0.0	0.0	0.0	0.0	0.0	0.0	0.0043	0.0	0.0	0.00341	0.0	0.0	0.0	0.0	0.0	0.0	0.0	0.0	0.0	0.0	0.0	0.0	0.0	0.0	0.0	0.0	0.0	0.0	0.0	0.0	0.0	0.0	0.0	1.17456	0.0	0.0	0.0	0.0	0.0	0.0	0.0	0.0	0.0	0.0	0.0	0.0	0.0	0.0	0.0	0.0	0.445	0.0	0.0	0.0	0.0	0.0	0.0	0.0	0.0	0.0	0.03103	0.10267	0.52316	0.04231	0.0	8.75864	0.0	0.0	0.0	0.0	0.0	0.0	0.09017	0.0	0.0	0.0	0.0	0.0	0.0	0.00092	0.00051	4.5044	0.0	0.0	0.0	0.01216	0.0	1.73206	0.0	0.0	0.0	0.0	0.0	0.04558	0.0	0.01027	8.12345	0.0	0.0	0.0	0.0	0.12257	0.0	0.0	0.0	0.0	0.0	0.0	0.0	0.0	0.0	0.0	0.0
SRR13327470	0.00602	0.0	0.0	0.0	0.00294	0.32679	0.0	0.0	0.0	0.0	0.0	0.0	0.0	0.0	0.0	0.0	0.00732	0.0	0.0	0.0	0.0	4.44834	0.0	0.0	0.0	0.0	0.0	0.0	0.66225	0.01849	0.00335	0.0	0.0	0.0236	0.0	0.0	0.0	0.92205	0.0	0.0	0.0	0.0	0.0	5.29603	0.07238	0.0	0.0	29.93932	0.0	0.0	0.0	0.0	0.0	0.0	0.0	0.0	0.0	0.0	0.0	0.0	0.0	0.0	0.0	0.0	0.0	0.0	0.0	0.0	0.0	0.0	0.0	0.0	0.0	0.0	0.0	0.05817	0.0	0.0	0.0	0.0	0.0	0.0	0.0	0.0	0.0	0.00688	0.0	0.0	0.0	0.0	0.0	0.0	0.55756	0.0	0.0	0.0	0.0	0.0	0.0	0.0	0.0	0.49715	0.48989	0.06307	0.0	0.0	0.0	0.00143	0.8933	0.00101	0.0	0.0	0.07499	0.00814	0.26921	0.0	0.0	0.0	17.93078	0.0	0.0	0.0	0.0	0.0	0.0	0.00567	0.0	0.64504	0.0	0.0	0.0	0.0	0.0	0.00029	0.0	0.0	0.0	0.03599	0.0	0.0	0.07901	0.05748	0.0	0.00141	0.0	0.0	0.19332	0.0	0.94065	0.0	0.0	0.0	0.05094	0.0	0.0	0.0	0.0	0.0	0.0	0.06051	0.0	0.0	0.0	0.0	1.34055	0.0	0.0	0.0	0.0	0.0	0.0	0.00701	0.0681	0.0215	0.0	0.00711	0.0	0.0	0.0	0.0	0.0	0.0	0.00127	0.0	0.0	0.0	0.0	0.0	0.0	0.0	0.0	0.0	0.0	0.0	0.0	0.0	0.0	0.0	0.00231	0.0	0.0	11.64398	0.0	0.00288	0.0	0.0	0.0	0.0	0.0	0.0	0.0	0.0	0.0	0.00649	0.0	0.0	0.0	0.0	0.0	0.0	0.0	0.0	0.0	0.0	0.0	0.0	0.0	0.0	0.01181	0.0	0.00125	0.0	0.0	0.0	0.0	0.0	0.0	0.0	0.0	0.0	0.0	0.0	0.00807	0.00122	0.0	0.0	0.0	0.0	0.0	0.0	0.03365	0.0	4.72373	0.0	0.0	0.0	0.0	0.0	0.0	0.00078	0.0	0.0	0.0	0.0	0.0	0.0	0.0	0.0	0.0	0.0	0.00241	0.0	0.0	0.0	0.0	0.0	0.0	0.0	0.0	0.0	0.0002	0.00664	0.00702	0.0	0.0	0.21907	0.0	0.0	0.0	0.0	0.0	0.145	0.0	0.0	0.0	0.0	0.0	0.00593	0.00288	0.0	1.64492	0.0	0.57292	0.0	0.0	0.0	4.67361	0.0	0.0	0.0	0.0	0.0	0.0	0.0	4.3682	5.77458	0.0	0.0	0.0	0.0	0.04134	0.0	0.0	0.0	0.0	0.00283	0.0	0.0	0.0	0.0	0.0	0.0
SRR13327471	0.0	0.0	0.0	0.0	0.00486	0.01929	0.0	0.0	0.0	0.0	0.0	0.0	0.0	0.0	0.0	0.0	0.0	0.0	0.0	0.0	0.0	0.0	0.0	0.0	0.0	0.0	0.0	0.0	4.93645	0.0	0.0	0.0	0.0	0.02932	0.0	0.0	0.0	2.44689	0.0	0.0	0.0	0.0	0.0	27.58249	0.0	0.0	0.0	13.30552	0.0	0.0	0.0	0.0	0.0	0.0	0.0	0.0	0.0	0.0	0.00205	0.0	0.0	0.00018	0.0	0.0	0.0	0.00056	0.0	0.0	0.0	0.0	0.0	0.0	0.0	0.0	0.0	0.89432	0.0	0.0	0.0	0.0	0.0	0.0	0.01406	0.0	0.0	0.00304	0.0	0.0	0.0	0.0	0.0	0.0	0.37162	0.0	0.0	0.0	0.0	2.28789	0.0	0.0	0.0	0.0	0.53961	0.00189	0.0	0.0	0.0	0.0	0.03221	0.02617	0.0	0.0	0.7765	0.0	0.0	0.0	0.0	0.64305	19.06877	0.0	0.0	0.03381	0.0	0.0	0.0	0.0	0.0	0.68558	0.0	0.0	0.0	0.0	0.0	0.02362	0.0	0.0	0.0	0.0	0.0	0.0	0.0	0.0	0.0	0.01209	0.0	0.0	0.0	0.0	0.06014	0.0	0.0	0.0	0.01674	0.0	0.0	0.0	0.0	0.0	0.0	0.03721	0.0	0.0	0.0	0.0	0.0074	0.28208	0.0	0.49817	0.0	0.0	0.0	0.29688	0.0	0.0	0.0	0.00154	0.0	0.0	0.0	0.0	0.0	0.0	0.00058	0.0	0.0	0.0	0.0	0.0	0.0	0.0	0.0	0.0	0.0	0.0	0.0	0.0	0.0	0.0	0.0	0.0	0.0	2.95397	0.0	0.0	0.0	0.0	0.0	0.0	0.0	0.0	0.0	0.0	0.0	0.0	0.0	0.0	0.0	0.0	0.0	0.0	0.0	0.0	0.00043	0.0	0.0	0.0	0.0	0.0	0.0007	0.00049	0.0	0.0	0.0	0.0	0.0	0.00085	0.0	0.0	0.0	0.25335	0.0	0.0	0.0	0.0026	0.0	0.0	0.0	0.0	0.0	0.0	0.0	0.0	2.46374	0.0	0.0	0.0	0.0	0.0	0.0	0.0	0.0	0.0	0.0	0.0	0.0	0.0	0.0	0.0	0.0	0.0	0.00275	0.0	0.0	0.0	0.0	0.0	0.0	0.0	0.0	0.0	0.02813	8.92316	0.00091	0.0	0.0005	0.04486	0.0	0.0	0.0	0.0	0.0	0.00066	0.0	0.0	0.0	0.0	0.0	0.00645	0.00114	0.0	3.13232	0.0	0.0	0.0	0.0	0.0	0.17895	0.0	0.0	0.0	0.0	0.0	0.01012	0.0	0.84607	4.91456	0.0	0.0	0.0	0.0	1.28344	0.0	0.0	0.0	0.0	0.00725	0.0	0.0	0.0	0.0	0.0	0.0
SRR13327472	0.00038	0.0	0.0	0.0	0.0	0.04393	0.29931	0.0	0.04478	0.0	0.0	2.65517	0.0	0.16248	0.0	0.0	0.0	0.0	0.0	0.0	0.0	1.05121	0.0	0.0	0.00272	0.0	0.0273	0.0	2.93431	0.0	0.02286	0.0	0.0	0.0	0.0	0.0	0.0	0.99769	0.0	0.0	0.0	0.0	0.0465	12.0173	0.09152	0.02638	0.0	2.70489	0.0	0.0	0.0	0.0	0.0	0.0	0.0	0.0	0.0	0.0	1.33909	0.0	0.0	0.00046	0.0	0.0	0.0	0.0	0.01224	0.0	0.0	0.0	0.0	0.0	0.0	0.0	0.0	0.47682	0.0	0.0	5.19924	0.0	0.0	0.0	0.00268	0.01426	0.51029	0.00203	0.0	0.0	0.00975	0.0	0.0	0.0	0.867	0.0	0.0	0.0	0.0	0.15494	0.01008	0.0	0.0	0.55308	0.26703	0.01506	0.0	0.24635	0.0	0.0	0.14832	0.00362	0.0	0.0	0.18626	0.33267	0.0	0.0	0.0	0.0	4.1497	0.65169	0.12101	0.00043	0.0	0.0	0.0	0.0	0.0	0.23361	0.0	0.0	0.0	0.0	1.94591	0.0	0.0	0.0	0.0	0.0043	1.66406	0.0	0.10281	0.0	0.02592	0.0	0.0	0.0	0.02602	0.0	0.13316	0.15542	0.00365	0.0	0.1223	0.02533	0.0	0.0	0.13921	0.0	0.0	0.00497	0.0	0.0	0.0	0.0	0.92889	0.79411	0.0	0.0229	0.22271	0.0	0.0	0.04422	0.02535	0.0	0.0	0.0	0.0	0.05453	0.0	0.14555	0.0	0.0	0.0	0.0	0.0	0.0	0.00213	0.0	0.0	0.15982	0.0	0.00036	0.0	0.0	0.0	0.0	0.0	0.2082	0.02578	0.0	0.0	1.20456	0.0	0.0	0.0	0.00155	0.0	0.0	0.0	0.0	0.0	0.0	0.0	0.00121	0.0	0.0	0.0	0.0	0.0	0.02559	0.0	5.30092	0.0	0.0	0.0	0.0	0.00051	0.0	0.0	0.0	0.1582	0.0	0.0	0.16322	0.0	0.0	0.0	0.0	0.0	0.11588	0.0	0.0	0.0	0.0	0.0	0.0	0.0	0.0	0.0	0.0	0.0	0.0	0.01036	0.0	0.0	0.0	0.0	0.0	0.0	0.0	0.0	0.0	0.0	0.00324	0.0	0.0	0.0	0.65832	0.0	0.0	17.22619	0.0	0.0	0.0	0.0	0.0	0.0	0.0	0.0	0.0	0.4332	0.78509	0.00401	0.0	1.80211	0.37134	0.0	0.0	0.0	0.0	0.0	0.02094	0.0	1.44325	0.0	0.0	0.02444	0.29661	0.00212	0.0	1.43868	0.0	0.0	0.0	0.0	0.0	0.10458	0.0	0.0	0.0	0.0	0.0	0.11624	0.0	0.05462	20.37203	0.0	0.0	0.0	0.0	0.00218	1.73326	0.0	0.36109	0.0	0.0026	0.0	0.0	0.0	0.0	0.0	0.13395
SRR13327473	0.00327	1.60529	0.0	0.0	0.00529	0.04738	0.0	0.0	0.0	0.0	0.0	0.02272	0.0	0.0	0.0	0.0	0.0	0.0	0.0	0.0	0.0	1.60516	0.0	0.0	0.01273	0.0	0.01342	0.0	0.38246	0.02683	0.0292	0.0	0.0	0.00219	0.0	0.0	0.0	1.84963	0.0	0.05527	0.0	0.0	0.0	27.69044	0.03859	0.01908	0.0	8.9401	0.0	0.0	0.0	0.0	0.0	0.10105	0.0	0.0	0.0	0.0	0.0	0.0	0.0	0.0	0.0	0.0	0.0	0.0	0.0	0.0	0.0	0.0	0.01285	0.0	0.0	0.0	0.0	0.09564	0.0	0.0	4.81484	0.0	0.0	0.0	0.00669	0.0	0.0	0.00031	0.0	0.0	0.0	0.0	0.0	0.0	0.32329	0.0	0.00015	0.00098	0.0	0.0	0.0	0.0	0.0	0.46072	0.30649	0.05169	0.0	0.0	0.0	0.0	0.27541	0.0	0.0	0.0	0.0	15.39806	0.0	0.0	0.0	1.21047	5.31961	0.05653	0.0	0.84953	0.0	0.0	0.0	0.0	0.0	0.43879	0.0	0.0	0.0	0.0	0.0	0.02319	0.0	0.0	0.0	0.0087	0.0	0.0	0.04185	0.01737	0.00556	0.0	0.0	0.0	0.02069	0.0	0.02795	0.0	0.0	0.0	0.195	0.0	0.0	0.0	0.0	0.0	0.0	0.0	0.0	0.0	0.0	0.0	0.77981	2.08979	0.0	0.0	0.0	0.0	0.0	0.0	0.07317	0.0003	0.0	0.0	0.0	0.0	0.0	0.52474	0.0	0.0	0.0	0.0	0.0	0.0	0.0	0.0	0.08648	0.12855	0.0	0.0	0.0	0.0	0.0	0.0	0.0	0.02445	3e-05	0.0	0.0	4.69825	0.0	2.12526	0.0	0.01176	0.02383	0.0	0.0	0.0	0.0	0.0	0.0	0.00787	0.0	0.0	0.0	0.0	0.0	0.00049	0.0	0.0	0.0	0.01718	0.0	0.0	0.0	0.0	0.00192	0.0	0.0	0.0	0.0	0.15758	0.0	0.0	0.0	0.0	0.0	0.25988	0.0	0.0	0.0	0.0	0.0	0.0	0.0	0.00037	0.0	0.0	0.0	0.46132	2.5387	0.0	0.0	0.0	0.0	0.0	0.0	0.0	0.0	0.0	0.0	0.0	0.0	0.0	0.0	0.0	0.0	0.0	0.0	0.0	0.0	0.0	0.0	0.0	0.0	0.0	0.0	0.0	0.17845	7.58612	0.0	0.0	0.06603	0.1297	0.0	0.0	0.0	0.0	0.0	0.01241	0.0	2.95519	0.0	0.0	0.0	0.0	0.00171	0.0	0.64403	0.0	0.0	0.0	0.0	0.0	0.32245	0.0	0.0	0.0	0.0	0.0	0.07759	0.0	0.05277	1.53058	0.0	0.0	0.0	0.0	0.01877	0.0	0.0	0.0	0.0	0.0	0.0	0.0	0.0	0.0	0.0	0.0
SRR13327474	0.00219	0.0	0.0	0.0	0.01938	0.06336	0.11126	0.0	0.0	0.0	0.0	0.0	0.0	0.44926	0.0	0.0	0.0	0.0	0.0	0.0	0.0	0.0	0.0	0.0	0.01262	0.0	0.0	0.0	5.04891	0.00778	0.11885	0.0	0.0	0.01554	0.0	0.0	0.0	7.29104	0.0	0.0	0.0	0.00868	0.0	13.7032	0.18849	0.11682	0.0	4.18628	0.0	0.0	0.0	0.0	0.0	0.00565	0.0	0.0	0.0	0.0	0.0	0.0	0.00111	0.0	0.0	0.0	0.0	0.0	0.0	0.0	0.0	0.0	0.10649	0.0	0.0	0.0	0.0	0.26151	0.0	0.0	0.0	0.0	0.0	0.0	0.01955	0.0	0.0	0.00101	0.0	0.0	0.0	0.0	0.0	0.0	0.0	0.0	0.0	0.0	0.0	0.78605	0.0	0.0	0.0	0.32528	1.17288	1.4376	0.0	0.0	0.0	0.0	0.54541	0.01265	0.0	0.0	0.50764	0.46242	0.0	0.02329	0.0	0.14644	1.19242	0.11116	0.0	0.0	0.0	0.0	0.0	0.0	0.0	0.93031	0.0	0.0	0.0	0.0	0.0	0.04674	0.0	0.0	0.0	0.02314	0.0	0.0	0.25247	0.06878	0.0	0.0	0.0	0.0	0.04694	0.0	0.26123	0.0	0.0	0.0	0.11527	0.01985	0.0	0.0	0.0	0.0	0.0	0.0	0.0	0.0	0.0	0.0	0.33814	0.49363	0.0	0.0	0.0	0.0	0.0	0.0	0.24368	0.00019	0.0	0.0	0.0	0.0	0.0	0.33011	0.0	0.0	0.0	0.0	0.0	0.0	0.0	0.0	0.0	0.94076	0.0	0.0	0.0	0.0	0.0	0.0	0.0	0.04093	0.01014	0.0	0.0	6.51904	0.0735	0.0	0.0	0.01473	0.0	0.0	0.0	0.0	0.0	0.0	0.0	0.01461	0.0	0.0	0.0	0.0	0.0	0.04742	0.0	0.0	0.0	0.0	0.0	0.0	0.00108	0.0	0.0	0.0	0.04999	0.04428	0.0	0.8226	0.0	0.0	0.0	0.0	0.0	0.0	0.0	0.0	0.0	0.0	0.0	0.0	0.0	0.0	0.0	0.0	0.00144	1.08032	3.34241	0.0	0.0	0.0	0.0	0.0	0.0	0.0	0.0	0.0	0.0	0.0	0.0	0.0	0.0	0.0	0.0	0.0	0.0	0.0	0.0	0.0	0.0	0.0	0.0	0.0	0.0	0.0	1.44242	0.49478	0.00766	0.0	23.33906	1.01769	0.0	0.0	0.0	0.0	0.0	0.08056	0.0	0.0	0.0	0.0	0.0	0.0	0.01852	0.0	1.93689	0.0	0.43581	0.0	0.0	0.0	1.70704	0.0	0.0	0.0	0.0	0.0	0.0	0.0	8.56796	6.18051	0.0	0.0	0.0	0.0	0.0	0.0	0.0	0.0	0.13508	0.0	0.0	0.0	0.0	0.0	0.0	0.0
SRR13327475	0.0	0.0	0.0	0.0	0.0	0.06073	0.0	0.0	0.0	0.0	0.0	1.82802	0.0	0.14515	0.0	0.0	0.0	0.0	0.0	0.0	0.0	0.0	0.0	0.0	0.0	0.0	0.0	0.0	0.00847	0.71982	0.23994	0.0	0.0	0.0	0.0	0.0	0.0	17.86299	0.0	0.0	0.0	0.0	0.0	0.0	0.0	0.0	0.0	27.57245	0.0	0.0	0.0	0.0	0.0	0.0	0.0	0.0	0.0	0.0	0.0	0.0	0.0	0.00194	0.0	0.0	0.0	0.0	0.0	0.0	0.0	0.0	0.0	0.0	0.0	0.0	0.0	2.61664	0.0	0.0	0.0	0.0	0.0	0.0	0.03035	0.0	0.0	0.00113	0.0	0.0	0.0	0.0	0.0	0.0	1.90885	0.0	0.0	0.0	0.0	0.0	0.0	0.0	0.01106	0.0	0.52867	1.32472	0.0	0.0	0.0	0.0	2.47834	0.0	0.0	0.0	0.03607	1.63497	0.0	0.00358	0.0	0.0	0.0	0.02817	0.0	0.0	0.0	0.0	0.0	0.0	0.0	0.91443	0.0	0.0	0.0	0.0	0.0	0.0	0.0	0.0	0.0	0.00145	0.0	0.0	0.0	0.01415	0.0	0.0	0.0	0.0	0.0	0.0	1.08987	0.0	0.0	0.0	0.0	0.0	0.0	0.0	0.0	0.0	0.0	0.0	0.0	0.0	0.0	0.0	1.71533	4.02281	0.0	0.0	0.0	0.0	0.0	0.0	0.08827	0.0	0.0	0.0	0.0	0.0	0.0	0.0	0.0	0.0	0.0	0.0	0.0	0.0	0.0	0.0	0.0	6.8344	0.0	0.0	0.0	0.0	0.0	0.0	0.0	0.0	0.00437	0.00393	0.0	11.91694	0.0	0.00736	0.0	0.0	0.0	0.0	0.0	0.0	0.0	0.0	0.0	0.00506	0.0	0.0	0.0	0.0	0.0	0.0	0.0	0.0	0.0	0.0	0.0	0.0	0.0	0.0	0.0	0.0	0.06447	0.0	0.0	0.0	0.0	0.0	0.0	0.0	0.0	1.06442	0.0	0.0	0.0	0.00463	0.0	0.0	0.0	0.0	0.0	0.0	0.0	0.0	5.78597	0.0	0.0	0.0	0.0	0.0	0.0	0.0	0.0	0.0	0.0	0.0	0.0	0.0	0.0	0.0	0.0	0.0	0.0	0.0	0.0	0.0	0.0	0.0	0.0	0.0	0.0	0.0	0.09746	0.00156	0.0	0.0	0.0	0.08636	0.0	0.0	0.0	0.0	0.0	0.02852	0.0	0.0	0.0	0.0	0.0	0.0	0.00056	0.0	0.65584	0.0	0.0	0.0	0.0	0.0	1.09932	0.0	0.0	0.0	0.0	0.0	0.0	0.0	4.90434	0.53495	0.0	0.0	0.0	0.0	0.01122	0.0	0.0	0.0	0.0	0.0	0.0	0.0	0.0	0.0	0.0	0.0
SRR13327476	0.0	0.0	0.0	0.0	0.00068	0.02243	0.13824	0.0	0.36299	0.0	0.0	0.0484	0.0	0.41087	0.04649	0.0	0.0	0.0	0.0	0.0	0.0	0.92196	0.0	0.0	0.00672	0.0	0.0182	0.0	1.09985	0.11748	0.01423	0.0	0.0	0.0	0.0	0.0	0.0	0.6659	0.0	0.0	0.0	0.0	0.02227	2.17816	0.04335	0.03239	0.0	7.48337	0.0	0.0	0.0	0.0	0.0	0.00293	0.02494	0.0	0.0	0.0	2.26102	0.0	0.0	0.0025	0.0	0.0	0.0	0.0	0.0	0.0	0.0	0.0	0.00777	0.0	0.0	0.0	0.0	0.84989	0.0	0.0	1.33077	0.0	0.0	0.0	0.0	0.0	0.22324	0.00034	0.0	0.0	0.005	0.0	0.0	0.14531	0.0	0.0	0.00121	0.01422	0.0	1.9447	0.0	0.0	0.0	0.22149	0.23396	0.04144	0.0	0.0	0.0	0.0	0.08534	0.0	0.0	0.0	0.00191	0.08933	0.56856	0.0	0.0	0.2125	9.60835	0.0532	0.0	0.0	0.0	0.0	0.0	0.0	0.0	0.26839	0.0	0.0	0.0	0.00116	3.42431	0.0	0.0	0.0	0.0	0.00464	5.02011	0.0	0.10971	0.00106	0.0	0.00041	0.0	0.0	0.08589	0.0	0.04531	0.07543	0.03289	0.0	0.06136	0.01529	0.0	0.0	0.0	0.0	0.0	0.0	0.0	0.0	0.0	0.0	0.42299	2.39217	0.02291	0.45786	0.00451	0.0	0.0	0.00584	0.06421	0.0	0.0	0.0	0.0	0.0478	0.0	0.0	0.0	0.0	0.0	0.0	0.0	0.0	0.0	0.0	0.0	0.0	0.00202	0.00116	0.0	0.0	0.0	0.0	0.0	0.0024	0.0	0.0	0.00449	0.97018	0.0	0.01649	0.0	0.00284	0.0	0.0	0.0	0.0	0.0	0.0	0.0	0.00099	0.0	0.0	0.0	0.0	0.0	0.00246	0.04965	0.0	0.0	0.0	0.0	0.0	0.0	0.0	0.00139	0.0	0.13305	0.00075	0.0	0.04177	0.0	0.0	0.0	0.0	0.0	0.33884	0.0	0.0	0.0	0.00014	0.0	0.0	0.0	0.0	0.0	0.0	0.0	0.0	1.84665	0.0	0.0	0.0	0.0	0.0	0.0	0.0	0.0	0.0	0.0	0.0	0.0	0.0	0.0	0.30706	0.0	0.0	0.0	0.0	0.0	0.0	0.0	0.0	0.0	0.0	0.0	0.0	0.08681	5.46353	0.00334	0.0	8.14372	0.01782	0.0	0.0	0.0	0.0	0.0	0.00688	0.0	0.2752	0.0	0.0	9.12353	0.0	0.0	0.00159	0.94249	0.0	0.0	0.0	0.0	0.0	0.06313	0.0	0.0	0.0	0.0	0.0	0.0	0.0	0.01567	25.116	0.0	0.0	0.0	0.0	0.01059	2.7941	0.0	0.00544	0.04945	0.00369	0.0	0.0	0.0	0.0	0.0	0.02657
SRR13327477	0.0	0.0	0.0	0.0	0.0	0.03025	0.02785	0.0	0.2914	0.0	0.0	0.0	0.0	1.77551	0.0	0.03398	0.0	0.0	0.0	0.0	0.0	1.26736	0.0	0.0	0.00384	0.0	0.0183	0.11179	1.60974	0.03264	0.04799	0.0	0.0	0.0	0.0	0.0	0.0	7.45845	0.0	0.0	0.0	0.0	0.0	14.05864	0.0	0.01133	0.0	10.35667	0.0	0.0	0.0	0.0	0.0	0.0	0.0	0.0	0.0	0.0	0.0	0.0	0.0	0.00264	0.0	0.0	0.0	0.0	0.00113	0.0	0.0	0.0	0.00982	0.0	0.0	0.0	0.0	1.81406	0.0	0.0	0.0	0.0	0.0	0.0	0.0	0.0	0.0	0.0	0.0	0.0	0.00048	0.0	0.0	0.0	0.0	0.0	0.00152	0.01367	0.0	0.3836	0.0	0.0	0.0	0.37727	0.73745	0.06953	0.0	0.05566	0.0	0.0	0.29806	0.0	0.0	0.0	0.0	0.46124	0.0	0.00632	0.0	0.25793	9.82164	0.01634	0.0	0.0	0.0	0.0	0.0	0.0	0.0	0.25837	0.0	0.0	0.0	0.0	1.67889	0.0	0.0	0.0	0.00065	0.00215	5.46354	0.0	0.0	0.00223	0.04941	0.00144	0.0	0.0	0.1046	0.0	0.01295	0.0469	0.05904	0.0	0.0295	0.00818	0.0	0.0	0.073	0.0	0.0	0.0	0.0	0.0	0.0	0.0	0.8437	0.0	0.00158	0.16041	0.0	0.0	0.0	0.0	0.02155	0.0	0.0	0.0	0.0	0.13755	0.0	0.04256	0.00381	0.0	0.0	0.0	0.0	0.0	0.0	0.0	0.0	0.06231	0.0	0.0	0.0	0.0	0.0	0.0	0.0	0.0	0.02867	0.0	0.0	0.23333	0.0	0.31144	0.0	0.0	0.02117	0.0	0.0	0.0	0.0	0.0	0.0	0.01599	0.0	0.0	0.0	0.0	0.0	0.0	0.0	0.0	0.0	0.00223	0.0	0.0	0.0	0.0	0.23782	0.0	0.12213	0.01722	0.0	0.41314	0.0	0.0	0.0	0.0	0.0	0.71633	0.0	0.0	0.01057	0.0	0.0	0.0	0.0	0.0	0.0	0.0	0.00171	0.92793	5.79891	0.0	0.0	0.0	0.0	0.0	0.0	0.0	0.0	0.0	0.0	0.02615	0.0	0.0	0.0	0.02157	0.0	0.0	0.0	0.0	0.0	0.0	0.0	0.0	0.0	0.0	0.0	0.0	0.05255	8.16437	0.0	0.0	5.93521	0.33129	0.0	0.0	0.0	0.0	0.0	0.006	0.0	1.02236	0.0	0.0	4.72385	0.0	0.00389	0.0	0.23899	0.0	0.0	0.0	0.0	0.0	0.21933	0.0	0.0	0.0	0.0	0.0	0.0	0.0	0.2044	8.01295	0.0	0.0	0.0	0.0	0.0	1.61658	0.0	0.0204	0.0	0.0	0.0	0.0	0.0	0.0	0.0	0.0131
SRR13327478	0.0	0.0	0.0	0.0	0.0215	0.01091	0.0	0.0	0.95956	0.0	0.0	0.0	0.0	0.0	0.0	0.0	0.0	0.0	0.0	0.0	0.0	4.12494	0.0	0.0	0.0	0.0	0.0	0.0	6.2333	0.01862	0.00242	0.0	0.0	0.0	0.0	8e-05	0.0	0.97794	0.0	0.0	0.0	0.0	0.0	11.8341	0.08925	0.0	0.0	10.57934	0.0	0.0	0.0	0.0	0.0	0.0	0.0	0.0	0.0	0.0	0.0	0.0	0.0	0.0	0.0	0.0	0.0	0.0	0.0	0.0	0.0	0.0	0.0	0.0	0.0	0.0	0.0	1.00418	0.0	0.0	0.0	0.0	0.0	0.0	0.0	0.0	0.0	0.00029	0.0	0.0	0.0	0.0	0.0	0.0	0.0	0.0	0.0	0.0	0.0	3.31322	0.0	0.0	0.0	0.0	0.64394	0.1108	0.0	0.0	0.0	0.0	0.26987	0.00125	0.0	0.0	0.00189	0.65438	0.0	0.01507	0.0	0.79028	15.86196	0.0	0.0	0.0	0.0	0.0	0.0	0.0	0.0	1.2956	0.0	0.0	0.0	0.0	5.36877	0.00179	0.0	0.0	0.0	0.0012	0.0	0.0	0.06249	0.00052	0.0	0.0	0.0	0.0	0.12048	0.0	0.06835	0.0	0.0	0.0	0.04197	0.01457	0.0	0.0	0.13032	0.0	0.0	0.0	0.0	0.0	0.0	0.0	0.22053	4.44258	0.0	0.73301	0.60668	0.0	0.0	0.0	0.03829	0.0	0.0	0.0	0.0	0.02924	0.0	0.08905	0.0	0.0	0.0	0.0	0.0	0.0	0.0	0.0	0.0	0.0	0.0	0.0	0.0	0.0	0.0	0.0	0.0	0.0	0.09166	0.0	0.0	2.64186	0.0	0.00034	0.0	0.0	0.0	0.0	0.0	0.0	0.0	0.0	0.0	0.00313	0.0	0.0	0.0	0.0	0.0	0.0057	0.0	0.0	0.0	0.0	0.0	0.0	0.0	0.0	0.0	0.0	0.0	0.0	0.0	0.15031	0.0	0.0	0.0	0.0	0.0	0.17059	0.0	0.0	0.0	0.0	0.0	0.0	0.0	0.0	0.0	0.0	0.00118	0.74931	2.21287	0.0	0.0	0.0	0.0	0.0	0.0	0.0005	0.0	0.0	0.0	0.0	0.0	0.0	0.0	0.0	0.0	0.0	0.0	0.0	0.0	0.0	0.0	0.0	0.0	0.0	0.0	0.0	0.00135	5.73041	0.00071	0.0	2.76097	0.11103	0.0	0.0	0.0	0.0	0.0	0.00027	0.0	0.0	0.0	0.0	0.23729	0.0	0.00014	0.0	0.25474	0.0	0.0	0.0	0.0	0.0	0.29337	0.0	0.0	0.0	0.0	0.0	0.0	0.0	0.0026	11.67891	0.0	0.0	0.0	0.0	0.02355	0.0	0.0	2.07468	0.01798	0.0	0.0	0.0	0.0	0.0	0.0	0.0
SRR13327479	0.0	0.0	0.0	0.0	0.0	0.00739	0.0	0.0	0.13012	0.0	0.0	0.36334	0.0	0.68855	0.0	0.07211	0.0	0.0	0.0	0.0	0.0	0.0	0.00022	0.0	0.0107	0.0	0.00676	0.0	2.86289	0.04718	0.03371	0.0	0.0	0.0	0.0	0.0	0.0	2.83241	0.0	0.0	0.0	0.0	0.0	7.36609	0.04068	0.00637	0.0	7.91741	0.0	0.0	0.0	0.0	0.0	0.01053	0.0235	0.0	0.0	0.0	0.0	0.0	0.0	0.0	0.0	0.0	0.0	0.0	0.00458	0.0	0.0	0.0	0.02303	0.0	0.0	0.00295	0.0	0.05668	0.0	0.0	1.68839	0.0	0.0	0.0	0.0071	0.0	0.0	0.00136	0.0	0.0	0.0	0.0	0.0	0.02764	0.00044	0.0	0.0	0.0	0.0	0.0	0.0	0.0	0.0	0.17873	0.28034	0.07947	0.0	0.0	0.0	0.0	0.37862	0.0	0.0	0.0	0.04155	0.37584	0.0	0.0	0.00776	0.0	10.8817	0.04606	0.0	0.0	0.0	0.0	0.0	0.0	0.00104	0.11574	0.0	0.0	0.0	0.0	4.20714	6e-05	0.0	0.0	0.0	0.0	20.35547	0.0	0.02781	0.00133	0.00302	0.0	0.0	0.0	0.03181	0.0	0.05993	0.0	0.01794	0.0	0.05004	0.00457	0.0	0.0	0.0	0.0	0.0	0.0	0.0	0.0	0.0	0.0	0.54232	0.0	0.0	0.0	0.0	0.0	0.0	0.0	0.0	0.0	0.0	0.0	4e-05	0.0	0.0	0.0	0.0	0.0	0.0	0.0	0.0033	0.0	0.0	0.0	0.0	0.0	0.0	0.0	0.0	0.0	0.0	0.0	0.0	0.0	0.0	0.0	0.0	1.06806	0.0	0.0	0.0	0.0	0.0	0.0	0.0	0.0	0.0	0.0	0.00023	0.00233	0.0	0.0	0.0	0.0	0.0	0.04621	0.0	0.0	0.0	0.01461	0.0	0.0	0.0	0.0	0.0	0.0	0.0299	0.00127	0.0	0.05746	0.0	0.0	0.0	0.0	0.0	0.08697	0.0	0.0	0.0	0.0	0.0	0.0	0.0	0.0	0.0	0.00539	0.00526	0.71115	2.03013	0.0	0.0	0.0	0.0	0.0	0.0	0.00152	0.0	0.0	0.0	0.0	0.0	0.0	0.0	0.0	0.0	0.0	0.0	0.0	0.0	0.0	0.0	0.0	0.0	0.0	0.0	0.0	0.0	0.0	0.002	0.0	25.34053	0.04671	0.0	0.0	0.0	0.0	0.0	0.0118	0.0	2.27388	0.0	0.0	0.05567	0.28917	0.00436	0.0	0.28938	0.0	0.0	0.0	0.0	0.0	0.99679	0.0	0.0	0.0	0.0	0.0	0.0	0.0	1.42881	3.14887	0.0	0.0	0.00094	0.0	0.00492	0.0	0.0	0.0	0.0	0.0	0.0	0.0	0.0	0.0	0.0	0.1219
SRR13327480	0.0	0.0	0.0	0.0	0.0	0.00029	0.0	0.0	0.35174	0.0	0.0	0.00065	0.0	0.0	0.0	0.0	0.0	0.0	0.0	0.0	0.0	1.46026	0.0	0.0	0.0102	0.0	0.0	0.0	5.86067	0.00426	0.0	0.0	0.0	0.0	0.0	0.0	0.0	0.12694	0.0	0.0	0.0	0.0	0.0	52.51715	0.01052	0.0	0.0	3.74298	0.0	0.0	0.0	0.0	0.0	0.00047	0.0098	0.0	0.0	0.0	0.0	0.0	0.0	0.0	0.0	0.0	0.0	0.0	0.0	0.0	0.0	0.0	0.0008	0.0	0.0	0.0	0.0	0.78355	0.0	0.0	1.74282	0.0	0.0	0.0	0.0	0.0	0.0	0.0	0.0	0.0	0.0	0.0	0.0	0.0	0.0	0.0	0.0	0.0	0.0	0.0	0.0	0.0	0.0	0.02611	0.07819	0.0	0.0	0.0	0.0	0.0	0.03499	0.0	0.0	0.0	0.0	0.09954	0.0	0.0	0.0	0.0	3.96631	0.02259	0.0	0.0	0.0	0.0	0.0	0.0	0.0	0.10171	0.0	0.0	0.0	0.0	1.46491	0.0	0.0	0.0	0.0	0.00051	3.82812	0.0	0.00907	0.00184	0.0	0.0	0.0	1.10112	0.00535	0.0	0.0066	0.0	0.00109	0.0	0.00865	0.0	0.0	0.0	0.0	0.0	0.0	0.0	0.0	0.0	0.0	0.0	0.27924	0.0	0.0	0.0	0.0	0.0	0.0	0.0	0.00573	0.0	0.0	0.0	0.0	0.007	0.0	0.0	0.0	0.0	0.0	0.0	0.0	0.0	0.0	0.0	0.0	0.0	0.0	0.00016	0.0	0.0	0.0	0.0	0.0	0.0	0.0	0.0	0.0	0.09946	0.9108	0.01068	0.0	0.0	0.0	0.0	0.0	0.0	0.0	0.0	0.0	0.0	0.0	0.0	0.0	0.0	0.0	0.00215	0.0	0.0	0.00082	0.0	0.0	0.0	0.0	0.0	0.0	0.0	0.0	0.0	0.0	0.07498	0.0	0.0	0.0	0.0	0.0	0.0	0.0	0.0	0.0	0.0	0.0	0.0	0.0	0.00392	0.0	0.0	0.0	0.05741	0.13462	0.0	0.0	0.0	0.0	0.0	0.0	0.0	0.0	0.0	0.0	0.0	0.0	0.0	0.0	0.0	0.0	0.0	0.0	0.0	0.0	0.0	0.0	0.0	0.0	0.0	0.0	0.0	0.0	12.58842	0.0	0.0	0.0	0.0	0.0	0.0	0.0	0.0	0.0	0.00112	4.94105	0.44602	0.0	0.0	0.0	0.0	0.0	0.0	0.16625	0.0	0.11944	0.0	0.0	0.0	0.06068	0.0	0.0	0.0	0.0	0.0	0.0	0.0	0.00399	2.61228	0.0	0.0	0.0	0.0	0.04256	0.05145	0.0	0.0	0.0	0.0	0.0	0.0	0.0	0.0	0.0	0.0
SRR13327481	0.0005	0.0	0.0	0.0	0.0	0.00185	0.02074	0.0	1.4827	0.0	0.0	0.52463	0.0	0.49813	0.0	0.0	0.0	0.0	0.0	0.0	0.0	1.33657	0.0	0.0	0.01689	0.0	0.05099	0.0	2.10359	0.0	0.02217	0.0	0.0	0.0	0.0	0.0	0.0	0.28386	0.0	0.0	0.0	0.0	0.0	7.2265	0.06258	0.00562	0.0	8.3087	0.0	0.0	0.0	0.0	0.0	0.02627	0.01961	0.0	0.0	0.0	0.0	0.0	0.0	0.0	0.0	0.0	0.0	0.0	0.01241	0.0	0.0	0.0	0.00708	0.0	0.0	0.0	0.0	0.67505	0.0	0.0	0.70531	0.0	0.0	0.0	0.0	0.0	0.0	0.0	0.0	0.0	0.00687	0.0	0.0	0.0	0.31587	0.0	0.0	0.00147	0.0	0.29623	0.0	0.0	0.0	0.20807	0.04267	0.02918	0.0	0.0	1.71915	0.0	0.06354	0.0	0.0	0.0	0.00046	0.39826	0.55424	0.0	0.0	0.0	10.92714	0.10909	0.01271	0.0	0.0	0.0	0.0	0.0	0.0	0.12977	0.0	0.0	0.0	0.0	1.90419	0.0	0.0	0.0	0.00047	0.00695	7.41948	0.0	0.09031	0.01011	0.03462	0.0	0.0	1.80492	0.10454	0.0	0.0116	0.08203	0.014	0.0	0.01635	0.01039	0.0	0.0	0.0	0.0	0.0	0.0	0.0	0.0	0.0	0.0	0.62924	0.35009	0.02218	0.0	0.0	0.0	0.0	0.0	0.02713	0.0	0.0	0.0	0.0	0.06602	0.0	0.11597	0.0	0.0	0.0	0.0	0.0	0.0	0.0	0.0	0.0	0.0	0.01096	0.0	0.0	0.0	0.0	0.0	0.0	0.0	0.01306	0.00098	0.0	3.13879	4.11806	0.92791	0.0	0.00258	0.64904	0.0	0.0	0.0	0.0	0.0	0.0	0.00774	0.00535	0.0	0.0	0.0	0.0	0.0	0.0	0.0	0.0	0.00341	0.0	0.0	0.0	0.29509	0.00021	0.0	0.40563	0.0	0.0	0.08201	0.0	0.0	0.0	0.0	0.0	0.00353	0.0	0.0	0.0	0.0	0.0	0.0	0.0	0.0	0.0	0.0	0.0	0.96156	0.72972	0.0	0.0	0.0	0.0	0.0	0.0	0.0	0.0	0.0	0.0	0.00725	0.0	0.0	0.0	0.00032	0.0	0.0	0.0	0.0	0.0	0.0	0.0	0.0	0.04825	0.0	0.0	0.0	0.04175	7.00224	0.0	0.0	9.50741	0.0207	0.0	0.0	0.0	0.0	0.0	0.02029	2.14662	0.34016	0.0	0.0	0.0	0.17156	0.00025	0.0	0.78605	0.0	0.04985	0.0	0.0	0.0	0.07099	0.0	0.0	0.0	0.0	0.0	0.00534	0.0	0.01791	17.09261	0.0	0.0	0.0	0.0	0.0152	0.21006	0.0	0.10219	0.01512	0.0	0.0026	0.0	0.0	0.0	0.0	0.04262
SRR13327482	0.0	0.0	0.0	0.0	0.00114	0.10655	0.0	0.0	0.0	0.0	0.0	0.0	0.0	0.00995	0.0	0.0	0.0	0.0	0.0	0.0	0.0	0.0	0.0	0.0	0.00708	0.0	0.0	0.0	3.81128	0.0249	0.0	0.0	0.0	0.0002	0.0	0.0	0.0	6.82681	0.0	0.0	0.0	0.0	0.0	15.14644	0.07834	0.02169	0.0	9.47338	0.0	0.0	0.0	0.0	0.0	0.0	0.0	0.0	0.0	0.0	0.0	0.0	0.0	0.00072	0.0	0.0	0.0	0.0	0.0	0.0	0.0	0.0	0.0	0.0	0.0	0.0	0.0	0.95493	0.0	0.0	0.00418	0.0	0.0	0.0	0.01883	0.0	0.0	0.00101	0.0	0.0	0.0	0.0	0.0	0.0	0.0	0.0	3e-05	0.0	0.0	0.0	0.0	0.49436	0.0	9e-05	1.86526	0.05053	0.0	0.0	0.0	0.0	0.17211	0.19428	0.0	0.0	0.0421	0.96758	0.0	0.01052	0.0	0.0	3.25798	0.03975	0.0	0.0	0.0	0.0	0.0	0.0	0.0	0.33325	0.0	0.0	0.0	0.0	10.18325	0.02912	0.0	0.0	0.0	0.00108	0.002	0.0	0.0368	0.00193	0.0	0.0	0.0	0.0	0.0	0.0	0.12074	0.0	0.0	0.0	0.11057	0.0	0.0	0.0	0.0	0.0	0.0	0.0	0.0	0.0	0.0	0.0	0.498	9.69907	0.0	0.45962	0.0	0.0	0.0	0.0	0.02414	0.0	0.0	0.0	0.0	0.0	0.0	0.0	0.0	0.0	0.0	0.0	0.0	0.0	0.0	0.0	0.0	0.00155	0.0	0.0	0.0	0.0	0.0	0.0	0.0	0.01221	0.0051	0.0	0.0	1.6907	0.0	0.0	0.0	0.0	0.14309	0.0	0.0	0.0	1.57356	0.0	0.0	0.00047	0.0	0.0	0.0	0.0	0.0	0.03917	0.0	0.0	0.0	0.0	0.0	0.0	0.14769	0.0	0.0	0.0	0.03676	0.0	0.0	0.40307	0.0	0.0	0.0	0.0	0.0	0.0	0.0	0.0	0.0	0.00579	0.0	0.0	0.0	0.00058	0.0	0.0	0.0	0.69476	5.44826	0.0	0.0	0.0	0.0	0.0	0.0	0.0	0.0	0.0	0.0	0.0	0.0	0.0	0.0	0.0	0.0	0.0	0.0	0.0	0.0	0.0	0.0	0.0	0.0	0.0	0.0	0.0	0.05266	0.59922	0.0	0.0	7.64584	0.14368	0.0	0.0	0.0	0.0	0.0	0.00522	0.0	1.50555	0.0	0.0	0.0	0.0	0.00099	0.0	0.18535	0.0	0.0	0.0	0.0	0.0	0.76056	0.0	0.0	0.0	0.0	0.0	0.0044	0.0	0.59253	12.75431	0.0	0.0	0.0	0.0	0.17272	0.0	0.0	0.16256	0.0	0.0	0.0	0.0	0.0	0.0	0.0	0.13011
SRR13327483	0.02483	0.0	0.0	0.0	0.00216	0.25944	0.0	0.0	0.26646	0.0	0.0	5.04471	0.0	2.04776	0.0	0.0	0.0	0.0	0.0	0.0	0.0	0.0	0.0	0.0	0.01014	0.0	0.03358	0.0	0.44105	0.18755	0.00566	0.0	0.0	0.01901	0.0	0.0	0.0	9.47337	0.0	0.0	0.0	0.0	0.0	14.65876	0.14931	0.08472	0.0	4.3598	0.0	0.0	0.0	0.0	0.00102	0.0036	0.0	0.0	0.0	0.0	0.0	0.00011	0.01055	0.01222	0.0	0.0	0.0	0.0	0.0	0.0	0.0	0.0	0.0	0.0	0.0044	0.0	0.0	0.473	0.0	0.19021	0.0	0.0	0.0	0.0	0.31553	0.0	0.78602	0.0119	0.05489	0.0	0.0	0.0	0.0	0.00056	0.07756	0.0	0.0	0.00103	0.0	0.0	0.0	0.0	0.0	0.05316	1.02364	0.14449	0.0	0.0	0.0	0.30753	0.68314	1.30466	0.0	0.0	1.04506	0.6765	0.0	0.00213	0.0	0.0	5.04422	0.05201	0.0	0.0	0.0	0.0	0.0	0.0	0.0	0.23621	0.0	0.0	0.0	0.0	4.0508	0.0	0.0	0.0	0.0	0.02361	0.01784	0.0	0.0	0.04145	0.0	0.00883	0.0	0.0	0.02072	0.0	0.0971	0.0	0.0	0.0	0.08321	0.0	0.0	0.0	0.0	0.0	0.0	2.35715	0.00131	0.0	0.0	0.0	1.27426	2.37239	0.0	0.19821	0.0	0.0	0.0	0.13723	0.00793	0.00743	0.0	0.00024	6e-05	0.0	0.0	0.0	0.0	0.0	0.0	0.0	0.0	0.0	0.0	0.0	0.0	0.66912	0.0	0.00194	0.0	0.0	0.0	0.0	0.03984	0.0	0.00176	0.0	0.0	7.87219	2.52811	0.00178	0.0	0.0	0.0	0.0	0.0	0.0	0.0	0.0	0.0	0.00696	0.0	0.0	0.00038	0.0	0.0	0.01834	0.0	0.0	0.0	0.0	0.0	0.0	0.12026	0.0	0.00415	0.0	0.05003	0.0	0.0	0.5513	0.0	0.0	0.0	0.0	0.0	0.25113	0.0	0.0	0.00478	0.00718	0.0	0.0	0.0	0.0	0.0	0.0	0.00075	0.0	0.0	0.0	0.0	0.0	0.0	0.0	0.0	0.0	0.0	0.0	0.0	0.0	0.0	0.00094	0.0	0.00665	0.0	0.00138	0.0	0.0	0.01037	0.0	0.0	0.0	0.0	0.0	0.0	0.0	0.0276	3.94575	0.00267	0.0	13.12865	0.5317	0.0	0.0	0.0	0.0	0.0	0.24952	0.0	4.06156	0.0	0.0	0.08894	0.00171	0.00392	0.00865	1.45183	0.0	0.0	0.0	0.0	0.0	0.68636	0.0	0.0	0.0	0.0	0.0	0.0073	0.0	0.74053	1.77035	0.0	0.0	0.0	0.0	0.07232	0.67289	0.0	0.02415	0.0	0.0	0.0	0.0	0.0	0.0	0.00043	0.09045
SRR13327484	0.00385	0.0	0.0	0.0	0.0	0.06856	0.0	0.0	0.46087	0.0	0.0	0.0	0.0	1.1629	0.0	0.03115	0.0	0.0	0.0	0.0	0.0	0.0	0.00349	0.0	0.0794	0.0	0.02818	0.0	6.29431	0.07073	0.0231	0.0	0.0	0.00229	0.00103	0.0	0.0	0.96458	0.0	0.0	0.0	0.0	0.02428	28.3627	0.07396	0.01885	0.0	5.23326	0.0	0.0	0.0	0.0	0.0	0.0	0.0	0.0	0.0	0.0	2.26248	0.0	0.0	0.00048	0.0	0.0	0.0	0.0	0.0	0.0	0.0	0.0	0.01372	0.0	0.0	0.0	0.0	0.40257	0.0	0.0	3.00875	0.0	0.0	0.0	0.00846	0.0	0.0	0.00156	0.0	0.0	0.0	0.0	0.0	0.0	0.98125	0.0	0.0	7e-05	0.0	0.0	0.0	0.0	0.0	0.36561	0.51899	0.07156	0.0	0.20188	0.0	0.0	1.51373	0.01657	0.0	0.0	0.26977	2.41303	0.0	0.00571	0.01227	0.50793	6.74337	0.17528	0.0	0.51094	0.0	0.0	0.0009	0.0	0.00378	0.42248	0.0	0.0	0.0	0.0	7.56071	0.0	0.0	0.0	0.0	0.01424	3.74134	0.0	0.05774	0.00756	0.0	0.00143	0.0	0.0	0.05803	0.0	0.0218	0.0	0.0	0.0	0.46034	0.0	0.0	0.0	0.0	0.0	0.0	0.22489	0.0	0.0	0.0	0.0	0.93941	1.0301	0.0	0.0	0.0	0.0	0.0	0.0	0.0	0.00074	0.0	0.0	0.0	0.0	0.0	0.0	0.0	0.0	0.0	0.0	0.0	0.0	0.0	0.0	0.0	0.0	0.0	0.0	0.0	0.0	0.0	0.0	0.0	0.0	0.03662	0.0	0.0	0.77924	0.0	3.24082	0.0	0.0	0.03138	0.14448	0.0	0.0	0.0	0.0	0.0	0.02831	0.0	0.0	0.0	0.0	0.0	0.0	0.0	0.0	0.0	0.0	0.0	0.0	0.0	0.0	7e-05	0.0	0.0	0.0	0.0	0.10271	0.0	0.0	0.0	0.0	0.0	0.35936	0.0	0.0	0.00322	0.00134	0.0	0.0	0.0	0.0	0.0	0.01272	0.00528	0.0	0.06216	0.0	0.0	0.0	0.0	0.0	0.0	0.00683	0.0	0.0	0.0	0.0	0.0	0.0	0.0	0.00608	0.0	0.0	0.0	0.0	0.0	0.0	0.0	0.0	0.0	0.0	0.0	0.0	0.07453	0.26637	0.0	0.0	7.23329	0.10502	0.0	0.0	0.0	0.0	0.0	0.03998	0.0	3.01948	0.0	0.0	0.00583	0.0	0.00351	4e-05	0.68646	0.0	0.0	0.0	0.0	0.0	0.18174	0.0	0.0	0.0	0.0	0.0	0.0	0.0	0.46794	5.62023	0.0	0.0	0.0	0.0	0.00218	0.0	0.0	0.01383	0.0	0.0	0.0	0.0	0.0	0.0	0.0	0.0
SRR13327485	0.00979	0.0	0.0	0.0	0.0	0.06081	0.0	0.0	0.38265	0.0	0.0	0.0	0.0	0.51084	0.0	0.0	0.0	0.0	0.0	0.0	0.0	0.0	0.0	0.0	0.0	0.0	0.0	0.0	9.80649	0.0735	0.29599	0.0	0.0	0.00391	0.0	0.0	0.0	0.27846	0.0	0.0	0.0	0.0	0.0	26.96051	0.0	0.0	0.0	17.52689	0.0	0.0	0.0	0.0	0.0	0.0	0.0	0.0	0.0	0.0	0.0	0.0	0.0	0.00392	0.0	0.02516	0.0	0.0	0.0	0.0	0.0	0.0	0.0	0.0	0.0	0.0	0.22205	1.17561	0.0	0.0	0.0	0.0	0.0	0.0	0.01725	0.0	0.0	0.00622	0.0	0.0	0.0	0.0	0.0	0.0	0.45163	0.0	0.00623	0.0	0.0	0.0	0.0	0.0	0.0	1.04301	1.91733	0.56695	0.0	0.0	0.0	0.0	0.78445	0.0378	0.0	0.0	0.0451	0.32625	0.0	0.0	0.0	0.0	0.56267	0.02139	0.0	0.0	0.0	0.0	0.0	0.0	0.0	0.67902	0.0	0.0	0.0	0.0	0.0	0.0	0.0	0.0	0.0	0.01244	0.0	0.0	0.2107	0.04874	0.0	0.0	0.0	0.0	0.0	0.0	0.87652	0.10431	0.0	0.0	0.0	0.0	0.0	0.0	0.0	0.0	0.0	0.0	0.0	0.0	0.0	0.0	0.25619	0.0	0.0	0.0	0.0	0.0	0.0	0.0	0.0	0.00024	0.0	0.0	0.0	0.0	0.0	0.98837	0.0	0.0	0.0	0.0	0.0	0.0	0.0	0.0	0.0	0.0	0.0	0.00283	0.0	0.0	0.0	0.0	0.0	0.0	0.0	0.0	0.0	9.69443	0.0	0.0	0.0	0.0	0.7568	0.0	0.0	0.00042	0.0	0.0	0.0	0.02435	0.0	0.0	0.0	0.0	0.0	0.0	0.0	0.0	0.0	0.0	0.0	0.0	0.0	0.0	0.0	0.0	0.0	0.0	0.0	0.47314	0.0	0.0	0.0	0.0	0.0	0.0	0.0	0.0	0.0	0.00028	0.0	0.0	0.0	0.0014	0.0	0.0	0.0	0.0	1.13142	0.0	0.0	0.0	0.0	0.0	0.0	0.0	0.0	0.0	0.0	0.0	0.0	0.0	0.0	0.0	0.0	0.0	0.0	0.0	0.0	0.0	0.0	0.0	0.0	0.0	0.0	0.00036	0.02599	0.18922	0.00099	0.0	3.71296	0.39204	0.0	0.0	0.0	0.0	0.0	0.0909	0.0	1.99993	0.0	0.0	0.0	0.0	0.00204	0.00746	5.29574	0.0	0.0	0.0	0.0	0.0	2.24308	0.0	0.0	0.0	0.0	0.0	0.0076	0.17535	1.66952	5.80233	0.0	0.0	0.0	0.0	0.0	0.0	0.0	0.0	0.0	0.0	0.0	0.0	0.0	0.0	0.0	0.0
SRR13327486	0.00186	0.4651	0.0	0.0	0.00198	0.05718	0.12944	0.0	0.53458	0.0	0.0	0.39679	0.0	0.51041	0.09321	0.0	0.0	0.0	0.0	0.0	0.0	0.59097	0.0	0.00152	0.0091	0.0	0.00712	0.0	0.42173	0.0	0.00687	0.01399	0.01282	0.00174	0.0	0.0	0.0	0.7952	0.0	0.0	0.0	0.0	0.07157	28.13552	0.14546	0.0018	0.0	5.06507	0.0	0.0	0.0	0.0	0.0	0.0	0.00165	0.0	0.0	0.0	0.0	0.0	0.0	0.00056	0.0	0.0	0.0	0.0	0.0284	0.0	0.0	0.0	0.03797	0.0	0.0	0.00687	0.0	0.69837	0.0	0.0	1.76685	0.0	0.0	0.0	0.02717	0.0	0.75606	0.00034	0.0	0.0	0.00066	0.0	0.0	0.03972	0.0	0.0	0.0	0.01218	0.0	0.0	0.0	0.0	0.0	0.04247	0.06871	0.06539	0.0	0.00549	0.0	0.0	0.25937	0.0	0.0	0.0	0.0106	0.41259	0.0	0.0	0.0	0.28035	4.94344	0.14038	0.0	0.0	0.0	0.0	0.0	0.0	0.0	0.00044	0.0	0.0	0.0	0.0	2.60806	0.0	0.0	0.0	0.00044	0.00922	0.00975	0.0	0.17298	0.00071	0.02732	0.0	0.0	4.08001	0.07226	0.01774	0.00482	0.04576	0.18343	0.0	0.20073	0.0	0.0	0.0	0.0	0.0	0.0	0.00225	0.0	0.0	0.0	0.0	0.05451	0.61355	0.01247	0.00154	0.0	0.0	0.0	0.0	0.01722	0.0	0.0	0.0	0.0	0.0312	0.0	0.13109	0.0	0.0	0.0	0.0	0.0	0.0	0.0	0.0	0.0	0.00024	0.00367	0.0	0.0	0.0	0.0	0.0	0.0	0.01198	0.0	0.0	0.0	1.36699	0.20106	3.02004	0.0	0.0	0.15212	0.01345	0.0	0.0	0.0	0.19224	0.0	0.0	0.0	0.0	0.0	0.0	0.0	0.0	0.04384	0.0	0.0	0.00607	0.0	0.0	0.00497	0.0	0.0212	0.0	0.03717	0.0	0.0	0.08629	0.0	0.0	0.0	0.02861	0.0	0.0	0.0	0.0	0.0	0.0	0.0	0.0	0.0	0.0068	0.0	0.0	0.0	0.04207	0.45177	0.0	0.0	0.0	0.0	0.0	0.0	0.02073	0.0	0.0	0.0	0.0	0.0	0.0	0.0	0.13893	0.0	0.0	0.0	0.0	0.0	0.0	0.0	0.0	0.11702	0.0	0.0	0.0	0.25204	0.87168	0.01128	0.0	17.42469	0.28314	0.0	0.0	0.0	0.0	0.0	0.00434	0.0	0.03903	0.0	0.0	0.00722	0.0	0.00132	0.0	3.17947	0.0	0.00318	0.0	0.0	0.0	0.0803	0.0	0.0	0.0	0.0	0.0	0.03578	0.0	0.0	15.36191	0.0	0.0	0.0	0.0	0.00493	0.85636	0.0	0.07276	0.03136	0.0	0.0	0.0	0.0	0.0	0.0	0.13781
SRR13327487	0.0	0.0	0.0	0.01112	0.00251	0.00868	0.0	0.0	0.91864	0.0	0.00197	0.05672	0.0	0.46827	0.0	0.0	0.0	0.0	0.0	0.0	0.0	0.0	0.0	0.0	0.0	0.0	0.0	0.0	3.82989	0.04118	0.0018	0.0	0.0	0.00014	0.0	0.0	0.0	3.61238	0.0	0.03399	0.0	0.0	0.0	12.30602	0.02733	0.03705	0.0	6.04193	6e-05	0.0065	0.00118	0.11666	0.0	0.0	0.0	0.0	0.0	0.0	0.0	0.0	0.0	0.0	0.0	0.0	0.0	0.0	0.0	0.0	0.0	0.00053	0.0	0.02785	0.00618	0.0	0.0	0.01487	0.0	0.0	0.0	0.0	0.0	0.0	0.0048	0.0	0.0	0.00274	0.0	0.0	0.0	0.0	0.0	0.0	2.24701	0.0	0.0	0.0	0.0	0.0	0.0	0.0	0.0	0.04521	0.56205	0.03603	0.0	0.0	0.0	0.0056	0.76931	0.08603	0.0	0.0	0.11843	0.44339	0.0	0.0	0.0	0.0	8.88771	0.00292	0.0	0.0	0.0	0.0	0.0	0.0	0.0	0.20325	0.0	0.0	0.0	0.0	0.0	0.01952	0.0	0.0	0.0	0.0	0.0	0.00518	0.05757	0.0	0.0	0.00178	0.0	0.0	0.05859	0.0	0.03411	0.0	0.06608	0.0	0.02732	0.01849	0.0	0.0	0.0	0.0	0.0	0.00359	0.0	0.08194	0.0	0.0	0.78503	1.44309	0.0	0.0	0.0	0.0	0.0	0.0	0.0	0.0	0.0	0.0	0.0	0.0	0.0	0.00801	0.0	0.00361	0.0	0.0	0.0	0.0	0.0	0.0	0.0	0.38871	0.0	0.00272	0.0	0.0	0.0	0.0	0.0	0.0	0.01746	0.0	0.0	2.88166	0.0	0.0	0.0	0.0016	0.01748	0.0	0.0	0.07208	0.0	0.0	0.0	0.0	0.0	0.0	0.00075	0.0	0.0	0.00169	0.0	0.0	0.0	0.01189	0.0	0.0	0.0	0.0	0.00395	0.0	0.0	0.0	0.0	2.76719	0.0	0.0	0.0	0.0	0.0	0.0	0.0	0.0	0.00013	0.0	0.0	0.0	0.0	0.0	0.0	0.0	0.00483	0.0	19.69257	0.0	0.0	0.0	0.0	0.0	0.0	0.0	0.0	0.0	0.0	0.0	0.0	0.0	0.0	0.0	0.00494	0.0	0.0	0.0	0.0	0.0	0.0	0.0	0.0	4e-05	0.0	0.0	0.02739	7.60605	0.0	0.0	5.64544	0.10499	0.0	0.0	0.0	0.0	0.0	0.0	0.0	0.0	0.0	0.0	0.0	0.0	0.00159	0.00041	0.48007	0.0	1.06431	0.0	0.0	0.0	0.55419	0.0	0.0	0.0	0.0	0.0	0.0	0.0	1.91533	11.68984	0.0	0.0	0.0	0.0	0.13332	0.0	0.0	1.304	0.0	0.0	0.0	0.0	0.0	0.0	0.0	0.00151
SRR13327488	0.0	0.0	0.0	0.0	0.0067	0.035	0.0	0.00145	0.0	0.0	0.0	1.13196	0.0	0.0	0.0	0.0	0.0	0.0	0.0	0.0	0.0	0.0	0.0	0.0	0.0	0.0	0.02502	0.0	7.2877	0.0211	0.1891	0.0	0.0	0.0	0.0	0.0	0.0	0.0	0.0	0.0	0.0	0.0	0.0	25.29644	0.0663	0.04351	0.0	0.45497	0.0	0.0	0.0	0.0	0.0	0.0	0.0	0.0	0.0	0.0	0.0	0.0	0.0	0.0	0.0	0.02535	0.0	0.0	0.0	0.0	0.0	0.0	0.0	0.0	0.00028	0.0	0.0	0.007	0.0	0.0	0.0	0.0	0.0	0.0	0.00296	0.0	0.0	0.00086	0.0	0.0	0.0	0.0	0.0	0.0	0.01144	0.0	0.00078	0.0	0.0	0.0	0.0	0.0	0.60677	0.0	1.62779	9.48591	0.0	0.0	0.0	0.00202	2.75671	0.0	0.0	0.0	0.10825	0.0	0.0	0.0	0.0	0.0	0.0	0.02291	0.0	0.0	0.0	0.0	0.0	0.0	0.0	0.15477	0.0	0.0	0.0	0.0	0.0	0.0	0.0	0.0	0.0	0.0	0.0	0.0	0.0	0.00028	0.0	0.0	0.0	0.0	0.0	0.0	0.5773	0.0	0.0	0.0	0.10497	0.00807	0.0	0.0	0.0	0.0	0.0	0.0017	0.0	0.0	0.0	0.0	0.5556	0.0	0.0	0.0	0.37294	0.0	0.0	0.00664	0.01731	0.0	0.0	0.0	0.0	0.03666	0.0	0.0	0.0	0.0	0.0	0.0	0.0	0.0	0.0	0.0	0.0	6.48272	0.0	0.0	0.0	0.0	0.0	0.0	0.0	0.50872	0.0	0.0	0.0	4.4329	0.0	0.0	0.0	0.0	0.0	0.0	0.0	0.0	0.0	0.0	0.0	0.00119	0.77085	0.0	0.0	0.0	0.0	0.0437	0.0	0.0	0.0	0.00944	0.0	0.0	0.0	0.0	0.0	0.0	0.0	0.0	0.0	0.0	0.0	0.0	0.0	0.0	0.0	0.0	0.0	0.0	0.0	0.0	0.0	0.0	0.0	0.0	0.0	0.0	0.0	0.0	0.0	0.0	0.0	0.0	0.0	0.0	0.0	0.0	0.0	0.0	0.0119	0.0	0.0	0.0	0.0	0.0	0.0	0.0	0.0	0.0	0.0	0.0	0.0	0.0	0.0	0.0	0.0	0.0	0.12241	1.58477	0.0	0.0	0.56752	2.30235	0.0	0.0	0.0	0.0	0.0	0.00138	0.0	2.0218	0.0	0.0	0.0	0.0	0.0	0.0	0.42855	0.0	0.0	0.0	0.0	0.0	1.27239	0.0	0.0	0.0	0.0	0.0	0.0	0.0	3.62234	24.65956	0.0	0.0	0.0	0.0	0.05826	0.0	0.0	0.0	0.0	0.0	0.0	0.0	0.0	0.0	0.0	0.04273
SRR13327489	0.0	0.36761	0.0	0.0	0.0	0.02123	0.01803	0.0	0.38726	0.0	0.0	0.01763	0.0	0.41417	0.0	0.0	0.0	0.0	0.0	0.0	0.0	1.52282	0.0	0.0	0.00062	0.0	0.00731	0.0	0.79594	0.0	0.0	0.0	0.0	0.0	0.0	0.0	0.0	0.19704	0.0	0.0	0.0	0.0	0.0	10.4211	0.06363	0.02486	0.0	5.10445	0.0	0.0	0.0	0.0	0.0	0.0	0.0	0.0	0.0	0.0	5.56089	0.0	0.0	0.0	0.0	0.0	0.0	0.0	0.00034	0.0	0.0	0.0	0.0	0.0	0.0	0.0	0.0	1.75969	0.0	0.0	3.24856	0.0	0.0	0.0	0.0	0.0	0.0	0.00075	0.0	0.0	0.0	0.0	0.0	0.00053	0.32134	0.0	0.0	0.0	0.0	0.3971	0.21636	0.0	0.0	0.25022	0.02636	0.0	0.0	0.00212	0.0	0.0	0.22619	0.0	0.0	0.0	0.03745	1.71258	0.3437	0.0	0.0	0.62911	8.20054	0.81387	0.0	0.53314	0.0	0.0	0.0	0.0	0.0	0.1324	0.0	0.0	0.0	0.0	3.24798	0.0	0.0	0.0	0.0	0.01387	2.44403	0.0	0.03221	0.03316	0.0	0.00113	0.0	0.0	0.00517	0.0	0.00063	0.0057	0.0	0.0	0.17838	0.0	0.0	0.0	0.16626	0.0	0.0	0.0	0.0	0.0	0.0	0.0	0.15524	1.9315	0.0	0.20612	0.0	0.0	0.0	0.00421	0.00306	0.0	0.0	0.0	0.0003	0.01616	0.0	0.0	0.0	0.0	0.0	0.0	0.0	0.0	0.0	0.02269	0.0	0.0	0.0	0.0	0.0	0.0	0.0	0.0	0.0	0.0	0.00674	0.0	0.0	4.80566	0.0	0.0	0.0	0.00389	0.45763	0.0	0.0	0.0	0.0	0.0	0.0	0.00453	0.0	0.0	0.0	0.0	0.0	0.0	0.0	0.0	0.0	0.0	0.0	0.0	0.0	0.0	0.0	0.0	0.01537	0.0	0.0	0.17416	0.0	0.0	0.0	0.0	0.0	0.12289	0.0	0.0	0.0	0.0	0.0	0.0	0.0	0.0	0.0	0.0	0.0	0.19706	3.0996	0.0	0.0	0.0	0.0	0.0	0.0	0.0	0.0	0.0	0.0	0.0	0.0	0.0	0.0	0.00453	0.0	0.0	0.0	0.0	0.00108	0.0	0.0	0.0	0.02372	0.0	0.0	0.0	0.10647	5.29122	0.00881	0.0	10.09911	0.02629	0.0	0.0	0.0	0.0	0.0	0.02112	0.0	0.24344	0.07168	0.0	0.01034	0.04751	0.0024	0.0	2.63029	0.0	0.0	0.0	0.0	0.0	0.03334	0.0	0.0	0.0	0.0	0.0	0.00394	0.0	0.0	20.03421	0.0	0.0	0.0	0.0	0.08997	0.0	0.0	0.05098	0.00458	0.0	0.0	0.0	0.0	0.0	0.0	0.0627
SRR13327490	0.0	0.0	0.0	0.0	0.0	0.01551	0.04161	0.0	0.20032	0.0	0.0	0.42945	0.0	0.0	0.0	0.0	0.0	0.0	0.0	0.00407	0.0	0.0	0.0	0.0	0.0	0.0	0.02018	0.0	1.81042	0.00972	0.05252	0.0	0.0	0.0	0.0	0.0	0.0	0.99532	0.0	0.0	0.0	0.0	0.0	7.31541	0.04213	0.0	0.0	4.53087	0.0	0.0	0.0	0.0	0.0	0.0	0.0	0.0	0.0	0.0	1.00241	0.0	0.0	0.0	0.0	0.0	0.0	0.0	0.0	0.0	0.0	0.0	0.00901	0.0	0.0	0.0	0.0	0.20671	0.0	0.0	0.0	0.0	0.0	0.0	0.0	0.0	0.71083	0.00035	0.0	0.0	0.0	0.0	0.0	0.0	0.0	0.0	0.0	0.0	0.0	0.18051	0.0	0.0	0.0	0.28425	0.29155	0.05462	0.0	0.0	0.0	0.05416	0.12805	0.0	0.0	0.0	0.02417	1.07595	0.0	0.0	0.0	0.0	6.31317	0.02175	0.0	0.0	0.0	0.0	0.0	0.0	0.0	0.22693	0.0	0.0	0.0	0.00083	5.13231	0.0	0.0	0.0	0.0	0.00416	8.94523	0.0	0.05984	0.00815	0.0	0.00157	0.0	0.0	0.05944	0.0	0.02714	0.03363	0.0	0.0	0.17031	0.03636	0.0	0.0	0.0	0.0	0.0	0.0	0.0	0.0	0.0	0.0	0.38457	3.13028	0.0	0.1712	0.0	0.0	0.0	0.0	0.01903	0.0	0.0	0.0	0.0	0.02737	0.0	0.09194	0.0	0.0	0.0	0.0	0.0	0.0	0.0	0.0	0.11399	0.08058	0.0	0.0	0.0	0.0	0.0	0.0	0.0	0.0	0.0	9e-05	0.0	0.9219	0.0	0.0	0.0	0.01062	0.0	0.0	0.0	0.0	0.0	0.0	0.0	0.00348	0.0	0.0	0.0	0.0	0.0	0.02534	0.0	0.0	0.0	0.0	0.0	0.0	0.0	0.0	0.0	0.0	0.83007	0.0	0.0	0.17153	0.0	0.0	0.0	0.0	0.0	0.13092	0.0	0.0	0.0	0.0	0.0	0.0	0.0	0.0	0.0	0.0	0.0	0.21777	0.0	0.0	0.0	0.0	0.0	0.0	0.0	0.0	0.0	0.0	0.0	0.0	0.0	0.0	0.0	0.0	0.0	0.0	0.0	0.0	0.0	0.0	0.0	0.0	0.06947	0.0	0.0	0.0	0.17182	4.09218	0.0	0.0	12.23473	0.11444	0.0	0.0	0.0	0.0	0.0	0.01755	0.0	0.66365	0.0	0.0	0.00034	0.0	0.00472	0.0	2.2518	0.0	0.0	0.0	0.0	0.0	0.19776	0.0	0.0	0.0	0.0	0.0	0.07328	0.0	0.54576	31.18533	0.0	0.0	0.0	0.0	0.01576	0.81746	0.0	0.66253	0.01978	0.0	0.0	0.0	0.0	0.0	0.0	0.0
SRR13327491	0.013	0.0	0.0	0.0	0.0	0.02193	0.0	0.0	0.29756	0.0	0.0	2.12157	0.0	0.04721	0.0	0.00199	0.0	0.0	0.0	0.0	0.0	0.0	0.00353	0.0	0.01332	0.0	0.04201	0.0	0.10201	0.15387	0.0015	0.0	0.0	0.01078	0.0	0.0	0.0	0.51953	0.0	0.0	0.0	0.0	0.0	20.75543	0.1006	0.00221	0.0	20.39486	0.0	0.0	0.0	0.0	0.0	0.0	0.0	0.0	0.0	0.0	14.04053	0.0	0.0	0.00026	0.0	0.0	0.0	0.0	0.0	0.0	0.0	0.0	0.0288	0.0	0.0	0.0	0.0	0.23633	0.0	0.0	1.76828	0.0	0.0	0.0	0.14418	0.0	0.0	0.00779	0.0	0.0	0.0	0.0	0.0	0.0	0.54162	0.0	0.0	0.0	0.0	0.0	0.0	0.0	0.0	0.07416	0.50175	0.04584	0.0	0.0	0.0	0.0	0.19272	0.00251	0.0	0.0	0.14133	0.04177	0.0	0.0	0.0	0.0	4.76425	0.02413	0.0	0.02178	0.0	0.0	0.0	0.0	0.0015	0.18289	0.0	0.0	0.0	0.0	1.31556	0.0	0.0	0.0	0.0	0.00695	0.0	0.0	0.0	0.03314	0.0	0.0	0.0	0.0	0.02514	0.0	0.03726	0.0	0.00217	0.0	0.02232	0.0	0.0	0.0	0.0	0.0	0.0	0.0	0.0	0.0	0.0	0.0	0.42757	1.1106	0.0	0.50376	0.00267	0.0053	0.05925	0.03453	0.01308	0.0	0.0	0.00013	0.0025	0.0	0.0	0.24481	0.0	0.0	0.0	0.0	0.00075	0.0	0.0	0.0	0.0	0.0	0.0	0.00128	0.0	0.0	0.0	0.0	0.0	0.0	0.00253	0.0	0.0	1.30791	1.42759	0.97932	0.0	0.0	0.17895	0.0086	0.0	0.0	0.0	0.0	0.0	0.0	0.0	0.0	0.0	0.0	0.0	0.0019	0.0	0.0	0.00078	0.0	0.0	0.0	0.0	0.0	0.0	0.0	0.05839	0.0	0.0	0.00873	0.0	0.0	0.0	0.0	0.0	0.72926	0.0	0.0	0.02413	0.00058	0.0	0.0	0.0	0.0	0.0	0.00569	0.01968	0.18414	0.38724	0.0	0.0	0.0	0.0	0.0	0.00232	0.00653	0.0	0.0	0.0	0.0	0.0	0.0	0.0	0.0005	0.0	0.0	0.0	0.0	0.0	0.0	0.0	0.0	0.17481	0.0	0.0	0.0	0.0	0.84866	0.01139	0.0	8.83374	0.03039	0.0	0.0	0.0	0.0	0.00706	0.01438	0.0	2.77486	0.0	0.0	0.01285	0.00066	0.00637	0.0111	1.27422	0.0	0.0	0.0	0.0	0.0	0.66169	0.0	0.0	0.0	0.0	0.0	0.0	0.0	0.7704	4.4164	0.0	0.0	0.0	0.0	0.04518	3.38294	0.0	0.01197	0.0	0.0	0.0102	0.0	0.0	0.0	0.0	0.10423
SRR13327492	0.0047	0.0	0.0	0.0	0.0	0.0	0.0	0.0	0.71606	0.0	0.0	0.42259	0.0	0.0	0.04759	0.0	0.0	0.0	0.0	0.0	0.0	1.96708	0.0	0.0	0.0	0.0	0.0	0.0	3.75372	0.01003	0.0	0.0	0.0	0.0	0.0	0.0	0.0	1.47232	0.0	0.0	0.0	0.0	0.0	12.24144	0.05102	0.0	0.0	2.57651	0.0	0.0	0.0	0.0	0.0	0.0	0.0	0.0	0.0	0.0	0.0	0.0	0.0	0.0	0.0	0.0	0.0	0.0	0.0	0.0	0.0	0.0	0.05373	0.0	0.0	0.0	0.0	0.0	0.0	0.0	5.82089	0.0	0.0	0.0	0.0	0.0	0.0	0.0	0.0	0.0	0.0	0.0	0.0	0.02974	0.45778	0.0	0.0	0.0	0.0	0.78537	0.0	0.0	0.0	0.0	0.77798	0.31786	0.0	0.0	0.0	0.0	0.8022	0.19639	0.0	0.0	0.2215	0.0	0.0	0.0	0.0	0.0	0.0	0.0	0.0	1.08248	0.0	0.0	0.0	0.0	0.0	0.31959	0.0	0.0	0.0	0.0	5.4266	0.0	0.0	0.0	0.0	0.0	12.54327	0.0	0.0	0.03908	0.0	0.0	0.0	0.0	0.0	0.0	0.18078	0.0	0.0	0.0	0.10827	0.0	0.0	0.0	0.0	0.0	0.0	0.0387	0.0	0.0	0.0	0.0	1.57743	0.02013	0.0	0.0	0.0	0.0	0.0	0.49406	0.0	0.0	0.0	0.0	0.0	0.0	0.0	0.0	0.0	0.0	0.0	0.0	0.0	0.0	0.0	0.0	0.0	0.0	0.0	0.0	0.0	0.0	0.0	0.0	0.0	0.0	0.0	0.0	0.0	15.976	0.0	0.0	0.0	0.0	0.0	0.0	0.0	0.0	0.0	0.0	0.0	0.0	0.0	0.0	0.0	0.0	0.0	0.0	0.0	0.0	0.0	0.0	0.0	0.0	0.0	0.0	0.0	0.0	0.0	0.0	0.0	0.04719	0.0	0.0	0.0	0.0	0.0	0.19595	0.0	0.0	0.0	0.0	0.0	0.0	0.0	0.0	0.0	0.0	0.16502	0.32317	1.00315	0.0	0.0	0.0	0.0	0.0	0.0	0.0	0.0	0.0	0.0	0.0	0.0	0.0	0.0	0.0	0.0	0.0	0.0	0.0	0.0	0.0	0.0	0.0	0.0	0.0	0.0	0.0	0.8619	0.49591	0.0	0.0	18.233	0.21915	0.0	0.0	0.0	0.0	0.0	0.01123	0.0	1.54683	0.0	0.0	0.0	0.01574	0.0	0.0	0.97032	0.0	0.0	0.0	0.0	0.0	0.49168	0.0	0.0	0.0	0.0	0.0	0.04238	0.0	4.19738	0.13647	0.0	0.0	0.0	0.0	0.0	0.0	0.0	0.41399	0.0	0.09665	0.0	0.0	0.0	0.0	0.0	0.0
SRR13327493	0.0	0.0	0.0	0.0	0.0	0.03954	0.0	0.0	0.0	0.0	0.0	0.0	0.0	0.09687	0.0	0.0	0.0	0.0	0.0	0.0	0.0	0.0	0.0	0.0	0.0	0.0	0.0	0.0	0.01465	0.01296	0.01342	0.0	0.0	0.0	0.0	0.0	0.0	8.21713	0.0	0.0	0.0	0.0	0.0	32.19451	0.17234	0.01776	0.0	2.11644	0.0	0.0	0.00081	0.0	0.0	0.11248	0.05811	0.0	0.0	0.0	0.0	0.0	0.0	0.0	0.0	0.0	0.0	0.0	0.0	0.0	0.0	0.0	0.0	0.0	0.0	0.0	0.0	0.14061	0.0	0.0	0.0	0.0	0.0	0.0	0.219	0.0	0.0	0.00107	0.0	0.0	0.0	0.0	0.0	0.0	0.18243	0.0	0.00908	0.05875	8e-05	0.0	0.0	0.0	0.0	0.25275	1.77197	0.45982	0.0	0.0	0.0	0.0	1.90826	0.0	0.0	0.0	0.33827	0.00661	0.16574	0.05088	0.0	0.0	6.46522	0.30644	0.0	0.0	0.0	0.0	0.0	0.0	0.0	0.42223	0.0	0.0	0.0	0.0	0.0	0.13607	0.0	0.0	0.0	0.0	0.0	0.0	0.0	0.00038	0.0	0.0	0.0	0.0	0.0	0.0	0.36067	0.01477	0.0	0.0	0.20137	0.0	0.0	0.0	0.0	0.0	0.0	0.0	0.0	0.0	0.0	0.0	0.30731	0.0	0.0	0.0	0.0	0.00506	0.0	0.0	0.04521	0.0	0.0	0.0	0.0	0.0	0.0	0.29365	0.0	0.0	0.0	0.0	0.0	0.0	0.0	0.0003	0.0	0.0	0.0	0.00793	0.0	0.0	0.0	0.0	0.0	0.04543	0.01808	0.0	0.0	23.23989	0.0	0.0	0.0	0.0	0.2531	0.0	0.0	0.0	0.0	0.0	0.0	0.00148	0.0	0.0	0.0	0.0	0.0	0.33064	0.0	0.0	0.0	0.04882	0.0	0.0	0.0	0.0	0.0	0.0	0.0	0.0	0.0	0.73732	0.0	0.0	0.0	0.0	0.0	0.09616	0.0	0.0	0.0	0.00024	0.0	0.0	0.0	0.0	0.0	0.0	0.0	0.0	4.43209	0.0	0.0	0.0	0.0	0.0	0.0	0.0	0.0	0.0	0.0	0.0	0.0	0.0	0.0	0.0	0.0	0.0	0.0	0.0	0.0	0.0	0.0	0.0	0.34718	0.0	0.0	0.00012	0.90366	0.0	0.00599	0.0	0.0	1.95109	0.0	0.0	0.0	0.0	0.0	0.04117	0.0	0.0	0.0	0.0	0.0	0.0	0.0	0.0	0.81843	0.0	0.0	0.0	0.0	0.0	3.29479	0.0	0.0	0.0	0.0	0.0	0.0	0.0	3.63836	2.22904	0.0	0.0	0.0	0.0	0.36798	0.0	0.0	0.0	0.0	0.0	0.0	0.0	0.0	0.0	0.0	0.0
SRR13327494	0.008	0.0	0.0	0.0	0.0	0.0506	0.0	0.0	0.0	0.0	0.0	0.0	0.0	0.09618	0.0	0.0	0.0	0.0	0.0	0.0	0.0	0.0	0.0	0.0	0.0	0.0	0.0	0.0	6.27341	0.13619	0.0	0.0	0.0	0.0	0.0	0.0	0.0	0.59975	0.0	0.0	0.0	0.0	0.0	19.4632	0.03225	0.0975	0.0	4.82447	0.0	0.0	0.0	0.0	0.0	0.00023	0.0	0.0	0.0	0.0	0.0	0.0	0.0	0.0	0.0	0.0	0.0	0.0	0.0	0.0	0.0	0.0	0.0	0.0	0.0	0.0	0.0	0.41483	0.0	0.0	3.98026	0.0	0.0	0.0	0.05662	0.0	0.0	0.00242	0.0	0.0	0.0	0.0	0.0	0.00978	0.0	0.0	0.0	0.0	0.0	0.45432	0.0	0.0	0.0	0.08549	0.56801	0.0	0.0	0.0	0.0	0.0	0.2094	0.02515	0.0	0.0	0.0	0.41501	0.0	0.0	0.0	0.0	1.40567	0.06068	0.0	0.0	0.0	0.0	0.0	0.0	0.0	0.13345	0.0	0.0	0.0	0.0	0.46835	0.0	0.0	0.0	0.0	0.03056	0.0	0.0	0.02423	0.04237	0.0	0.0	0.0	0.0	0.0	0.0	0.11086	0.21879	0.0	0.0	0.00471	0.0	0.0	0.0	0.0	0.0	0.0	0.0	0.0	0.0	0.0	0.0	0.04487	4e-05	0.0	0.01196	0.0	0.0	0.0	0.0	0.0	0.0	0.0	0.0	0.0	0.0	0.0	0.0	0.0	0.0	0.0	0.0	0.0	0.0	0.0	0.0	0.0	0.0	0.0	0.0	0.0	0.0	0.0	0.0	0.0	0.0	0.0	0.0	0.0	53.50407	0.0	0.0	0.0	0.0	0.00117	0.0	0.0	0.0	0.0	0.0	0.0	0.01561	0.0	0.0	0.0	0.0	0.0	0.0	0.0	0.0	0.0	0.0	0.0	0.0	0.0	0.22164	0.0	0.0	0.0	0.0	0.0	0.06813	0.0	0.0	0.0	0.0	0.0	0.05501	0.0	0.0	0.0	0.0	0.0	0.0	0.0	0.0	0.0	0.0	0.0	0.0	0.91129	0.0	0.0	0.0	0.0	0.0	0.0	0.0	0.0	0.0	0.0	0.0	0.0	0.0	0.0	0.0	0.0	0.0	0.0	0.0	0.0	0.0	0.0	0.02192	0.0	0.0	0.0	0.0	0.02527	0.0	0.0	0.0	0.53218	0.88366	0.0	0.0	0.0	0.0	0.0	0.04555	0.0	0.0	0.0	0.0	0.0	0.0	0.00264	0.00361	0.6292	0.0	0.0	0.0	0.0	0.0	0.6368	0.0	0.0	0.0	0.0	0.0	0.0	0.0	0.96318	0.74126	0.0	0.0	0.0	0.0	0.37819	0.0	0.0	0.0	0.0	0.0	0.0	0.0	0.0	0.0	0.0	0.0
SRR13327495	0.0	0.0	0.0	0.0	0.0	0.01108	0.0	0.0	0.2771	0.0	0.0	0.55063	0.0	0.54925	0.0	0.0	0.0	0.0	0.0	0.0	0.0	1.59429	0.0	0.00519	0.00533	0.0	0.07016	0.0	3.09917	0.10658	0.07513	0.0	0.0	0.0	0.0	0.0	0.0	2.09532	0.0	0.0	0.0	0.0	0.0	5.07013	0.09927	0.0	0.0	14.00358	0.0	0.0	0.0	0.0	0.0	0.0	0.0	0.0	0.0	0.00197	0.0	0.0	0.0	0.0	0.0	0.22892	0.0	0.0	0.0	0.0	0.0	0.0	0.0	0.0	0.0	0.0699	0.0	1.45035	0.0	0.0	0.0	0.0	0.0	0.07881	0.03855	0.0	2.48265	0.00468	0.0	0.0	0.0	0.0	0.0	0.0	0.44191	0.0	0.00064	0.01249	0.0	0.22466	0.0	0.0	0.0	0.496	1.13773	0.31782	0.0	0.50379	0.0	0.0	0.25534	0.0	0.0	0.0	0.00998	3.11418	0.094	0.00093	0.0	0.0	4.06871	0.23118	0.0	0.0	0.0	0.0	0.0	0.0	0.0	0.24811	0.0	0.0	0.0	0.0	3.55889	0.0	0.0	0.0	0.00232	0.00812	2.22802	0.0	0.14621	0.03088	0.04617	0.00084	0.0	0.0	0.0	0.0	0.09656	0.112	0.02832	0.0	0.0818	0.36125	0.0	0.0	0.0	0.0	0.0	0.0	0.0	0.0	0.0	0.0	0.58252	3.48327	0.0	0.25866	0.0	0.0	0.0	0.0	0.04922	0.0	0.0	0.0	0.0	0.13837	0.0	0.32854	0.0	0.0	0.0	0.0	0.0	0.0	0.0	0.0	0.0	0.0	0.0	0.00138	0.0	0.0	0.0	0.0	0.0	0.0	0.00084	0.0	0.0	2.155	0.0	0.66718	0.0	0.0	0.4603	0.16312	0.0	0.0	0.0	0.0	0.0	0.0	0.0	0.0	0.0	0.0	0.0	0.01189	0.0	0.0	0.0	0.03023	0.0	0.0	0.0	0.0	0.0	0.0	0.04627	0.00092	0.0	0.14829	0.0	0.0	0.0	0.0	0.0	0.0	0.0	0.0	0.0	0.0	0.0	0.0	0.0	0.0	0.0	0.0	0.0	0.86069	1.29562	0.0	0.0	0.0	0.0	0.0	0.0	0.0	0.0	0.0	0.0	0.0	0.0	0.0	0.0	0.0	0.0	0.0	0.0	0.0	0.0	0.0	0.0	0.0	0.0	0.0	0.0	0.0	0.03609	8.10918	0.0098	0.0	12.04088	0.22575	0.0	0.0	0.0	0.0	0.0	0.00938	0.0	1.53647	0.0	0.0	0.10254	0.0	0.0	0.00103	1.04856	0.0	0.0	0.0	0.0	0.0	0.3885	0.0	0.0	0.0	0.0	0.0	0.0	0.0	0.39532	14.91355	0.0	0.0	0.0	0.0	0.00734	0.0	0.0	0.31492	0.02566	0.0	0.0	0.0	0.0	0.0	0.0	0.1596
SRR13327496	0.0	0.01605	0.0	0.0	0.0	0.00125	0.05489	0.0	0.4931	0.0	0.0	0.0	0.0	0.00828	0.13266	0.0	0.0	0.0	0.0	0.0	0.0	0.72595	0.0	0.0	0.0	0.0	0.0	0.0	2.74828	0.16062	0.0	0.0	0.0	0.0	0.0	0.0	0.0	4.48582	0.14939	0.0	0.0	0.0	0.0	9.10156	0.05478	0.00105	0.0	5.12162	0.0	0.0	0.0	0.0	0.0	0.0	0.0	0.0	0.0	0.0	1.96129	0.0	0.0	0.0	0.0	0.0	0.0	0.0	0.0	0.0	0.0	0.0	0.0	0.0	0.0	0.0	0.0	1.96441	0.0	0.0	0.28133	0.0	0.0	0.0	0.0	0.0	0.0	0.0	0.0	0.0	0.0	0.0	0.0	0.01743	0.78617	0.0	0.0	0.0	0.0	0.0	0.0	0.0	0.0	0.01929	0.16821	0.0	0.0	0.0	0.0	0.0	0.76995	0.0	0.0	0.0	0.0	0.0	0.0	0.0	0.0	0.07911	1.51391	1.55383	0.0	0.0	0.0	0.0	0.0	0.0	0.0	0.07375	0.0	0.0	0.0	0.0	1.31522	0.06331	0.0	0.0	0.0	0.00145	0.0	0.0	0.0	0.00651	0.0	0.00651	0.0	0.0	0.00596	0.0	0.01915	0.0	0.00016	0.0	0.01858	0.0	0.0	0.0	0.0	0.0	0.0	0.0	0.0	0.0	0.0	0.0	0.14353	5.77533	0.0	0.24152	0.0	0.0	0.0	0.00103	0.0001	0.0	0.0	0.0	0.0	0.0	0.0	0.00305	0.0	0.0	0.0	0.0	0.0	0.0	0.0	0.0	0.0	0.0	0.0	0.0	0.0	0.0	0.0	0.0	0.0	0.0	0.0	0.0	0.0	3.18881	0.0	0.00145	0.0	0.00041	0.0	0.0	0.0	0.0	0.0	0.0	0.0	0.00267	0.0	0.0	0.0	0.0	0.0	0.0	0.0	0.0	0.0	0.00654	0.0	0.0	0.0	0.0	0.0	0.0	0.0	0.0	0.0	0.10714	0.0	0.0	0.0	0.0	0.0	0.13238	0.0	0.0	0.0	0.0	0.0	0.0	0.0	0.0	0.0	0.0	0.0	0.0	2.01866	0.0	0.0	0.0	0.0	0.0	0.0	0.0	0.0	0.0	0.0	0.0	0.0	0.0	0.0	0.00092	0.0	0.0	0.0	0.0	0.0	0.0	0.0	0.0	0.0	0.0	0.0	0.0	0.0019	10.60087	3e-05	0.0	4.7231	0.01344	0.0	0.0	0.0	0.0	0.0	0.00559	0.0	0.96461	0.0	0.0	0.48961	0.0	0.0	0.00106	0.4848	0.00146	0.46643	0.0	0.0	0.00063	0.00866	0.0	0.0	0.0	0.0	0.0	0.0	0.0	0.0034	36.6449	0.0	0.0	0.0	0.0	0.04423	0.0	0.0	0.04088	0.0	0.0	0.0	0.0	0.0	0.0	0.0	0.0
SRR13327497	0.0	0.0	0.0	0.0	0.0	0.00952	0.01472	0.0	0.05189	0.0	0.0	1.57644	0.0	0.5462	0.0	0.0	0.0	0.0	0.0	0.0	0.0	2.09782	0.00714	0.00076	0.02848	0.0	0.0	0.0	0.01671	0.0	0.06934	0.02716	0.0	0.0	0.00014	0.0204	0.0	0.72487	0.0	0.0	0.1375	0.0	0.05217	32.48227	0.09242	0.03397	0.0	7.59265	0.0	0.0	0.0	0.0	0.0	0.0	0.04346	0.0	0.0122	0.0	0.448	0.0	0.0	0.0	0.0	0.0	0.0	0.0	0.0	0.0	0.0	0.0	0.12517	0.0	0.0	0.0	0.0	0.30661	0.0	0.0	5.70795	0.0	0.0	0.0	0.04529	0.00303	0.81865	0.0	0.0	0.0	0.01219	0.0	0.0	0.07156	0.08513	0.0	0.0	9e-05	0.0	1.84063	0.0	0.0	0.0	0.59159	1.01749	0.14363	0.0	0.0	0.0	0.0	0.10372	0.0	0.0	0.0	0.21227	0.0887	0.0	0.00065	0.01202	0.14964	1.35718	0.02004	0.0	0.0	0.11872	0.0	0.06909	0.0	0.00104	0.30477	0.0	0.0	0.0	0.0	3.52224	0.03629	0.0	0.0	0.0	0.00455	2.75027	0.0	0.07588	0.00113	0.0	0.0	0.0	0.0	0.05547	0.0	0.0254	0.0	0.03529	0.0	0.16199	0.17008	0.0	0.0	0.0	0.0	0.0	0.00321	0.0	0.0	0.0	0.0	0.1239	0.66693	0.02648	0.04487	0.0121	0.0	0.0	0.02495	0.01262	0.0	0.0	0.0	0.01473	0.0	0.0	0.32989	0.0	0.0	0.00109	0.0	0.01681	0.0	0.0	0.00292	0.0	0.0	0.0	0.0	0.0	0.0	0.0	0.0	0.0	0.02073	0.00185	0.00162	0.0	0.60748	0.04934	0.0	0.0	0.00041	0.0	0.0	0.0	0.0	0.0	0.0	0.02287	0.00271	0.0	0.0	0.0	0.0	0.0	0.0	0.0	0.0	0.0	0.00095	0.0	0.0	0.02255	0.0	0.0	0.0	0.30768	0.01652	0.0	0.11284	0.0	0.0	0.0	0.0	0.0	0.01628	0.0	0.0	0.01229	0.0	0.0	0.0	0.0	0.0	0.00266	0.04206	0.01194	0.56679	0.80769	0.0	0.0	0.0	0.0	0.0	0.04713	0.02458	0.0	0.0	0.0	0.01759	0.0	0.0	0.0	0.00167	0.0	0.0	0.0	0.0	1.24061	0.0	0.0	0.0	0.08264	0.0	0.0	0.0	0.33122	0.11566	0.0	0.0	11.0323	0.21092	0.0	0.0	0.0	0.0	0.0	0.24694	0.0	0.41827	0.0	0.0	0.01006	0.19728	0.02548	0.0	0.82631	0.0	0.34806	0.0	0.0	0.0	1.28541	0.0	0.0	0.0	0.0	0.0	0.15798	0.0	1.92658	10.26299	0.00139	0.0	0.0	0.0	0.0	1.06295	0.00171	0.0189	0.01586	0.0	0.0	0.0	0.0	0.0	0.0	0.05013
SRR13327498	0.00142	0.0	0.0	0.0	0.00088	0.01175	0.15811	0.0	0.19807	0.0	0.0	0.0284	0.0	0.42911	0.0	0.00493	0.0	0.0	0.0	0.0	0.0	1.86284	0.0	0.0	0.00357	0.0	0.01703	0.0	0.05686	0.11825	0.0	0.0	0.0	0.0	0.0	0.0	0.0	1.13341	0.0	0.0	0.0	0.0	0.0	5.7154	0.02767	0.008	0.0	7.74384	0.0	0.0	0.0	0.0	0.0	0.0	0.0	0.0	0.0	0.0	0.0	0.0	0.0	0.0	0.0	0.0	0.0	0.0	0.01304	0.0	0.0	0.0	0.00276	0.0	0.0	0.00326	0.0	0.93762	0.0	0.01074	1.80778	0.0	0.0	0.0	0.0	0.0	0.70715	0.00122	0.0	0.0	0.00336	0.0	0.0	0.00195	0.04873	0.0	0.00015	0.00348	0.0	0.8708	0.0	0.0	0.0	0.24314	0.02823	0.0053	0.0	0.00169	0.0	0.0	0.13931	0.0	0.0	0.0	0.11921	0.24974	0.43446	0.0	0.0	0.0	8.82538	1.72986	1.09344	0.06673	0.0	0.0	0.0	0.0	0.0	0.10499	0.0	0.0	0.0	0.0	4.79948	0.0	0.0	0.0	0.0	0.00642	3.98216	0.0	0.05889	0.00699	0.00528	0.01667	0.0	0.0	0.02044	0.0	0.00414	0.00766	0.02055	0.0	0.09141	0.0	0.0	0.0	0.03025	0.0	0.0	0.09573	0.0	0.0	0.0	0.0	0.07545	0.46018	0.0	0.07364	0.0	0.0	0.0	0.0	0.0	0.0	0.0	0.0	0.0	0.02614	0.0	0.00385	0.0	0.0	0.0	0.0	0.0	0.0	0.0	0.0	0.0	0.0323	0.0	0.0	0.0	0.0	0.0	0.0	0.0	0.00103	0.08794	0.00209	0.0	1.8963	0.0	0.00145	0.0	0.00525	0.04695	0.0	0.0143	0.0	0.0	0.0	0.0	0.00407	0.03723	0.0	0.0	0.0	0.0	0.00033	0.0	0.0	0.0	0.0	0.0	0.0	0.09496	0.0	0.00192	0.0	0.90043	0.0	0.0	0.00043	0.0	0.0	0.0	0.0	0.0	0.01831	0.0	0.0	0.0	0.0	0.0	0.0	0.0	0.0	0.0	0.0	0.0052	0.20681	0.71518	0.0	0.0	0.0	0.0	0.0	0.0	0.0	0.0	0.0	0.0	0.00012	0.0	0.0	0.0	0.02291	0.0	0.0	0.0	0.0	0.0	0.0	0.0	0.0	0.0	0.0	0.0	0.0	0.04358	9.74361	0.00163	0.0	3.93945	0.15227	0.0	0.0	0.0	0.0	0.0	0.00062	0.0	0.45741	0.0	0.0	0.01893	0.0	0.00039	0.0	1.09914	0.0	0.22513	0.0	0.0	0.0	0.14136	0.0	0.0	0.0	0.0	0.0	0.03147	0.0	0.0	34.3473	0.0	0.0	0.0	0.0	0.28574	0.54601	0.0	0.0915	0.0	0.0	0.0	0.0	0.0	0.0	0.0	0.02048
SRR13327499	0.0	0.0	0.0	0.0	0.0	0.04995	0.0	0.0	0.28854	0.0	0.0	0.7527	0.0	0.59299	0.08173	0.0	0.0	0.0	0.0	0.00696	0.0	0.0	0.0	0.0	0.05791	0.0	0.12534	0.0	0.52332	0.03726	0.02517	0.0	0.0	0.0	0.0	0.0	0.0	0.48542	0.0	0.0	0.0	0.0	0.0	17.70669	0.08734	0.05455	0.0	12.66606	0.0	0.0	0.0	0.0	0.0	0.0	0.0	0.0	0.0	0.0	0.0	0.0	0.0	0.00179	0.0	0.01533	0.0	0.0	0.0	0.0	0.0	0.0	0.11573	0.0	0.0	0.0	0.0	0.18916	0.0	0.0	0.0	0.0	0.0	0.0	0.00017	0.0	0.7668	0.00367	0.0	0.0	0.0	0.0	0.0	0.00041	0.0001	0.0	0.0	0.0	0.0	0.54593	0.0	0.0	0.0	0.51949	3.11028	0.36132	0.0	0.0	0.0	0.00114	0.34446	0.03169	0.0	0.0	0.02433	0.85497	0.0	0.0	0.0	0.0	6.50705	0.07916	0.0	0.0	0.0	0.0	0.0	0.0	0.0	0.23538	0.0	0.0	0.0	0.0	4.96428	0.00019	0.0	0.0	0.0	0.0	4.11133	0.0	0.32778	0.0019	0.0	0.0	0.0	0.0	0.10427	0.0	0.09441	0.0	0.02189	0.0	0.03849	0.00328	0.0	0.0	0.3874	0.0	0.0	0.09149	0.0	0.0	0.0	0.0	1.58306	2.20225	0.0	0.08277	0.0	0.0	0.0	0.0	0.0	0.0	0.0	0.0	0.0	0.0	0.0	0.16355	0.0	0.0	0.0	0.0	0.0	0.0	0.0	0.0	0.0	0.0	0.0	0.0	0.0	0.0	0.0	0.0	0.0	0.0	0.00048	0.00585	0.0	1.84657	0.0	0.98932	0.0	0.00402	0.0	0.01142	0.0	0.0	0.0	0.0	0.0	0.01423	0.0	0.0	0.0	0.0	0.0	0.0	0.0	0.0	0.0	0.0	0.0	0.0	0.01498	0.0	0.00144	0.0	0.08093	0.0	0.0	0.21518	0.0	0.0	0.0	0.0	0.0	0.06221	0.0	0.0	0.003	0.0	0.0	0.0	0.0	0.0	0.0	0.0	0.0	0.0	0.0	0.0	0.0	0.0	0.0	0.0	0.0	0.0	0.0	0.0	0.0	0.0	0.0	0.00773	0.0	0.00337	0.0	0.00054	0.0	0.0	0.0	0.0	0.0	0.0	0.0	0.0	0.0	0.0	0.01538	3.45172	0.00135	0.0	11.20502	0.08324	0.0	0.0	0.0	0.0	0.0	0.02983	0.0	1.89249	0.0	0.0	0.05012	0.00065	0.00229	0.00356	0.32592	0.0	0.0	0.0	0.0	0.0	1.38685	0.0	0.0	0.0	0.0	0.0	0.00635	0.0	0.34166	11.64905	0.0	0.0	0.0	0.0	0.00313	4.49899	0.0	0.27238	0.0	0.00218	0.0	0.0	0.0	0.0	0.0	0.08797
SRR13327500	0.0021066815389563	0.0	0.0	0.0	0.0070324490020232	0.0423575293001746	0.0	0.0	0.4124821390043437	0.0	0.0	0.0	0.0	0.1309704576078682	0.0	0.0	0.0	0.0	0.0	0.0	0.0	0.3963919771053586	0.0	0.0	0.0042947807219302	0.0	0.0389074566349273	0.0	1.101814799285153	0.0	0.0008141764401763	0.0	0.0	0.0027681998965995	0.0	0.0	0.0	0.1427658387849231	0.0	0.0	0.0571043000728688	0.0	0.0	7.015280056341012	0.0187057037130516	0.0681465680427605	0.0	8.843930518182598	0.0	0.0	0.0	0.0	0.0	0.0057602983142476	0.0175251478747959	0.0	0.0	0.0	0.0	0.0	0.0	0.0	0.0	0.0	0.0	0.0	0.0165888449685931	0.0	0.0	0.0	0.0372587493435702	0.0	0.0	0.0205986639364616	0.0	1.069532703432161	0.0	0.0	5.040596872748294	0.0	0.0	0.0	0.0030735160616657	0.0	3.275696426172516	0.0007429360016609	0.0	0.0	0.0	0.0	0.0	0.0448102358262059	0.0	0.0	0.0	0.0002747845485595	0.0	0.0212907139106115	0.0	0.0	0.0	0.9938244717012626	0.3444882290441162	0.0179525905058885	0.0	0.0	0.0	0.0028496175406172	1.014606325336764	0.0	0.0	0.0	0.0100754334471823	0.5666973339792468	0.0	0.0	0.0	0.0	1.354830305275456	0.3232076923390068	0.0	0.0	0.0	0.0	0.0	0.0	0.0	0.2341266125782118	0.0	0.0	0.0	0.0	2.365599824137889	0.0	0.0	0.0	0.0004885058641058	0.0062589813838556	0.0	0.0	0.0186446404800384	0.0075311320716312	0.0121719377806364	0.000997366139216	0.0	5.340895675501839	0.0560458707006395	0.0	0.0064930571104063	0.0	0.0197437786742765	0.0	0.3107507928043087	0.0	0.0	0.0	0.0	0.0	0.0	0.0725634752307172	0.0	0.0	0.0	0.0	0.5738519094472965	1.11837311263724	0.0	0.0485249158345105	0.0	0.0	0.0287200739272207	0.0	0.0158052001449234	0.0010584293722292	0.0	0.0	0.0	0.0	0.0	0.0660195320927998	0.0	0.0	0.0	0.0	0.0	0.0	0.0	0.0	0.0	0.0	0.0	0.0	0.0	0.0	0.0	0.0	0.0	0.0	0.0128945193712929	0.0049562990795735	0.0	4.076377891852944	9.750292085797916	4.411065471998437	0.0	0.0600963984905168	0.2589691712090928	0.0	0.0	0.0	0.0	0.0	0.0	0.0258399247700969	0.0	0.0	0.0	0.0	0.0	0.0	0.0	0.0	0.0	0.0	0.0	0.0	0.0370144964115173	0.0	0.0005699235081234	0.0	0.1110027804125432	0.0	0.0	0.1171396353303724	0.0	0.0	0.0078669798532039	0.0225832190093915	0.0	0.0	2.172589121788583	0.0	0.0	0.0007327587961587	0.0	0.0	0.0	0.0	0.0	0.0	0.0	0.0068594365084857	0.5507903617793013	0.0	0.0	0.0	0.0	0.0	0.0	0.0	0.0	0.0	0.0	0.0	0.0	0.0	0.0	0.0318444760163975	0.0	0.0	0.0	0.0	0.0	0.0	0.0	0.0	0.0	0.0	0.0	0.0	0.1599144300561374	0.0623659153175084	0.0001119492605242	0.0	0.6600426628454653	0.4534657455617208	0.0	0.0	0.0	0.0	0.0	0.0075413092771334	3.719330991219108	1.499672293982829	0.0	0.0	0.0032363513497009	0.7321481638285835	0.0023102256490003	0.0329945002381466	1.179069966252387	0.0	0.1325377472552077	0.0	0.0	0.0	0.1152670295179668	0.0	0.0	0.0	0.0	0.0001831896990396	0.0247306093703566	0.0	1.465110504097343	23.5511933791172	0.0	0.0	0.0	0.0	0.0	1.681488070279711	0.0010686065777314	0.0186853493020472	0.0556794913025601	0.0	0.0	0.0	0.0	0.0	0.0	0.0095462187610677
SRR13327501	0.0	0.0	0.0	0.0	0.0	0.04187	0.09033	0.0	0.66386	0.0	0.0	0.05896	0.0	0.16886	0.0	0.0	0.0	0.0	0.0	0.02542	0.0	0.0	0.00268	0.0	0.0	0.0	0.0	0.0	0.57875	0.02005	0.0	0.0	0.0	0.0	0.00316	0.0	0.0	0.68744	0.0	0.0	0.00762	0.0	0.0	15.55635	0.09665	0.01139	0.0	12.94867	0.0	0.0	0.0	0.0	0.0	0.0	0.01561	0.0	0.00379	0.0	2.58418	0.0	0.00102	0.0	0.0	0.0	0.0	0.0	0.0	0.0	0.0	0.0	0.0	0.0	0.0	0.0	0.0	1.54766	0.0	0.0	0.84256	0.0	0.0	0.0	0.00581	0.0	0.0	0.0	0.0	0.0	0.0	0.0	0.0	0.0	0.0	0.0	0.0	0.0	0.0	0.693	0.0	0.0	0.0	0.27931	0.10519	0.0	0.0	0.0	0.0	0.0	0.07124	0.0	0.0	0.0	0.00219	1.81732	0.09107	0.0	0.08736	0.0	4.35191	0.004	0.0	0.46695	0.0	0.0	0.04477	0.0	0.00365	0.63507	0.0	0.0	0.0	0.0	0.91024	0.0	0.0	0.0	0.0	0.01626	0.0	0.0	0.00268	0.0037	0.0	0.0	0.0	0.0	0.00807	0.0	0.01252	0.00473	0.0	0.0	0.05505	0.00301	0.0	0.02423	0.0	0.0	0.0	0.00502	0.0	0.0	0.0	0.00105	0.03184	3.74436	0.0	1.25492	0.0	0.0	0.0	0.0	0.00247	0.0	0.0	0.0	0.0	0.02942	0.0	0.0027	0.0	0.0	0.0	0.0	0.20163	0.0	0.0	0.0	0.00986	0.0	0.0	0.0	0.0	0.0	0.0	0.0	0.0	0.0	0.0	0.0	0.0	2.00418	0.0	0.00122	0.0	0.0	0.0	0.0	0.0	0.0	3.43411	0.0	0.0	0.00222	0.0	0.0	0.0	0.0	0.0	0.0	0.0	0.0	0.0	0.00063	0.0	0.0	0.0	0.0	0.0	0.00204	0.0	0.0	0.0	0.12184	0.0	0.0	0.0	0.0	0.0	0.20093	0.0	0.0	0.0	0.0	0.0	0.0	0.0	0.0	0.0	0.00962	0.00169	0.97862	0.60829	0.0	0.0	0.0	0.0	0.0	0.04047	10.44322	0.0	0.0	0.0	0.0	0.0	0.0	0.0	0.02279	0.0	0.0	0.0	0.0	0.0	0.0	0.0	0.0	0.0	0.0	0.0	0.0	0.01728	5.37337	0.00454	0.0	2.04861	0.01215	0.0	0.0	0.0	0.0	0.0	0.02058	0.0	0.51015	0.0	0.0	0.01571	0.0	0.0119	0.0	0.7928	0.0	0.0	0.0	0.0	0.0	0.22669	0.0	0.0	0.0	0.0	0.0	0.0	0.0	0.24929	21.8388	0.0	0.0	0.0	0.0	0.0668	0.0	0.0	0.0	0.0	0.0	0.0	0.0	0.0	0.0	0.0	0.0
SRR13327502	0.0	0.0	0.0	0.0	0.0163	0.01219	0.0	0.0	0.0	0.0	0.0	0.39236	0.0	0.19956	0.0	0.0	0.0	0.0	0.0	0.0	0.0	1.30335	0.0	0.0	0.00094	0.0	0.00325	0.0	1.71712	0.0115	0.00564	0.0	0.00042	0.0	0.0	0.0	0.0	2.54221	0.0	0.0057	0.0	0.0	0.0	9.84519	0.04363	0.01905	0.0	10.21298	0.0	0.0	0.0	0.0	0.0	0.0	0.0	0.0	0.00121	0.0	0.0	0.0	0.0	0.0	0.0	0.0	0.0	0.0	0.0	0.0	0.0	0.0	0.0	0.0	0.0	0.0	0.0	2.42344	0.0	0.0	0.0	0.0	0.0	0.0	0.00541	0.0	0.0	0.0017	0.14235	0.0	0.009	0.0	0.0	0.0	0.58018	0.0	0.0	0.0	0.0	0.0	0.0	0.0	0.0	0.27872	0.51252	0.1515	0.0	0.0	0.09979	0.0	0.16343	0.0	0.0	0.0	0.12871	0.57177	0.0	0.00057	0.0	0.18083	9.37128	0.00758	0.0	0.0	0.0	0.0	0.00021	0.0	0.0	0.15917	0.0	0.03738	0.0	0.0	0.78879	0.01558	0.0	0.0	0.0	0.00724	2.77557	0.0	0.0	0.01628	0.00697	0.00483	0.0	0.0	0.03243	0.0	0.0207	0.0	0.02244	0.00284	0.17586	0.0	0.0	0.0	1.15798	0.0	0.0	0.0002	0.0	0.0	0.0	0.0	0.22898	6.21011	0.0	0.0	0.03405	0.0	0.09113	0.0	0.0	0.00113	0.0	0.0	0.0	0.0	0.0	0.0	0.0	0.0	0.0	0.0	0.0	0.0	0.05292	0.00095	0.0	0.06862	0.0	0.0	0.0	0.0	0.0	0.0	0.0	0.0	0.00514	0.0	0.0	0.61068	0.0	0.0	0.0	0.0	0.00198	0.0	0.0	0.0	0.00898	0.0	0.0	0.0	0.0	0.0	0.0	0.0	0.0	0.00887	0.0	0.0	0.0	0.0	0.0	0.0	0.0	0.0	0.0	0.0	0.0507	0.0	0.0	0.36952	0.0	0.0	0.0	0.0	0.0	0.0	0.0	0.0	0.00609	0.0	0.0	0.0	0.0	0.0	0.0	0.0	0.01669	0.0	0.0	0.0	0.0	0.0	0.0	0.0	0.0	0.06198	0.0	0.00155	0.0	0.0	0.0	0.0	0.0	0.07563	0.0	0.0	0.0	0.0	0.0	0.0	0.0	0.0	0.0	0.0	0.0	0.0	0.14012	12.29985	0.0416	0.0	8.64325	0.0	0.0	0.0	0.0	0.0	0.01361	0.00188	0.0	1.80834	0.0	0.0	0.0	0.0	0.01521	0.0	1.24527	0.0	0.27609	0.0	0.0	0.0	0.1946	0.0	0.0	0.0	0.0	0.00041	0.01669	0.0	1.18324	19.1676	0.0	0.0	0.0008	0.0	0.23887	0.0	0.0	0.55736	0.01205	0.0	0.0	0.0	0.0	0.0	0.0	0.05161
SRR13327503	0.0	1.40771	0.0	0.0	0.0	0.007	0.0	0.0	0.28538	0.0	0.0	0.00351	0.0	1.01828	0.0	0.0	0.0	0.0	0.0	0.0	0.0	0.88828	0.0	0.0	0.0019	0.0	0.02528	0.0	1.99705	0.00257	0.00567	0.0	0.0	0.0	0.0	0.0	0.0	1.64857	0.0	0.0	0.0	0.0	0.0	29.18843	0.15267	0.00118	0.0	5.42812	0.0	0.0	0.0	0.0	0.0	0.0	0.0	0.0	0.0	0.0	2.03851	0.0	0.0	0.0	0.0	0.0	0.0	0.0	0.00415	0.0	0.0	0.0	0.0	0.0	0.00095	0.0	0.0	1.59921	0.0	0.0	2.17035	0.0	0.0	0.0	0.0	0.0	0.4499	0.0	0.0	0.0	0.0	0.01499	0.0	0.0	0.74889	0.0	0.0	0.0	0.0	0.25386	0.0	0.0	0.0	0.30013	0.17589	0.0	0.0	0.0	0.0	0.04776	0.00742	0.0	0.0	0.0	0.35135	0.1784	0.23324	0.0	0.0	0.29773	2.57301	1.08335	0.0	0.0	0.0	0.0	0.0	0.0	0.0	0.07002	0.0	0.0	0.0	0.00065	3.55296	0.0	0.0	0.0	0.0	0.0	0.76249	0.0	0.0187	0.0	0.007	0.00077	0.0	0.0	0.0	0.0	0.00269	0.0	0.0	0.0	0.32166	0.02227	0.0	0.0	0.00258	0.0	0.0	0.41568	0.0	0.0	0.0	0.0	0.05149	0.23141	0.0	0.15497	0.0	0.0	0.0	0.01859	0.01359	0.0	0.00377	0.0	0.0	0.00076	0.0	0.02074	0.0	0.0	0.0	0.0	0.0	0.0	0.0	0.0	0.0	0.0	0.0	0.0	0.0	0.0	0.0	0.00237	0.0	0.00225	0.00132	0.0	0.0	1.58187	0.0	0.0	0.0	0.0	0.15085	0.22836	0.0	0.0	0.0	0.0	0.0	0.0	0.0	0.0	0.0	0.0	0.0	0.0	0.0	0.0	0.0	0.00055	0.0	0.0	0.0	0.0	0.0	0.0	0.01811	0.0	0.0	0.59737	0.0	0.0	0.0	0.0	0.0	0.0	0.0	0.0	0.0	0.0	0.0	0.0	0.0	0.0	0.0	0.0	0.0	0.0	2.04065	0.0	0.0	0.0	0.0	0.0	0.0	0.0	0.0	0.0	0.0	0.0	0.0	0.0	0.0	0.00957	0.0	0.0	0.0	0.0	0.0	0.0	0.0	0.00122	0.01611	0.0	0.0	0.0	0.13368	7.76662	0.0	0.0	10.44391	0.07135	0.0	0.0	0.0	0.0	0.0	0.00117	0.0	0.24666	0.0	0.0	0.12657	0.0	0.0	0.0	0.75614	0.0	0.0	0.0	0.0	0.0	0.02339	0.0	0.0	0.0	0.0	0.0	0.0666	0.0	0.01781	15.01403	0.0	0.0	0.0	0.0	0.01947	0.35076	0.0	0.02261	0.00578	0.00191	0.0	0.0	0.0	0.0	0.0	0.01744
SRR13327504	0.01429	0.0	0.0	0.0	0.0	0.03252	0.0	0.0	0.94776	0.0	0.0	0.0	0.0	0.0	0.0	0.0	0.0	0.0	0.0	0.0	0.0	0.0	0.0	0.0	0.0	0.0	0.0	0.0	3.70483	0.07765	0.0	0.0	0.0	0.00352	0.00019	0.0	0.0	0.5327	0.0	0.0	0.0	0.0	0.0	37.53039	0.07673	0.0	0.0	12.4051	0.0	0.0	0.0	0.0	0.0	0.0	0.0	0.0	0.0	0.0	0.0	0.0	0.0	0.0	0.0	0.0	0.0	0.0	0.0	0.0	0.0	0.0	0.0	0.0	0.0	0.0	0.0	2.75937	0.0	0.0	0.24715	0.0	0.0	0.0	0.0	0.0	0.0	0.0005	0.0	0.0	0.0	0.0	0.0	0.0	0.00025	0.0	0.00511	0.0	0.0	0.0	0.0	0.0	0.0	0.174	2.14457	0.1948	0.0	0.0	1.53696	0.0	0.11679	0.5952	0.0	0.0	0.06198	0.0	0.0	0.0	0.0	0.0	7.74211	0.00312	0.0	0.0	0.0	0.0	0.01718	0.0	0.0	2.30801	0.0	0.0	0.0	0.0	4.07288	0.0	0.0	0.0	0.0	0.00128	0.0	0.0	0.02698	0.04276	0.0	0.00103	0.0	0.0	0.0	0.0	0.0456	0.0	0.0	0.0	0.00067	0.0	0.0	0.0	0.0	0.0	0.0	0.03636	0.0	0.0	0.0	0.0	0.22196	0.0	0.0	0.03313	0.0	0.0	0.0	0.00105	0.0	0.0	0.0	0.0	0.0	0.0	0.0	0.0	0.0	0.0	0.0	0.0	0.0	0.0	0.0	0.0	0.0	0.0	0.0	0.00751	0.0	0.0	0.0	0.0	0.0	0.0	0.0	0.0	0.0	5.09407	0.0	1.04253	0.0	0.0	0.0	0.0	0.0	0.0	0.0	0.0	3e-05	0.01283	0.0	0.0	0.0	0.0	0.0	0.0	0.0	0.0	0.0	0.02104	0.0	0.0	0.0	0.0	0.00042	0.0	0.0	0.0	0.0	0.04833	0.0	0.0	0.0	0.0	0.0	0.0	0.0	0.0	0.0	0.0	0.00722	0.0	0.0	0.0	0.0	0.0202	0.00413	0.0	2.72364	0.0	0.0	0.0	0.0	0.0	0.0	0.00968	0.0	0.0	0.0	0.0	0.0	0.0	0.0	0.0	0.0	0.0	0.0	0.0	0.0	0.0	0.0	0.0	0.0	0.0	0.0	0.0	0.00763	2.22437	0.0	0.0	0.0	0.06408	0.0	0.0	0.0	0.0	0.00084	0.02641	0.0	4.77854	0.0	0.0	0.0	0.0	0.00287	0.0	0.17338	0.0	0.39482	0.0	0.0	0.0	0.58582	0.0	0.0	0.0	0.0	0.0	0.0	0.0	0.6765	3.95686	0.0	0.0	0.0	0.0	0.39982	0.0	0.0	0.0	0.0	0.0	0.0	0.0	0.0	0.0	0.0	0.0
SRR13327505	0.0	0.0	0.0	0.0	0.0	0.02653	0.0	0.0	0.23693	0.0	0.0	0.4734	0.0	0.13956	0.0	0.0	0.0	0.0	0.0	0.0	0.0	1.1592	0.0	0.0	0.00527	0.0	3e-05	0.0	2.74917	0.07804	0.00172	0.0	0.0	0.00087	0.0	0.0	0.0	0.939	0.0	0.0	0.0	0.0	0.0	11.12681	0.05238	0.0	0.0	12.41778	0.0	0.0	0.0	0.0	0.0	0.0	0.024	0.0	0.0	0.0	0.0	0.0	0.0	0.0	0.0	0.0	0.0	0.0	0.0	0.0	0.0	0.0	0.00655	0.0	0.0	0.0	0.0	1.84798	0.0	0.0	0.53738	0.0	0.0	0.0	0.0	0.0	0.0	0.00337	0.0	0.0	0.0	0.0	0.0	0.0	0.0	0.0	0.0	0.00706	0.0	2.17905	0.0	0.0	0.0	0.01849	0.46319	0.01144	0.0	0.0	0.0	0.0	0.01422	0.0	0.0	0.0	0.00408	0.90626	0.43422	0.00445	0.0	0.30811	10.63547	0.02099	0.0	0.0	0.0	0.0	0.0	0.0	0.0	0.06189	0.0	0.0	0.0	0.0	7.16293	0.0	0.0	0.0	0.0	9e-05	2.21467	0.0	0.0329	0.0	0.0	0.00273	0.0	0.0	0.01589	0.0	0.01461	0.0	0.00873	0.0	0.08862	0.09905	0.0	0.0	0.0	0.0	0.0	0.0	0.0	0.0	0.0	0.0	0.06845	2.84328	0.0	0.2022	0.04321	0.0	0.0	0.0	0.0065	0.0	0.0	0.0	0.0	0.01511	0.0	0.06109	0.0	0.0	0.0	0.0	0.0	0.0	0.0	0.0	0.0	0.01129	0.0	0.00021	0.0	0.0	0.0	0.0	0.0	0.0	0.0	0.0	0.0	4.41554	2.00206	0.0	0.0	0.00992	0.0	0.06923	0.0	0.0	0.0	0.0	0.0	0.00212	0.00654	0.0	0.0	0.0	0.0	0.0	0.0	0.0	0.0	0.05487	0.0	0.0	0.0	1.08337	0.0	0.0	0.00831	0.0	0.0	0.0103	0.00121	0.0	0.0	0.0	0.0	0.02571	0.0	0.0	0.0	0.00098	0.0	0.0	0.0	0.0027	0.0	0.0	0.0	0.33372	0.83947	0.0	0.0	0.0	0.0	0.0	0.0	0.0	0.0	0.0	0.0	0.0	0.0	0.0	0.0	0.0	0.0	0.0	0.02855	0.0	0.0	0.0	0.0	0.0	0.02249	0.0	0.0	0.0	0.20054	6.11626	0.0	0.0	11.68742	0.03264	0.0	0.0	0.0	0.0	0.0	0.00784	0.0	0.0	0.0	0.0	0.13415	0.0	0.0	0.0	0.84651	0.0	0.0	0.0	0.0	0.0	0.14185	0.0	0.0	0.0	0.0	0.0	0.00614	0.0	0.00709	10.87785	0.0	0.0	0.0	0.0	0.01814	0.408	0.0	0.73135	0.02562	0.0	0.0	0.0	0.0	0.0	0.0	0.0
SRR13327506	0.00019	0.0	0.0	0.0	0.0	0.08848	0.0	0.0	0.64476	0.0	0.0	0.0	0.0	0.57247	0.0	0.0	0.0	0.0	0.0	0.0	0.0	2.88812	0.0	0.0	0.13795	0.0	0.0	0.0	5.66064	0.23821	0.18027	0.0	0.0	0.0346	0.0	0.0	0.0	6.51596	0.0	0.00565	0.0	0.0	0.0	0.0	0.27966	0.0	0.0	6.54491	0.0	0.0	0.0	0.0	0.0	0.00505	0.0	0.0	0.0	0.0	0.0	0.0	0.0	0.00021	0.0	0.0	0.0	0.0	0.0	0.0	0.0	0.0	0.31861	0.0	0.0	0.00131	0.0	0.21263	0.0	0.0	0.0	0.0	0.0	0.0	0.05174	0.0	0.0	0.00109	0.0	0.0	0.0	0.0	0.0	0.0	0.0	0.0	0.0	0.0	0.0	0.0	0.01494	0.0	0.0	0.77962	4.26428	0.60292	0.0	0.0	0.0	0.0	0.92839	0.0	0.0	0.0	0.07872	0.07437	1.45846	0.69821	0.0	0.0	5.52892	3.1724	0.0	0.0	0.0	0.0	0.0	0.0	0.0	0.55686	0.0	0.0	0.0	0.0	5.28241	0.03428	0.0	0.0	0.0	0.04049	0.25195	0.0	0.22686	0.02565	0.0	0.0	0.0	0.0	0.01867	0.0	0.07221	0.28731	0.02041	0.0	0.39979	0.05423	0.0	0.0	0.00314	0.0	0.0	0.12053	0.0	0.0	0.0	0.0	0.75651	1.10221	0.0	0.35624	0.0	0.0	0.0	0.02681	0.07622	0.0	0.0	0.0	0.0	0.15796	0.0	0.60376	0.0	0.0	0.0	0.0	0.0	0.0	0.0	0.0	0.0	0.05408	0.0	0.0	0.0	0.0	0.0	0.0	0.0	0.03649	0.00473	0.00611	0.0	5.701	0.0	0.0	0.0	0.0166	0.0	0.0	0.0	0.0	0.0	0.0	0.0	0.00377	0.0	0.0	0.0	0.0	0.0	0.0	0.0	0.0	0.0	0.04483	0.0	0.0	0.0	0.0	0.01167	0.0	0.13287	0.0	0.0	0.36126	0.0	0.0	0.0	0.0	0.0	0.0	0.0	0.0	0.03262	0.00086	0.0	0.0	0.0	0.0	0.0	0.0052	0.05847	1.34132	5.4396	0.0	0.0	0.0	0.0	0.0	0.0	0.0	0.0	0.0	0.0	0.0	0.0	0.0	0.0	0.02901	0.0	0.0	0.0	0.0	0.03557	0.0	0.0	0.0	0.22875	0.0	0.0	0.0	0.11548	0.22728	0.00791	0.0	12.15094	1.4709	0.0	0.0	0.0	0.0	0.0	0.02579	0.0	1.89577	0.0	0.0	0.0	0.04126	0.0	0.00658	2.48614	0.0	0.0	0.0	0.0	0.0	1.77473	0.0	0.0	0.0	0.0	0.0	0.03053	0.0	3.55593	8.26829	0.0	0.0	0.0	0.0	0.00086	1.92639	0.0	0.01217	0.0	0.0	0.0	0.0	0.0	0.0	0.0	0.0
SRR13327507	0.0	0.0	0.0	0.0	0.00553	0.01448	0.05815	0.0	1.59447	0.0	0.0	2.08874	0.0	0.1016	0.0	0.0	0.0	0.0	0.0	0.0	0.0	2.18767	0.0	0.0	0.02192	0.0	0.0	0.0	1.43155	0.0	0.02627	0.0	0.00359	0.0	0.0	0.0	0.0	0.09567	0.0	0.0	0.0	0.0	0.00485	4.60987	0.0	0.00158	0.0	11.0308	0.0	0.0	0.0	0.0	0.0	0.00386	0.00804	0.0	0.0	0.0	4.1386	0.0	0.0	0.0	0.0	0.0	0.0	0.0	0.02734	0.0	0.0	0.0	0.01794	0.0	0.0	0.0	0.0	1.14851	0.0	0.06361	1.30464	0.0	0.0	0.0	0.0	0.0	0.0	0.0	0.0	0.0	0.00196	0.0	0.0	0.17711	4.4539	0.0	0.0	0.0001	0.0	2.0559	0.0	0.0	0.0	0.42507	0.86033	0.02605	0.0	0.04136	0.0	0.0	0.09287	0.0	0.0	0.0	0.39762	1.24049	0.66645	0.00339	0.0	0.63297	7.4532	0.02054	0.0	0.0	0.0	0.0	0.0	0.0	0.0	0.12913	0.0	0.31081	0.0	0.0	2.51244	0.0	0.0	0.0	0.0	0.00315	0.0	0.0	0.12219	0.01223	0.01718	0.0	0.0	0.0	0.02045	0.0	0.03031	0.0	0.02698	0.0	0.22218	0.03137	0.0	0.0	0.0	0.0	0.0	0.0	0.0	0.0	0.0	0.0	0.16644	7.8511	0.0	0.28509	0.0	0.0	0.0	0.0	0.00552	0.00046	0.0	0.0	0.0	0.06684	0.0	0.05603	0.0	0.0	0.0	0.0	0.0	0.0001	0.0	0.0	0.0	0.0	0.00071	0.00106	0.0	0.0	0.0	0.0	0.0	0.0	0.01195	0.00193	0.0	6.26385	0.0	0.0	0.0	0.00262	0.06242	0.0	0.0	0.0	0.0	0.0	0.0	0.00079	0.0	0.0	0.0	0.0	0.0	0.0025	0.0	0.0	0.0	0.0	0.0	0.0	0.00301	0.0	0.0	0.0	0.03212	0.0	0.0	0.02673	0.0	0.0	0.0	0.0	0.0	0.20776	0.0	0.0	0.00481	0.0	0.0	0.0	0.0	0.0	0.0	0.0	0.01533	0.0	0.24782	0.0	0.0	0.0	0.0	0.0	0.0	0.0	0.0	0.0	0.0	0.00123	0.0	0.0	0.0	0.07452	0.0	0.0	0.0	0.0	0.0	0.0	0.0	0.0	0.01684	0.0	0.0	0.0	0.01626	7.73415	0.00259	0.0	2.41843	0.0831	0.0	0.0	0.0	0.0	0.0	0.00795	2.32325	0.09104	0.0	0.0	1.1878	0.0	0.0	0.00022	0.54078	0.0	0.0	0.0	0.0	0.0	0.10236	0.0	0.0	0.0	0.0	0.0	0.00397	0.0	0.02792	15.84162	0.0	0.0	0.0	0.0	0.00932	1.16124	0.0	0.0	0.06822	0.0	0.86869	0.0	0.0	0.0	0.0	0.1245
SRR13327508	0.01134	0.0	0.0	0.0	0.0	0.08278	0.0	0.0	0.29495	0.0	0.0	0.0	0.0	0.0	0.0	0.0	0.0	0.0	0.0	0.0	0.0	0.0	0.0	0.0	0.00496	0.02853	0.0	0.0	2.24697	0.0	0.0	0.0	0.0	0.03791	0.0	0.0	0.0	6.17235	0.0	0.0	0.0	0.0	0.0	40.57767	0.07693	0.00686	0.0	10.90004	0.0	0.0	0.0	0.0	0.0	0.10459	0.0	0.0	0.0	0.0	0.0	0.0	0.0	0.0	0.0	0.0	0.0	0.0	0.0	0.0	0.0	0.0	0.0	0.0	0.0	0.0	0.0319	1.13678	0.0	0.0	0.0	0.0	0.0	0.0	0.00082	0.0	0.0	0.00728	0.0	0.0	0.0	0.0	0.0	0.0	0.01968	0.0	0.0	0.0	0.0	0.0	0.0	0.0	0.0	0.0	0.3693	0.00496	0.0	0.0	0.0	0.0	0.14491	0.01543	0.0	0.0	0.27979	0.06702	0.0	0.0	0.0	0.0	4.84356	0.01632	0.0	2.61668	0.0	0.0	0.0	0.0	0.0	0.3431	0.0	0.0	0.0	0.0	7.61255	0.00064	0.0	0.0	0.0	0.04429	4.08242	0.0	0.0	0.01066	0.0	0.00189	0.0	0.0	0.0	0.0	0.03067	0.0	0.0	0.0	0.20531	0.0	0.0	0.0	0.0	0.0	0.0	0.0	0.0	0.0	0.0	0.0	0.02309	0.0	0.0	0.86801	0.0	0.0	0.0	0.00259	0.01807	0.02751	0.0	0.0	0.0	0.0	0.0	0.0	0.0	0.0	0.0	0.0	0.0	0.0	0.0	0.0	0.0	1.27508	0.0	0.0	0.0	0.0	0.0	0.0	0.0	0.0	0.0	0.0	0.0	3.77388	0.0	0.05431	0.0	0.0	0.20662	0.0	0.0	0.0	0.0	0.0	0.0	0.00401	0.0	0.0	0.0	0.0	0.0	0.0	0.0	0.0	0.0	0.0	0.0	0.0	0.0	0.0	0.03372	0.00319	0.0	0.0	0.0	0.56763	0.0	0.0	0.0	0.0	0.0	0.33333	0.0	0.0	0.02169	0.00367	0.0	0.0	0.0	0.0	0.0	0.0	0.02945	0.83356	3.12158	0.0	0.0	0.0	0.0	0.0	0.0	0.00313	0.0	0.0	0.0	0.0	0.0	0.0	0.0	0.0	0.0	0.0	0.0	0.0	0.0	0.0	0.0	0.0	0.01294	0.0	0.0	0.0	0.13305	1.73424	0.01502	0.0	0.0	0.0	0.0032	0.0	0.0	0.0	0.0	0.03265	0.0	0.0	0.0	0.0	0.0	0.02875	0.03971	0.0	3.5408	0.0	0.0	0.0	0.0	0.0	0.57801	0.0	0.0	0.0	0.0	0.00158	0.00065	0.0	0.02328	0.14283	0.0	0.0	0.0	0.0	0.06972	0.0	0.0	0.0	0.0	0.0	0.0	0.0	0.0	0.0	0.00761	0.0
SRR13327509	0.00725	0.35161	0.0	0.0	0.0	0.0289	0.0	0.0	0.45882	0.0	0.0	0.69725	0.0	0.03496	0.0	0.0	0.0	0.0	0.0	0.0	0.0	0.0	0.0	0.0	0.0	0.0	0.00097	0.0	14.38223	0.00446	0.0	0.0	0.0	0.0	0.0	0.0	0.0	0.31795	0.0	0.06007	0.0	0.0	0.0039	7.58428	0.02571	0.0333	0.0	13.67706	0.0	0.0	0.0	0.0	0.0	0.0	0.0	0.0	0.0	0.0	0.16077	0.0	0.0	0.0	0.0	0.0	0.0	0.0	0.0	0.0	0.0	0.0	0.06406	0.0	0.0	0.0	0.0	0.58671	0.0	0.0	0.0	0.0	0.0	0.0	0.00077	0.0	0.05344	7e-05	0.0	0.0	0.0	0.0	0.0	0.0	0.07069	0.0	0.0	0.0	0.0	1.64373	0.0	0.0	0.0	0.02387	0.52337	0.16206	0.0	0.0	0.0	0.0	0.24924	0.0	0.0	0.0	0.00148	0.0096	0.0	0.00365	0.0	0.1889	7.11408	0.03603	0.0	0.3263	0.0	0.0	0.0	0.0	0.0	0.30665	0.0	0.0	0.0	0.0	7.56429	0.0	0.0	0.0	0.0	0.00761	0.0	0.0	0.08268	0.02549	0.02259	0.0	0.0	0.0	0.04812	0.0	0.03335	0.00949	0.0	0.0	0.03787	0.0	0.0	0.0	0.0	0.0	0.0	0.0032	0.0	0.0	0.0	0.0	0.13574	2.50134	0.0	0.71131	0.0	0.0	0.0	0.0	0.00399	0.0	0.0	0.00758	0.0	0.0	0.0	0.23479	0.0	0.0	0.0	0.0	0.0	0.0	0.0	0.0	0.0	0.0	0.0	0.0	0.0	0.0	0.0	0.0	0.0	0.0	0.0015	0.0	0.0	5.1324	0.0	1.06868	0.0	0.00391	0.0	0.00169	0.0	0.0	0.0	0.0	0.0	0.00432	0.0	0.0	0.0	0.0	0.0	0.00347	0.11353	0.0	0.0	0.0	0.0	0.0	0.0	0.0	0.0	0.0	0.00381	0.0	0.0	0.13383	0.0	0.0	0.0	0.0	0.0	0.06794	0.0	0.0	0.00066	0.0	0.0	0.0	0.0	0.0	0.0	0.0	0.00846	0.5177	0.83467	0.0	0.0	0.0	0.0	0.0	0.0	0.0	0.0	0.0	0.0	0.0	0.0	0.0	0.0	0.0	0.0	0.0	0.0	0.0	0.0	0.0	0.0	0.0	0.0	0.0	0.0	0.0	0.01883	3.54748	0.0082	0.0	6.24234	0.1408	0.0	0.0	0.0	0.0	0.0	0.04395	0.0	0.0861	0.11562	0.0	0.00766	0.00357	0.0	0.00447	1.01774	0.0	0.0	0.0	0.0	0.0	0.31516	0.0	0.0	0.0	0.0	0.0	0.0	0.0	2.29838	17.00179	0.0	0.0	0.0	0.0	0.02493	0.48837	0.0	0.1144	0.0	0.0	0.0	0.0	0.0	0.0	0.0	0.0
SRR13327510	0.0	0.0	0.0	0.0	0.0	0.00369	0.12616	0.0	0.87254	0.0	0.0	0.0	0.0	0.00071	0.0	0.046	0.00376	0.0	0.0	0.0	0.0	1.44257	0.0	0.0	0.0	0.0	0.0	0.0	12.15728	0.0	0.00312	0.0	0.0	0.0	0.0	0.0	0.0	1.85874	0.0	0.0	0.0	0.0	0.0	2.29823	0.0	0.0	0.0	17.91911	0.0	0.0	0.0	0.0	0.0	0.0	0.0	0.0	0.0	0.0	0.0	0.0	0.0	0.0	0.0	0.0	0.0	0.0	0.0	0.0	0.0	0.0	0.0	0.0	0.0	0.0	0.0	1.8858	0.0	0.0	0.0	0.0	0.0	0.0	0.02535	0.0	1.11804	0.0	0.0	0.0	0.0	0.0	0.0	0.0	0.47023	0.0	0.00194	0.0	0.0	0.0	0.0	0.0	0.0	0.0	2.54812	0.0	0.0	0.0	0.0	0.0	0.19156	0.02147	0.0	0.0	0.18024	1.42642	0.0	0.0	0.0	0.0	3.98759	0.0	0.0	0.07833	0.0	0.0	0.0	0.0	0.0	0.58119	0.0	0.0	0.0	0.0	5.89955	0.05742	0.0	0.0	0.0	0.01287	4.10587	0.0	0.0	0.0	0.0	0.0	0.0	0.0	0.02939	0.0	0.13079	0.0	0.0	0.0	0.05709	0.0	0.0	0.0	0.0	0.0	0.0	0.0	0.0	0.0	0.0	0.0	2.2678	12.44147	0.0	0.0	0.0	0.0	0.0	0.0	0.0	0.0	0.0	0.0	0.0	0.0	0.0	0.0	0.0	0.0	0.0	0.0	0.0	0.0	0.0	0.0	0.0	0.0	0.0	0.0	0.0	0.0	0.0	0.0	0.0	0.0	0.0	0.0	0.0	4.41913	0.0	0.0	0.0	0.0	0.0	0.0	0.0	0.0	0.0	0.0	0.0	0.0	0.0	0.0	0.0	0.0	0.0	0.0	0.0	0.0	0.0	0.0	0.0	0.0	0.0	0.0	0.0	0.0	0.0	0.0	0.0	0.05225	0.0	0.0	0.0	0.0	0.0	0.0776	0.0	0.0	0.0	0.0	0.0	0.0	0.0	0.0	0.0	0.0	0.03451	0.0	0.19603	0.0	0.0	0.0	0.0	0.0	0.0	0.0	0.0	0.0	0.0	0.0	0.0	0.0	0.0	0.0	0.0	0.0	0.0	0.0	0.0	0.0	0.0	0.0	0.0	0.0	0.0	0.00182	0.0	5.34858	0.01506	0.0	3.08119	0.0	0.0	0.0	0.0	0.0	0.0	0.00029	0.0	0.0	0.0	0.0	0.0	0.0	0.0	0.0	0.25322	0.0	0.0	0.0	0.0	0.0	0.96616	0.0	0.0	0.0	0.0	0.0	0.0	0.0	0.0	10.2187	0.0	0.0	0.0	0.0	0.20535	0.0	0.0	0.8797	0.0	0.0	0.0	0.0	0.0	0.0	0.0	0.0
SRR13327511	0.00044	0.0	0.0	0.0	0.00021	0.03348	0.25282	0.0	0.09039	0.0	0.0	8.21694	0.0	0.32548	0.00021	0.0	0.0	0.0	0.0	0.0	0.0	1.77397	0.0	0.0	0.00149	0.0	0.00994	0.0	1.88364	0.00241	0.00262	0.0	0.0	0.00457	0.0	0.0	0.0	0.73291	0.0	0.0	0.0	0.0	0.0	5.35541	0.16719	0.01917	0.0	9.67206	0.0	0.0	0.0	0.0	0.0	0.0	0.01168	0.0	0.0	0.0	7.48123	0.0	0.0	0.00086	0.00018	0.0	0.0	0.0	0.0	0.0	0.0	0.0	0.02526	0.0	0.0	0.01781	0.0	2.80156	0.0	0.0	1.57853	0.0	0.0	0.0	0.00059	0.0	0.0	0.00132	0.0	0.0	0.00454	0.0	0.0	0.0	0.0	0.0	0.0	0.00032	0.0	1.48336	0.0	0.0	0.0	0.12467	0.62705	0.03603	0.0	0.0385	0.0	0.00586	0.45435	0.0	0.0	0.0	0.05772	0.13318	0.81304	0.0	0.0	0.0	5.34781	0.01584	0.0	0.0	0.0264	0.0	0.0	0.0	0.0	0.03458	0.0	0.0	0.0	0.0	1.62002	0.0	0.0	0.0	0.0	0.0173	0.38647	0.0	0.19064	0.02505	0.0	0.14373	0.0	0.0	0.03051	0.0	0.01465	0.0	0.00461	0.0	0.07334	0.00761	0.0	0.0	0.11961	0.0	0.0	0.00076	0.0	0.0	0.0	0.0	0.68571	3.32088	0.00994	0.3472	0.0	0.0	0.0	0.02039	0.01085	0.0	0.0	0.0	0.0	0.00281	0.0	0.13126	0.0	0.0	0.00054	0.0	0.0	0.0	0.0	0.00354	0.0	0.0	0.0	0.0	0.0	0.0	0.0	0.0	0.0	0.0	0.0	0.0	0.0	0.69043	2.44098	0.43614	0.0	0.00724	0.0	0.0	0.0	0.0	0.0	0.0	0.0	0.00449	0.0	0.0	0.0	0.0	0.0	0.0	0.08475	0.0	0.0	0.0	0.0	0.0	0.01144	0.0	0.00064	0.0	0.0	0.00255	0.0	0.03752	0.00138	0.0	0.0	0.0	0.0	0.0	0.32192	0.0	0.0	0.0	0.0	0.0	0.0	0.00065	0.0	0.0	0.0	2.20277	2.20569	0.0	0.0	0.0	0.0	0.0	0.0	0.0	0.0	0.0	0.0	0.0	0.0	0.0	0.0	0.00226	0.0	0.0	0.0	0.0	0.00014	0.0	0.0	0.0	0.0	0.0	0.0	0.0	0.10126	9.11903	0.00229	0.0	5.69638	0.02039	0.0	0.0	0.0	0.0	0.0	0.0081	0.0	0.0	0.0	0.0	0.01335	0.0	0.00471	0.0	1.73246	0.0	0.0	0.0	0.02292	0.0	0.15579	0.0	0.0	0.0	0.0	0.0	0.1356	0.0	0.73687	16.12133	0.0	0.0	0.0	0.0	0.06206	0.0	0.0	0.01576	0.01575	0.0	0.66683	0.0	0.0	0.0	0.00127	0.08175
SRR13327512	0.00018	0.0	0.0	0.0	0.00019	0.03113	0.0	0.0	0.29614	0.0	0.0	0.43146	0.0	1.04693	0.0	0.0	0.0	0.0	0.0	0.0	0.0	5.56935	0.0	0.0	0.00036	0.0	0.0	0.0	1.28562	0.23085	0.00054	0.0	0.0	0.0	0.0	0.0	0.0	5.27355	0.0	0.0	0.0	0.0	0.0	2.06162	0.10457	0.0	0.0	27.98042	0.0	0.0	0.0	0.0	0.0	8e-05	0.13922	0.0	0.0	0.0	0.02103	0.0	0.0	0.0	0.0	0.0	0.0	0.0	0.0	0.0	0.0	0.0	0.0	0.0	0.0	0.00049	0.0	1.46377	0.0	0.0	0.59403	0.0	0.0	0.0	0.0	0.0	1.3774	0.0	0.0	0.0	0.0	0.0	0.0	0.09081	0.0	0.0	0.0	0.0	0.0	1.06626	0.0	0.0	0.0	0.07721	0.22028	0.00721	0.0	0.00121	0.0	0.0	0.01279	0.0	0.0	0.0	0.0	0.13919	0.0	0.03173	0.0	0.63526	3.54938	0.0055	0.0	0.0	0.0	0.0	0.0	0.0	0.0	0.45347	0.0	0.0	0.0	0.0	2.99713	0.4052	0.0	0.0	0.0	0.01102	0.0	0.0	0.01027	0.01198	0.0	0.00443	0.0	1.03939	0.00772	0.0	0.00089	0.00013	0.0	0.0	0.0	0.00025	0.0	0.0	0.0638	0.0	0.0	0.0	0.0	0.0	0.0	0.0	0.17006	4.51266	0.0	0.65151	0.0	0.0	0.0	0.0	0.0	0.0	0.0	0.0	0.0	0.02874	0.0	0.01857	0.0	0.0	0.0	0.0	0.0	0.0	0.0	0.0	0.0	0.0	0.0	0.00317	0.0	0.0	0.0	0.0	0.0	5e-05	0.0	0.0	0.0	2.76458	2.52848	0.0	0.0	0.0033	0.00238	0.0	0.0	0.0	0.0	0.0	0.0	0.00483	0.0	0.0	0.0	0.0	0.0	0.00083	0.0	0.0	0.00251	0.01276	0.0	0.0	0.0	0.07318	0.0	0.0	0.00339	0.0	0.0	0.91402	0.0	0.0	0.0	0.20332	0.0	0.00219	0.0	0.0	0.0	0.0	0.0	0.0	0.0	0.0	0.0	0.0	0.0	0.52282	10.73425	0.0	0.0	0.0	0.0	0.0	0.0	0.0	0.0	0.0	0.0	0.0	0.0	0.0	0.0	0.03579	0.0	0.0	0.0	0.0	0.0	0.0	0.0	0.00431	0.0	0.0	0.0	0.0	0.00816	1.43732	0.00214	0.0	0.27766	0.04235	0.0	0.0	0.0	0.0	0.0	0.02629	0.0	0.17071	0.0	0.0	0.24256	0.0	0.0	0.0	1.05647	0.0	1.86667	0.0	0.0	0.0	0.04089	0.0	0.0	0.0	0.0	0.0	0.0	0.0	4.68052	6.79391	0.0	0.0	0.0	0.0	0.04166	0.11491	0.0	1.2486	0.0	0.0	0.0	0.0	0.0	0.0	0.0	0.0
SRR13327513	0.00389	0.0	0.0	0.0	0.0006	0.04526	0.0	0.0	1.25541	0.0	0.0	0.0	0.0	0.39323	0.0	0.0	0.0	0.0	0.0	0.075	0.0	2.58431	5e-05	0.0	0.0	0.0	0.0	0.0	0.18202	0.16227	0.00988	0.0	0.0	0.0	0.0	0.0	0.0	3.22762	0.0	0.0	0.0	0.0	0.0	41.36003	0.21926	0.00445	0.0	5.69341	0.0	0.0	0.0	0.0	0.0	0.00898	0.04097	0.0	0.0	0.0	2.81683	0.0	0.0	0.0	0.0	0.0	0.0	0.0	0.02104	0.0	0.0	0.0	0.0145	0.0	0.0	0.0	0.0	0.85551	0.0	0.0	0.0	0.0	0.0	0.0	0.00238	0.0	0.0	0.00371	0.0	0.0	0.0	0.0	0.0	0.0	0.0	0.0	0.0	0.00059	0.0	0.0	0.0	0.0	0.0	0.17331	1.69682	0.51638	0.0	0.0	0.0	0.0	0.31245	0.0	0.0	0.0	0.04401	1.42021	0.9228	0.0	0.00084	0.22981	3.33449	0.11323	0.0	0.0	0.0	0.0	0.00231	0.0	0.0	0.35416	0.0	0.0	0.0	0.0	7.28512	0.0	0.0	0.0	0.0	0.01351	0.0	0.0	0.26063	0.02711	0.0	0.0	0.0	0.0	0.18163	0.0	0.0576	0.15201	0.03067	0.0	0.03614	0.0	0.0	0.0	0.01728	0.0	0.0	0.00539	0.00783	0.0	0.0	0.0	0.82228	1.59008	0.0	1.00194	0.0	0.0	0.0	0.00104	0.02512	0.0	0.0	0.0	0.0	0.23407	0.0	0.16746	0.0	0.0	0.0	0.0	0.0	0.0	0.0	0.0	0.0	0.08337	0.0	0.10625	0.0	0.0	0.0	0.0	0.0	0.0	0.0	0.0	0.0	4.87694	0.0	0.0	0.0	0.07672	0.0	0.0	0.0	0.0	0.0	0.0	0.0	0.00684	0.0	0.0	0.0	0.0	0.0	0.00556	0.0	0.0	0.0	0.01757	0.0	0.0	0.0	0.0	0.0	0.0	0.04412	0.0	0.0	0.43056	0.0	0.0	0.0	0.0	0.0	0.0243	0.0	0.0	0.0	0.0	0.0	0.0	0.0	0.0	0.0	0.00178	0.0065	1.13022	0.0	0.0	0.0	0.0	0.0	0.0	0.00012	0.0003	0.0	0.0	0.0	0.0	0.0	0.0	0.0	0.0	0.0	0.0	0.0	0.0	0.0	0.0	0.0	0.0	0.01925	0.0	0.0	0.0	0.00448	3.40514	0.0	0.0	0.67317	0.76886	0.0	0.0	0.0	0.0	0.0	0.01867	0.0	1.55302	0.0	0.0	0.0	0.0	0.00108	0.0	0.65713	0.0	0.23277	0.0	0.0	0.0	0.20614	0.0	0.0	0.0	0.0	0.0	0.00016	0.0	1.91238	3.71143	0.0	0.0	0.00625	0.0	0.0	0.0	0.0	0.0	0.0	0.0	0.0	0.0	0.0	0.0	0.0	0.0
SRR13327514	0.00604	0.05264	0.0	0.0	0.0	0.00472	0.03744	0.0	0.32452	0.0	0.0	0.002	0.0	0.53836	0.0	0.0	0.0	0.0	0.0	0.0	0.0	1.20668	0.0	0.0	0.00083	0.0	0.00392	0.0	0.84299	0.02418	0.00333	0.0	0.0	0.00275	0.0	0.0	0.0	0.2237	0.0	0.0	0.0	0.0	0.00035	9.95096	0.02195	0.00842	0.0	8.33939	0.0	0.0	0.0	0.0	0.0	0.14131	0.0	0.0	0.0	0.0	0.37425	0.0	0.0	0.0	0.0	0.0	0.0	0.0	0.00203	0.0	0.0	0.0	0.00771	0.0	0.0	0.0	0.0	1.84162	0.0	0.0214	0.71957	0.0	0.0	0.0	0.00262	0.0	2.64374	0.00034	0.0	0.0	0.0	0.0	0.0	0.0	0.14976	0.0	0.0	0.0	0.0	2.9215	0.0	0.0	0.0	0.01569	0.01681	0.00254	0.0	0.0	0.0	0.0	0.11625	0.0	0.0	0.0	0.01545	0.7244	0.0	0.0	0.0	0.1099	12.40014	0.01462	0.0	0.0	0.0	0.0	0.0	0.0	0.0	0.04182	0.0	0.0	0.0	0.0	0.54896	0.0	0.0	0.0	0.0	0.00581	4.36664	0.0	0.06916	0.01887	0.00356	0.00019	0.0	0.0	0.01575	0.0	0.00224	0.00187	0.03454	0.00061	0.06725	0.0	0.0	0.0	0.0	0.0	0.0	0.0	0.0	0.0	0.0	0.0	0.03217	3.05751	0.0	0.20735	0.0	0.0	0.0	0.0	0.00425	0.0	0.0	0.0	0.0	0.02869	0.0	0.04724	0.0	0.0	0.0	0.0	0.0	0.0	0.0	0.0	0.0	0.0	0.0	0.00115	0.0	0.0	0.0	0.0	0.0	0.00144	0.0	0.0	0.0	0.32727	0.27585	0.1014	0.0	0.0016	0.03906	0.0	0.0	0.0	0.0	0.0	0.0	0.00041	0.01836	0.0	0.0	0.0	0.0	0.0	0.0	0.0	0.0	0.00705	0.0	0.0	0.0	0.0	0.0	0.0	0.47322	0.0	0.0	0.0476	0.0	0.0	0.0	0.0	0.0	0.00267	0.0	0.0	6e-05	9e-05	0.0	0.0	0.0	0.0	0.0	0.0	0.0	0.0	0.10729	0.0	0.0	0.0	0.0	0.0	0.0	0.0	0.0	0.0	0.0	0.00021	0.0	0.0	0.0	0.00077	0.0	0.0	0.0	0.0	0.01277	0.0	0.0	0.0	0.01653	0.0	0.0	0.0	0.13849	4.13007	0.079	0.0	13.9023	0.01726	0.0	0.0	0.0	0.0	0.0	0.02654	1.54718	0.13344	0.06275	0.0	1.51057	0.0	0.0	0.00132	2.46875	0.0	0.11674	0.0	0.0	0.0	0.02653	0.0	0.0	0.0	0.0	0.0	0.00656	0.0	0.0	20.42512	0.0	0.0	0.0	0.0	0.01865	0.01285	0.0	0.12921	0.01937	0.0	1.30504	0.0	0.0	0.0	0.0	0.0185
SRR13327515	0.00077	0.02454	0.0	0.0	0.00665	0.07516	0.0	0.0	2.32918	0.0	0.0	0.0	0.0	0.0	0.0	0.0	0.0	0.0	0.0	0.0	0.0	0.0	0.0	0.0	0.0	0.0	0.0	0.0	1.20511	0.0	0.0	0.0	0.0	0.00409	0.0	0.0	0.0	6.22932	0.0	0.0	0.0	0.0	0.0	28.63361	0.0	0.0	0.0	0.43335	0.0	0.0	0.0	0.0	0.0	0.0	0.0	0.0	0.0	0.0	0.0	0.0	0.0	0.0	0.0	0.0	0.0	0.0	0.0	0.0	0.0	0.0	0.0	0.0	0.0	0.0	0.00103	0.26506	0.01274	0.0	0.0	0.0	0.0	0.0	0.08158	0.0	0.0	0.00286	0.0	0.0	0.0	0.0	0.0	0.0	0.67946	0.0	0.0	0.0	0.00299	1.21232	0.0229	0.0	0.0	0.0	1.77228	0.0	0.0	0.0	0.0	0.19048	0.45716	0.317	0.0	0.0	0.018	0.56281	0.0	0.0	0.0	0.0	5.74478	0.0	0.0	0.59856	0.0	0.0	0.0	0.0	0.0	0.75166	0.0	0.0	0.0	0.0	2.12195	0.02698	0.0	0.0	0.0	0.00566	0.0	0.0	0.0	0.02559	0.0	0.0	0.0	0.0	0.0	0.0	0.48003	0.0	0.0	0.0	0.03697	0.0	0.0	0.0	0.0	0.0	0.0	0.15706	0.0	0.0	0.0	0.0	0.00348	6.29802	0.0	0.0	0.07826	0.0	0.0	0.03714	0.0	0.03096	0.0	0.0	0.0	0.0	0.0	0.0	0.0	0.0	0.0	0.0	0.0	0.0	0.0	0.0	0.0	0.0	0.0	0.0	0.0	0.0	0.0	0.0	0.0	0.0	0.3112	0.0	0.0	7.12207	0.0	0.0	0.0	0.0	0.0	0.0	0.0	0.04912	0.0	0.0	0.0	0.00404	0.0	0.0	0.0	0.0	0.0	0.0	0.0	0.0	0.0	0.0	0.0	0.0	0.0	0.0	0.01736	0.0	0.0	0.0	0.0	0.01844	0.0	0.0	0.0	0.0	0.0	0.0	0.0	0.0	0.00228	0.0	0.0	0.0	0.0	0.00325	0.0	0.0	0.00457	0.0	0.0	0.0	0.0	0.0	0.0	0.00038	0.0	0.0488	0.0	0.0	0.0	0.0	0.0	0.0	0.0	0.0	0.0	0.02026	0.0	0.0	0.0	0.0	0.0	0.0	0.0	0.0	0.0	0.0	0.03343	1.63867	0.01022	0.0	22.86138	0.0	0.0	0.0	0.0	0.0	0.0	0.05423	0.0	1.00119	0.0	0.0	0.0	0.00141	0.03008	0.0	1.11559	0.0	0.0	0.0	0.0	0.0	1.07143	0.0	0.0	0.0	0.0	0.0	0.00239	0.0	0.13332	2.10846	0.0	0.0	0.01027	0.0	1.38837	0.0	0.0	0.0	0.0	0.00026	0.0	0.0	0.0	0.0	0.0	0.0
SRR13327516	0.0	0.0	0.0	0.0	0.00597	0.02607	0.10155	0.0	0.71163	0.0	0.0	0.06038	0.0	0.0	0.0	0.0	0.0	0.0	0.0	0.0	0.0	1.51584	0.0	0.0	0.00304	0.0	0.00242	0.0	1.28227	0.00874	0.00495	0.0	0.0	0.00105	0.0	0.0	0.0	0.15852	0.0	0.0	0.0	0.0	0.0	22.51627	0.0	0.01613	0.0	8.09139	0.0	0.0	0.0	0.0	0.0	0.0	0.0	0.0	0.0	0.0	1.3719	0.0	0.0	0.0	0.0	0.0	0.0	0.0	0.0	0.0	0.0	0.0	0.01379	0.0	0.0	0.0	0.0	0.36138	0.0	0.0	3.02873	0.0	0.0	0.0	0.0	0.0	0.80024	0.0	0.0	0.0	0.0	0.0	0.0	0.12922	0.77626	0.0	0.0	0.0	0.0	0.28483	0.0	0.0	0.0	0.04541	0.27426	0.00694	0.0	0.0	0.0	0.0	0.00443	0.00305	0.0	0.0	0.0	0.7201	0.0	0.00775	0.0	0.42765	1.58252	0.43106	0.0	0.0	0.0	0.0	0.0	0.0	0.0	0.13904	0.0	0.0	0.0	0.0	7.95562	0.0	0.0	0.0	0.0	0.0009	4.50029	0.0	0.06141	0.0	0.0	0.0	0.0	0.0	0.01128	0.0	0.02101	0.08593	0.01999	0.0	0.07213	0.05914	0.0	0.0	0.40351	0.0	0.0	0.0	0.0	0.0	0.0	0.0	0.44059	1.28001	0.0	0.32744	0.0	0.0	0.0	0.0	0.11388	0.0	0.0	0.0	0.0	0.0	0.0	0.27193	0.0	0.0	0.0	0.0	0.0	0.0	0.0	0.0	0.0	0.0	0.0	0.00158	0.0	0.0	0.0	0.0	0.0	0.0	0.00672	0.00653	0.01758	1.27305	0.0	0.0	0.0	0.0	0.0	0.0	0.0	0.0	0.0	0.0	0.0	0.00228	0.0	0.0	0.0	0.0	0.0	0.00023	0.0	0.0	0.0	0.0	0.0	0.0	0.0	0.0	0.02595	0.0	0.01572	0.0	0.0	0.0	0.0	0.0	0.0	0.0	0.0	0.04453	0.0	0.0	0.0	0.0	0.0	0.0	0.0	0.0	0.0	0.0	0.0	0.0	0.14245	0.0	0.0	0.0	0.0	0.0	0.0	0.0	0.0	0.0	0.0	0.00107	0.0	0.0	0.0	0.00243	0.0	0.0	0.0	0.0	0.0	0.0	0.0	0.0	0.02987	0.0	0.0	0.0	0.01702	2.56939	0.00275	0.0	12.29323	0.00964	0.0	0.0	0.0	0.0	0.0	0.01393	0.0	1.06036	0.0	0.0	0.02351	0.0	0.0	0.0	0.30001	0.0	0.0	0.0	0.0	0.0	0.09954	0.0	0.0	0.0	0.0	0.0	0.0003	0.0	0.02005	20.19617	0.0	0.0	0.0	0.0	0.0	1.14119	0.0	0.02041	0.0	0.0	0.12263	0.0	0.0	0.0	0.0	0.0
SRR13327517	0.0	0.0	0.0	0.0	0.0	0.02617	0.0	0.0	0.66417	0.0	0.0	0.04596	0.0	0.0	0.0	0.0	0.0	0.0	0.0	0.0	0.0	2.23079	0.0	0.0	0.00603	0.0	0.00015	0.0	0.38448	0.00026	0.00133	0.0	0.0	0.0	0.0	0.0	0.0	0.41344	0.0	0.0	0.0	0.0	0.0	23.61755	0.01867	0.01884	0.0	5.72994	0.0	0.0	0.0	0.0	0.0	0.0	0.0	0.0	0.0	0.0	9.16892	0.0	0.0	0.0	0.0	0.0	0.0	0.0	0.0	0.0	0.0	0.0	0.00105	0.0	0.0	0.0	0.0	0.38815	0.0	0.0	0.0	0.0	0.0	0.0	0.0	0.0	0.0	0.0	0.0	0.0	0.0	0.0	0.0	0.0	0.00421	0.0	0.0	0.0	0.0	0.50105	0.1917	0.0	0.0	0.0675	0.296	0.0	0.0	0.0	0.0	0.0	0.23079	0.00407	0.0	0.0	0.0	0.97702	0.0	0.0	0.0	0.0	15.55122	0.0507	0.0	0.0	0.0	0.0	0.0	0.0	0.0	0.53414	0.0	0.0	0.0	0.0	4.27841	0.0	0.0	0.0	0.0	0.0	0.0	0.0	0.0	0.0031	0.0	0.0	0.0	0.0	0.0	0.0	0.02626	0.0	0.03844	0.0	0.02291	0.00219	0.0	0.0	0.0	0.0	0.0	0.0	0.0	0.0	0.0	0.0	0.07636	2.05179	0.0	0.69056	0.0	0.0	0.0	0.0	0.00467	0.0	0.0	0.0	0.0	0.00771	0.0	0.02417	0.0	0.0	0.0	0.0	0.0	0.0	0.0	0.0	0.04888	0.0	0.0	0.0	0.0	0.0	0.0	0.0	0.0	0.0	0.0	0.0	0.0	7.52256	0.0	0.00569	0.0	0.00267	0.11301	0.0	0.0	0.0	0.0	0.0	0.0	0.00253	0.0	0.0	0.0	0.0	0.0	0.0	0.0	0.0	0.0	0.0	0.0	0.0	0.0	0.0	0.0	0.0	0.0	0.0	0.0	0.04508	0.0	0.0	0.0	0.0	0.0	0.0	0.0	0.0	0.0	0.0	0.0	0.0	0.0	0.0	0.0	0.0	0.0	0.06939	0.38494	0.0	0.0	0.0	0.0	0.0	0.0	0.0	0.0	0.0	0.0	0.0	0.0	0.0	0.0	0.0	0.0	0.0	0.0	0.0	0.0	0.0	0.0	0.0	0.0	0.0	0.0	0.0	0.01304	6.73937	0.01088	0.0	13.26028	0.02527	0.0	0.0	0.0	0.0	0.0	0.01754	0.0	0.0	0.0	0.0	0.0	0.0	0.0	0.01259	0.29193	0.0	0.0	0.0	0.0	0.0	0.49125	0.0	0.0	0.0	0.0	0.0	0.0	0.0	0.2231	2.15551	0.0	0.0	0.0	0.0	0.07649	0.0	0.0	0.13716	0.0	0.0	0.0	0.0	0.0	0.0	0.0	0.0
SRR13327518	0.0	0.0	0.0	0.0	0.0	0.07295	0.0	0.0	0.3556	0.0	0.0	0.0	0.0	0.73453	0.0	0.0	0.0	0.0	0.0	0.0	0.0	1.08384	0.0	0.0	0.0075	0.0	0.0037	0.0	7.10184	0.10578	0.0035	0.0	0.0	0.0	0.0	0.0	0.0	1.96993	0.0	0.0	0.0	0.0	0.0	0.0	0.0	0.04664	0.0	17.35897	0.0	0.0	0.0	0.0	0.0	0.0	0.0	0.0	0.0	0.0	0.0	0.0	0.0	0.0	0.0	0.0	0.0	0.0	0.01368	0.0	0.0	0.0	0.00258	0.0	0.0	0.0	0.0	1.85217	0.0	0.0	0.0	0.0	0.0	0.0	0.0	0.0	0.70097	0.0	0.0	0.0	0.01645	0.0	0.0	0.0	0.0	0.0	0.00566	2e-05	0.0	2.36427	0.0	0.0	0.0	0.12775	0.55699	0.20067	0.0	0.0	0.0	0.00186	0.16909	0.0	0.0	0.0	0.0	1.29631	0.0	0.0	0.0	0.0	7.99205	0.03142	0.0	0.0	0.0	0.0	0.0	0.0	0.0	0.08483	0.0	0.0	0.0	0.0	4.60014	0.0	0.0	0.0	0.0	0.00391	7.37049	0.0	0.0	0.00742	0.0	0.00152	0.0	0.0	0.0	0.0	0.09252	0.0	0.0	0.0	0.0	0.0036	0.0	0.0	0.0	0.0	0.0	0.0	0.0	0.0	0.0	0.0	0.28916	1.61059	0.0	0.49268	0.0	0.0	0.0	0.0	0.0	0.00032	0.0	0.0	0.0	0.01241	0.0	0.0	0.0	0.0	0.0	0.0	0.0	0.0	0.0	0.0	0.02384	0.28906	0.0	0.0	0.0	0.0	0.0	0.0	0.0	0.0	0.0	0.0	0.0	9.46035	0.0	0.0	0.0	0.0	0.0	0.0	0.0	0.0	0.0	0.0	0.0	0.00154	0.0	0.0	0.0	0.0	0.0	0.0	0.0	0.0	0.0	0.0	0.0	0.0	0.0	2.74717	0.0	0.0	0.0087	0.0	0.0	0.43267	0.0	0.0	0.0	0.0	0.0	0.0	0.0	0.0	0.0	0.0	0.0	0.0	0.0	0.0	0.0	0.0	0.00056	0.29099	2.82757	0.0	0.0	0.0	0.0	0.0	0.0	0.0	0.0	0.0	0.0	0.0	0.0	0.0	0.0	0.0	0.0	0.0	0.0	0.0	0.0	0.0	0.0	0.0	0.0	0.0	0.0	0.0	0.00945	4.92502	0.0	0.0	0.0	0.17666	0.0	0.0	0.0	0.0	0.0	0.00243	0.0	0.0	0.0	0.0	0.0	0.0	0.0	0.0	0.72009	0.0	0.0	0.0	0.0	0.0	0.29066	0.0	0.0	0.0	0.0	0.0	0.0	0.0	0.65818	17.51091	0.0	0.0	0.0	0.0	0.04001	0.21671	0.0	0.51392	0.10722	0.0	0.0	0.0	0.0	0.0	0.0	0.0
SRR13327519	0.0	0.00701	0.0	0.0	0.02054	0.05847	0.0	0.0	1.27395	0.0	0.0	0.03125	0.0	0.81549	0.0	0.0	0.0	0.0	0.0	0.0	0.0	0.7269	0.0	0.0	0.0	0.0	7e-05	0.0	1.49544	0.03993	0.00439	0.0	0.0	0.0035	0.0	0.0	0.0	2.37964	0.0	0.0	0.06717	0.0	0.00654	4.44204	0.08001	0.00874	0.0	4.58501	0.0	0.0	0.0	0.0	0.0	0.0	0.0018	0.0	0.0	0.0	0.37417	0.0	0.0	0.0	0.0	0.0	0.0	0.0	0.0	0.0	0.0	0.0	3e-05	0.0	0.00346	0.0	0.0	1.63889	0.0	0.05493	0.0	0.0	0.0	0.00372	0.0	0.0	1.26331	0.00569	0.0	0.0	0.00014	0.0	0.0	0.0	0.0	0.0	0.0	0.00141	0.0	0.80794	0.0	0.0	0.0	0.06114	0.14497	0.00187	0.0	0.00028	0.0	1.00724	0.11793	0.01282	0.0	0.0	1.07343	0.12882	0.0	0.0	0.0	0.39674	10.5583	0.00162	0.0	0.00161	0.0	0.0	0.0	0.0	0.0	0.08505	0.0	0.0	0.0	0.0	5.46032	0.05217	0.0	0.0	0.0	0.0	1.5871	0.0	0.0302	0.00774	0.0003	0.04466	0.0	0.0	0.00163	0.0	0.00155	0.0	0.01135	0.0	0.03473	0.00938	0.0	0.0	0.0	0.0	0.0	3.05572	0.0	0.0	0.0	0.0	0.05804	2.07385	0.0	0.31621	0.09126	0.0	0.0	1.39193	0.00151	0.0	0.0	0.0	0.0	0.00853	0.02746	0.01044	0.0	0.0	0.21556	0.0	0.0	0.0	0.0	0.0	0.00138	0.02433	0.0	0.0	0.0	0.0	0.0	0.0	0.0	0.00487	0.0	0.0	0.0	4.76802	0.0	0.03254	0.0	0.0021	0.0	0.0	0.0	0.0	0.0	0.0	0.0	0.0	0.0	0.0	0.0	0.0	0.0	0.0	0.11643	0.0	0.0	0.002	0.0	0.0	0.06934	1.05508	0.0	0.0	0.18689	0.0	0.0	0.40464	0.0	0.0	0.0	0.0	0.00025	0.11973	0.0	0.0	0.0	0.0	0.00119	0.0	0.0	0.0	0.0	0.0	0.0	0.65952	4.54225	0.0	0.0	0.0	0.0	0.0	0.0	0.0	0.0	0.0	0.0	0.0	0.0	0.0	0.0	0.00734	0.0	0.0	0.0	0.0	0.0	0.0	0.0	0.0	0.0	0.0	0.0	0.0	0.02728	16.72601	0.01655	0.0	8.22716	0.04979	0.0	0.0	0.0	0.0	0.00112	0.0106	0.0	0.00626	0.0	0.00035	0.0179	0.0	0.0	0.0	1.53396	0.0	0.0	0.0	0.0	0.0	0.02807	0.0	0.0	0.0	0.0	0.0	0.15987	0.0	0.57792	11.33265	0.0	0.0	0.0	0.0	0.0611	0.30603	0.0	0.55961	0.00854	0.0	0.0	0.0	0.0	0.0	0.0	0.0
SRR13327520	0.0	0.05404	0.0	0.0	0.0	0.00283	0.36928	0.0	0.71619	0.0	0.0	0.37262	0.0	0.17195	0.0	0.0	0.0	0.0	0.0	0.0	0.0	1.58587	0.0	0.0	0.00785	0.0	0.02689	0.0	3.68734	0.0	0.0052	0.0	0.0	0.0	0.0	0.0	0.0	0.18514	0.0	0.0	0.0	0.0	0.0	17.35916	0.03056	0.0	0.0	12.69934	0.0	0.0	0.0	0.0	0.0	0.0	0.0042	0.0	0.0	0.0	3.81032	0.0	0.0	0.0	0.0	0.0	0.0	0.0	0.0	0.0	0.0	0.0	0.0061	0.0	0.0	0.0	0.0	1.14889	0.0	0.0	1.4193	0.0	0.0	0.0	0.0	0.0	0.0	0.0	0.0	0.0	0.0	0.0	0.0	0.0	0.11187	0.0	0.0	0.0	0.0	1.08867	0.0	0.0	0.0	0.08921	0.07009	0.00354	0.0	0.0	0.0	0.0	0.00858	0.0	0.0	0.0	0.01115	0.23116	0.0	0.0	0.0	0.68654	2.78814	0.02333	0.0	0.0	0.0	0.0	0.0	0.0	0.0	0.04946	0.0	0.0	0.0	0.0	1.92129	0.00167	0.0	0.0	0.0	0.0	0.0	0.0	0.08205	0.00206	0.0	0.0	0.0	0.0	0.00304	0.0	0.01089	0.0	0.01247	0.00194	0.02982	0.01399	0.0	0.0	0.0	0.0	0.0	0.0	0.0	0.0	0.0	0.0	0.01641	1.73246	0.0	0.29087	0.0	0.0	0.0	0.0	0.00095	0.0	0.0	0.0	0.0	0.0193	0.0	0.0341	0.0	0.0	0.0	0.0	0.0	0.0	0.0	0.0	0.0	0.0	0.00417	0.0	0.0	0.0	0.0	0.0	0.0	0.0	0.0	0.0	0.00322	0.2715	0.42595	0.68626	0.0	0.0	0.0	0.0	0.0	0.0	0.0	0.0	0.0	0.0	0.0	0.0	0.0	0.0	0.0	0.0	0.00557	0.0	0.0	0.0	0.0	0.0	0.0	0.30706	0.0	0.0	0.02218	0.0	0.0	0.08806	0.0	0.0	0.0	0.0	0.0	0.00707	0.0	0.0	0.0	0.0	0.0	0.0	0.0	0.0	0.0	0.0	0.0	0.09192	0.47771	0.0	0.0	0.0	0.0	0.0	0.0	0.0	0.0	0.0	0.0	0.00062	0.0	0.0	0.0	0.0739	0.0	0.0	0.0	0.0	0.0	0.0	0.0	0.0	0.01806	0.0	0.0	0.0	0.13693	3.68496	0.0	0.0	11.83144	0.03829	0.0	0.0	0.0	0.0	0.0	0.00861	0.0	0.42842	0.0	0.0	0.0	0.0	0.0	0.0	0.97395	0.0	0.02143	0.0	0.0	0.0	0.0197	0.0	0.0	0.0	0.0	0.0	0.12819	0.0	0.0	26.79466	0.0	0.0	0.0	0.0	0.00248	0.2237	0.0	0.04561	0.02635	0.06554	0.0	0.0	0.02307	0.0	0.0	0.0653
SRR13327521	0.00403	0.0	0.0	0.0	0.10535	0.03021	0.23617	0.0	0.0	0.0	0.0	0.0	0.0	0.0	0.07074	0.0	0.0	0.0	0.0	0.0	0.0	0.0	0.0	0.0	0.0	0.0	0.0	0.0	0.0	0.0142	0.06083	0.0	0.0	0.00088	0.0	0.0	0.0	1.91096	0.0	0.0	0.0	0.0	0.0	18.10737	0.0557	0.0	0.0	9.36405	0.0	0.0	0.0	0.0	0.0	0.04384	0.0	0.0	0.0	0.0	0.0	0.0	0.0	0.0	0.0	0.0	0.0	0.0	0.0	0.0	0.0	0.0	0.06011	0.0	0.0	0.0	0.0	0.27585	0.0	0.0	0.0	0.0	0.0	0.0	0.00905	0.0	0.0	0.00283	0.0	0.0	0.0	0.0	0.0	0.0	0.0	0.0	0.00215	0.0	0.0	0.0	0.0	0.0	0.0	0.2016	4.2622	0.0	0.0	0.0	0.0	0.0	0.32606	0.10042	0.0	0.0	0.10871	0.0	0.0	0.0	0.0	0.0	5.1849	0.0	0.0	0.0	0.0	0.0	0.0	0.0	0.0	0.36507	0.0	0.0	0.0	0.0	7.39854	0.01388	0.0	0.0	0.0	0.00704	0.0	0.0	0.29859	0.01309	0.0	0.00866	0.0	0.0	0.0	0.0	0.28152	0.0	0.0	0.0	0.59601	0.03127	0.0	0.0	0.0	0.0	0.0	0.0	0.0	0.0	0.0	0.0	0.26673	9.05173	0.0	0.0	0.0	0.0	0.0	0.0	0.17318	0.0	0.0	0.0	0.0	0.0	0.0	0.0	0.0	0.0	0.0	0.0	0.0	0.0	0.0	0.87114	0.0	0.0	0.0	0.0	0.0	0.0	0.0	0.0	0.0	0.0	0.02284	0.0	0.0	4.97985	0.0	0.0029	0.0	0.0	0.0	0.0	0.0	0.0	0.0	0.0	0.0	0.0	0.0	0.0	0.0	0.0	0.0	0.0	0.0	0.0	0.0	0.12078	0.0	0.0	0.0	0.0	0.0	0.0	0.0	0.0	0.0	0.0	0.0	0.0	0.0	0.0	0.0	0.0	0.0	0.0	0.0048	0.0	0.0	0.0	0.0	0.0	0.0	0.0	0.0	1.08075	3.18645	0.0	0.0	0.0	0.0	0.0	0.0	0.0	0.0	0.0	0.0	0.0	0.0	0.0	0.0	0.0	0.0	0.54231	0.0	0.0	0.0	0.0	0.0	0.0	0.0	0.0	0.0	0.00456	0.06863	0.8496	0.0	0.0	11.77716	0.34417	0.0	0.0	0.0	0.0	0.0	0.03471	0.0	2.39532	0.0	0.0	0.0	0.0	0.00108	0.0	10.71577	0.0	0.0	0.0	0.0	0.0	0.99143	0.0	0.0	0.0	0.0	0.0	0.00577	0.0	1.74658	0.95805	0.0	0.0	0.0	0.0	0.25186	0.0	0.0	0.0	0.0	0.0	0.0	0.0	0.0	0.0	0.0	0.0
SRR13327522	0.00124	0.0	0.0	0.0	0.00373	0.04124	0.0	0.0	0.0	0.0	0.0	0.41912	0.0	0.0	0.0	0.0	0.0	0.0	0.0	0.0	0.0	0.0	0.0	0.0	0.0	0.0	0.0	0.0	0.81389	0.09976	0.00092	0.0	0.0	0.00015	0.0	0.0	0.0	2.1089	0.0	0.0	0.0	0.0	0.0	16.86337	0.24294	0.04092	0.0	0.29341	0.0	0.0	0.0003	0.0	0.0	0.0	0.0	0.0	0.0	0.0	0.0	0.0	0.0	0.00238	0.0	0.0	0.0	0.0	0.0	0.0	0.0	0.0	0.0	0.0	0.18868	0.0	0.11711	1.13523	0.0	0.0	3.51208	0.0	0.0	0.0	0.01498	0.0	0.0	0.0108	0.00315	0.0	0.0	0.0	0.0	0.0	0.0401	0.0	0.0	0.0	0.00389	0.0	0.0	0.0	0.0	0.0	1.1527	0.00279	0.0	0.0	0.0	0.21034	0.4409	0.07695	0.0	0.0	0.24357	0.00366	0.0	0.0	0.0	0.0	3.47122	0.0	0.0	2.13914	0.0	0.0	0.0	0.0	0.0	0.99232	0.0	0.0	0.0	0.0	0.78587	0.30774	0.00035	0.0	0.0	0.0352	0.96291	0.0	0.0	0.02149	0.0	0.0	0.0	0.0	0.0	0.0	0.06299	0.0	0.0	0.0	0.79746	0.0	0.0	0.0	0.0	0.0	0.0	6.09061	0.0	0.0	0.0	0.0	0.98589	1.26869	0.0	0.0	0.0	0.0	0.0	1.64456	0.0	0.00211	0.0	0.0	0.0	0.0	0.0	0.0	0.0	0.0	0.00855	0.0	0.0	0.0	0.0	0.0	0.0	0.0	0.0	0.00842	0.0	0.0	0.0	0.0	0.0	0.0	0.0	0.0	0.0	12.94112	0.0	0.00259	0.0	0.0	0.0	0.0	0.0	0.0	0.0	0.0	0.0	0.00047	0.0	0.0	0.0	0.0	0.0	0.0	0.0	0.0	0.0	0.0	0.0	0.0	0.00685	0.0	0.00016	0.0	0.0	0.0	0.0	0.26255	0.0	0.0	0.0	0.0	0.0	0.0	0.0	0.0	0.0	0.00035	0.0	0.0	0.0	0.0	0.0	0.0	0.00527	0.0	2.86935	0.0	0.0	0.0	0.00082	0.0	0.0	0.0	0.0	0.0	0.01125	0.0	0.0	0.00045	0.0	0.0	0.0	0.0	0.0	0.0	0.0	0.0	0.0	0.0	0.0	0.0	0.00105	0.0	0.00466	0.0	0.0055	0.0	7.64729	0.2636	0.0	0.0	0.0	0.0	0.0	0.00973	0.0	0.0	0.0	0.0	0.0	0.0	0.00266	0.0	14.80966	0.0	0.0	0.0	0.0	0.0	2.67989	0.0	0.0	0.0	0.0	0.0	0.0	0.0	5.56823	4.40018	0.0	0.0	0.0	0.0	0.80722	0.0	0.0	0.0	0.0	0.0236	0.0	0.0	0.0	0.0	0.00076	0.0
SRR13327523	0.00171	0.0	0.0	0.0	0.01216	0.02975	0.0	0.0	1.07384	0.0	0.0	0.0	0.0	0.0	0.0	0.0	0.0	0.0	0.0	0.0	0.0	0.0	0.0	0.0	0.00177	0.0	0.00703	0.0	0.02751	0.00848	0.00325	0.0	0.0	0.01782	0.0	0.0	0.0	0.47887	0.0	0.0	0.0	0.0	0.0	1.0348	0.02141	0.06691	0.0	16.39969	0.0	0.0	0.0	0.0	0.0	0.0	0.0	0.0	0.0	0.0	0.0	0.0	0.0	0.0	0.00112	0.0	0.0	0.0	0.01888	0.0	0.0	0.0	0.0	0.0	0.02947	0.0	0.0	0.82265	0.0	0.0	0.0	0.0	0.0	0.0	0.00156	0.0	0.0	0.0	0.0	0.0	0.0	0.0	0.0	0.02703	3.59622	0.0	0.0	0.0	0.0	0.23279	0.0	0.0	0.0	0.63192	1.50428	0.04624	0.0	0.10366	0.0	0.00429	0.36237	0.00518	0.0	0.0	0.13029	1.87175	0.0	0.0	0.0	0.0	2.92676	0.12031	0.0	0.07486	0.0	0.0	0.0	0.0	0.0	1.21123	0.0	0.0	0.0	0.0	14.74083	0.0	0.0	0.0	0.0	0.00734	3.65174	0.0	0.36086	0.02268	0.05046	0.0	0.0	0.0	0.0	0.0	0.19661	0.0	0.0	0.01406	0.05278	0.0	0.0	0.0	0.0	0.0	0.0	0.20083	0.0	0.0	0.0	0.0	1.6154	1.00702	0.0	0.77871	0.0	0.0	0.0	0.0	0.0	0.0	0.0	0.0	0.0	0.0	0.0	0.0	0.0	0.0	0.0	0.0	0.0	0.0	0.0	0.0	0.0	0.0	0.0	0.0	0.0	0.0	0.0	0.0	0.01874	0.0	0.00716	0.0	0.03445	2.41647	0.0	1.7492	0.0	0.0	0.03952	0.0	0.0	0.0	0.0	0.0	0.0	0.01228	0.0	0.0	0.0	0.0	0.0	0.0	0.13244	0.0	0.0	0.0	0.0	0.0	0.0	0.0	0.03588	0.0	0.3627	0.0	0.0	0.0	0.0	0.0	0.0	0.0	0.0	0.0	0.0	0.0	0.0	0.0	0.0	0.0	0.0	0.0	0.0	0.0	0.0	0.0	0.0	0.0	0.0	0.0	0.0	0.0	0.0	0.0	0.0	0.0	0.0	0.0022	0.0	0.0	0.0	0.43759	0.0	0.0	0.0	0.0	0.0	0.0	0.0	0.0	0.0	0.0	0.0	0.00145	0.12103	0.3356	0.0	0.0	13.96107	0.18301	0.0	0.0	0.0	0.0	0.0	0.02499	0.0	1.82816	0.0	0.0	0.0	0.0	0.00621	0.0	2.51234	0.0	0.0	0.0	0.0	0.0	0.42235	0.0	0.0	0.0	0.0	0.0	0.00397	0.0	0.26753	17.03249	0.0	0.0	0.0	0.0	0.00267	0.0	0.0	2.14933	0.0	0.0	0.0	0.0	0.0	0.0	0.0	0.29203
SRR13327524	0.0	0.0	0.0	0.0	0.00059	0.08792	0.0	0.0	0.81025	0.0	0.0	0.0	0.0	0.0	0.0	0.0	0.0	0.0	0.0	0.0	0.0	0.0	0.0	0.0	0.0	0.0	0.01346	0.0	0.59914	0.02749	0.02768	0.0	0.0	0.0	0.0	0.0	0.0	0.92775	0.0	0.0	0.0	0.0	0.0	14.22949	0.0	0.0	0.0	12.75443	0.0	0.0	0.0	0.0	0.0	0.0	0.0	0.0	0.0	0.0	0.0	0.0	0.0	0.0	0.0	0.0	0.0	0.0	0.0	0.0	0.0	0.0	0.0	0.0	0.0	0.0	0.0	0.07649	0.0	0.0	0.0	0.0	0.0	0.0	0.01125	0.0	0.0	0.0088	0.0	0.0	0.0	0.0	0.0	0.00178	0.36291	0.0	0.0	0.0	0.0	4.55278	0.10792	0.0	0.00362	0.35488	3.36872	0.66641	0.0	0.79944	0.0	0.00495	0.64321	0.0	0.0	0.0	0.29417	7.48946	0.0	0.01213	0.0	0.0	2.96297	0.12808	0.0	0.0	0.0	0.0	0.0	0.0	0.0	0.97712	0.0	0.0	0.0	0.0	2.89854	0.04222	0.0	0.0	0.0	0.06739	0.0	0.0	0.0	0.04213	0.0	0.00444	0.0	0.0	0.04446	0.0	0.16568	0.0	0.0	0.0	0.92081	0.0	0.0	0.0	0.0	0.0	0.0	0.07061	0.0	0.0	0.0	0.0	2.08324	1.09056	0.0	0.0	0.0	0.0	0.0158	0.10099	0.0	0.00097	0.0	0.0	0.0	0.0	0.0	0.0	0.0	0.0	0.0	0.0	0.0	0.0	0.0	0.0	0.0	4.64999	0.0	0.0	0.0	0.0	0.0	0.0	0.0	0.0	0.28817	0.0	0.0	9.60871	0.0	0.0	0.0	0.00053	0.0	0.0	0.0	0.0	0.0	0.0	0.0	0.01396	0.06597	0.0	0.0	0.0	0.0	0.0	0.0	0.0	0.0	0.0	0.0	0.00371	0.0	0.0	0.00484	0.0	0.0	0.0	0.0	0.0	0.0	0.0	0.0	0.0	0.0	0.0	0.0	0.0	0.0	0.0	0.0	0.0	0.0	0.0	0.0	0.0	0.0	0.0	2.71246	0.0	0.0	0.0	0.0	0.0	0.0	0.0	0.0	0.0	0.0	0.0	0.0	0.0	0.0	0.0	0.0	0.71663	0.0	0.0	0.0	0.0	0.0	0.0	0.0	0.0	0.0	0.03875	0.17726	0.70921	0.03174	0.0	6.35401	0.0	0.0	0.0	0.0	0.0	0.0	0.13612	0.0	0.0	0.0	0.0	0.0	0.0	0.0002	0.00255	6.19733	0.0	0.0	0.0	0.03333	0.0	2.2434	0.0	0.0	0.0	0.0	0.0	0.06752	0.0	0.01427	6.01603	0.0	0.0	0.0	0.0	0.06019	0.0	0.0	0.0	0.0	0.0	0.0	0.0	0.0	0.0	0.0	0.0
SRR13327525	0.00079	0.0	0.0	0.0	0.00885	0.03009	0.0	0.0	0.67988	0.0	0.0	0.0	0.0	0.10672	0.0	0.0	0.0	0.0	0.0	0.0	0.0	0.0	0.0	0.0	0.0	0.0	0.0	0.0	0.00181	0.02195	0.0	0.0	0.0	0.0	0.0	0.0	0.0	2.86765	0.0	0.0	0.0	0.0	0.0	10.51663	0.02695	0.03904	0.0	17.74728	0.0	0.0	0.0	0.0	0.0	0.0	0.0	0.0	0.0	0.0	0.0	0.0	0.0	0.00109	0.0	0.0	0.0	0.0	0.0	0.0	0.0	0.0	0.0	0.0	0.0	0.0	0.0	1.75282	0.0	0.0	0.0	0.0	0.0	0.0	0.00283	0.0	0.0	0.00788	0.0	0.0	0.0	0.0	0.0	0.0	0.40476	0.0	0.0	0.0	0.0	0.0	0.0	0.0	0.0	0.0	0.62119	0.34658	0.0	0.0	0.0	0.0	0.46562	0.00198	0.0	0.0	0.04061	0.0	0.0	0.0	0.0	0.0	19.96866	0.00139	0.0	0.0	0.0	0.0	0.0	0.0	0.0	0.22789	0.0	0.0	0.0	0.0	0.0	0.02927	0.0	0.0	0.0	0.00861	0.0	0.0	0.02726	0.01891	0.0	0.03828	0.0	0.0	0.00535	0.0	0.0108	0.00762	0.01619	0.0	0.02006	0.0	0.0	0.0	0.0	0.0	0.0	0.08317	0.0	0.0	0.0	0.0	0.34886	3.13371	0.0	0.0	0.0	0.0	0.0	0.0	0.07897	0.00044	0.0	0.0	0.0	0.0	0.0	0.0	0.0	0.0	0.0	0.0	0.0	0.0	0.0	0.0	0.0	4.05087	0.0	0.00381	0.0	0.0	0.0	0.0	0.0	0.0	0.00185	0.0	0.0	18.6114	0.0	0.00304	0.0	0.0	0.0	0.0	0.0	0.0	0.0	0.0	0.0	0.0034	0.0	0.0	0.0	0.0	0.0	0.02319	0.0	0.0	0.0	0.0	0.0	0.0	0.0	0.0	0.0	0.00075	0.0	0.0	0.0	1.48447	0.0	0.0	0.0	0.0	0.0	0.0	0.0	0.0	0.0	0.0	0.0	0.0	0.0	0.0	0.0	0.0	0.0	0.0	0.0	0.0	0.0	0.0	0.0	0.0	0.0	0.0	0.0	0.0	0.0	0.0	0.0	0.0	0.0	0.0	0.0	0.0	0.0	0.0	0.0	0.0	0.0	0.0	0.0	0.0	0.0	0.0	0.07827	0.0	0.00848	0.0	1.2288	0.03283	0.01266	0.0	0.0	0.0	0.0	0.0275	0.0	2.89101	0.0	0.0	0.0	0.00032	0.00019	0.00079	1.19853	0.0	0.57507	0.0	0.0	0.0	0.39375	0.0	0.0	0.0	0.0	0.0	0.18549	0.0	2.54323	6.34844	0.0	0.0	0.0	0.0	0.50698	0.06642	0.0	0.0	0.0	0.0	0.0	0.0	0.0	0.0	0.0	0.0
SRR13327526	0.00248	0.0	0.0	0.0	0.0	0.01996	0.0	0.0	0.0	0.0	0.0	0.48707	0.0	0.0	0.0	0.0	0.0	0.0	0.0	0.0	0.0	1.3139	0.0	0.0	0.0	0.0	0.0	0.0	2.08757	0.00572	0.00424	0.0	0.0	0.00026	0.0	0.0	0.0	6.40851	0.0	0.0	0.0	0.0	0.0	45.51107	0.03262	0.0	0.0	8.96664	0.0	0.0	0.0	0.0	0.0	7e-05	0.0	0.0	0.0	0.0	0.0	0.0	0.0	0.0	0.0	0.0	0.0	0.0	0.0	0.0	0.0	0.0	0.0	0.0	0.0	0.0	0.00966	1.75484	0.0	0.0	8.11755	0.0	0.0	0.0	0.00101	0.0	0.0	0.0	0.0	0.0	0.0	0.0	0.0	0.0	1.20797	0.0	0.0	0.0	0.0	0.0	0.0	0.0	0.0	0.34178	0.44965	0.08056	0.0	0.0	0.0	0.0	0.28635	0.06096	0.0	0.0	0.01073	0.02439	0.0	0.0	0.0	0.0	0.0	0.01506	0.0	0.0	0.0	0.0	0.0	0.0	0.0	0.79493	0.0	0.0	0.0	0.0	0.0	0.0	0.0	0.0	0.0	0.01001	0.0	0.0	0.0	0.02031	0.0	0.0	0.0	0.0	0.0	0.0	0.05336	0.0	0.0	0.0	0.00849	0.0	0.0	0.0	0.0	0.0	0.0	0.0	0.0	0.0	0.0	0.0	0.01383	1.00229	0.0	0.17101	0.0	0.0	0.0	0.0	0.00728	0.00241	0.0	0.0	0.0	0.0	0.0	0.0	0.0	0.0	0.0	0.0	0.0	0.0	0.0	0.0	0.0	0.0	0.0	0.00027	0.0	0.0	0.0	0.0	0.0	0.0	0.0	0.0	0.0	9.68727	0.0	0.00014	0.0	0.0	0.0	0.0	0.0	0.0	0.0	0.0	0.0	0.00668	0.0	0.0	0.0	0.0	0.0	0.0	0.0	0.0	0.0	0.0	0.0	0.0	0.0	0.0	0.00112	0.0	0.0	0.0	0.0	0.34465	0.0	0.0	0.00333	0.0	0.0	0.0	0.0	0.0	0.00588	0.0	0.0	0.0	0.0	0.0016	0.0	0.0	0.01144	0.0	1.47799	0.0	0.0	0.0	0.0	0.0	0.0	0.0	0.0	0.0	0.0	0.0	0.0	0.0	0.0	0.03741	0.0	0.0	0.0	0.0	0.0	0.0	0.0	0.0	0.0	0.0	0.0	0.0	0.0	0.03948	0.0	0.0	1.29736	0.24788	0.0	0.0	0.0	0.0	0.0	0.00756	0.0	2.80335	0.0	0.0	0.0	0.00381	0.00717	0.0	2.97258	0.0	0.94557	0.0	0.0	0.0	0.20679	0.0	0.0	0.0	0.0	0.0	0.0	0.0	0.00257	0.5563899999999999	0.0	0.0	0.0	0.0	0.04718	0.0	0.0	0.0	0.0	0.0	0.0	0.0	0.0	0.0	0.0	0.0
SRR13327527	0.0	0.0	0.0	0.0	0.0	0.11747	0.0	0.0	1.02972	0.0	0.0	0.0	0.0	0.00106	0.0	0.0	0.0	0.0	0.0	0.0	0.0	0.89822	0.0	0.0	0.0	0.0	0.0	0.0	3.96235	0.09245	0.0	0.0	0.0	0.0	0.0	0.0	0.0	0.76572	0.0	0.0	0.0	0.0	0.0	26.80529	0.0	0.0	0.0	8.12194	0.0	0.0	0.0	0.0	0.00389	0.99031	0.0	0.0	0.0	0.0	0.03983	0.0	0.0	0.0	0.0	0.0	0.0	0.0	0.0	0.0	0.0	0.0	0.0	0.0	0.1631	0.0	0.0	0.36713	0.0	0.0	0.0	0.0	0.0	0.0	0.00346	0.0	0.80897	0.0	0.0	0.0	0.0	0.0	0.0	0.0	0.0	0.0	0.0	0.0	0.0	0.0	0.0	0.0	0.0	0.03914	0.1379	0.0	0.0	0.0	0.0	0.09019	0.10566	0.01225	0.0	0.0	0.00084	0.69662	0.0	0.0	0.0	0.13236	11.52157	0.00124	0.0	0.28848	0.0	0.0	0.0	0.0	0.0	0.10779	0.0	0.0	0.0	0.0	7.12005	0.0	0.0	0.0	0.0	0.0	0.0	0.0	0.00115	0.02263	0.0	0.00956	0.0	0.0	0.0	0.0	0.0663	0.0	0.0	0.0	0.00435	0.0	0.0	0.0	0.0	0.0	0.0	0.05834	0.04897	0.0	0.0	0.0	0.04546	5.01752	0.0	0.79707	0.0	0.0	0.0	0.00535	0.0	0.01001	0.0	0.0	0.0	0.0	0.0	0.0	0.0	0.0	0.00051	0.0	0.0	0.0	0.0	0.00072	0.0	0.53815	0.0	0.0	0.0	0.0	0.0	0.0	0.0	0.0	0.0	0.0	0.0	5.50275	0.0	0.00054	0.0	0.0	0.0	0.0	0.0	0.0	0.0	0.0	0.0	0.01327	0.0	0.0	0.0	0.0	0.0	0.0	0.0	0.0	0.0	0.0	0.0	0.0	0.00341	0.0	0.0	0.0	0.0	0.0	0.0	0.0	0.0	0.0	0.0	0.0	0.0	0.42221	0.0	0.0	0.0	0.0	0.0	0.0	0.0	0.0	0.0	0.0	0.01575	0.0	4.6983	0.0	0.0	0.0	0.0	0.0	0.0	0.0	0.0	0.0	0.0	0.0	0.0	0.0	0.0	0.00806	0.0	0.0	0.0	0.0	0.0	0.0	0.0	0.0033	0.0	0.0	0.0	0.0	0.06738	8.19671	0.00497	0.0	0.7122	0.00129	0.0	0.0	0.0	0.0	0.00039	0.08229	0.0	0.0	0.0	0.0	0.0	0.0	0.0	0.0	0.63172	0.0	0.0	0.0	0.0	0.0	0.26919	0.0	0.0	0.0	0.0	0.0	0.07518	0.0	0.98977	7.20774	0.0	0.0	0.0	0.0	0.03834	0.0	0.0	0.00418	0.0	0.0	0.0	0.0	0.0	0.0	0.0	0.0
SRR13327528	0.0	0.0	0.0	0.0	0.0	0.05116	0.0	0.0	0.8534	0.0	0.0	0.01886	0.0	0.00255	0.0	0.07366	0.0	0.0	0.0	0.0	0.0	0.62429	0.0	0.0	0.00023	0.0	0.0	0.0	2.19114	0.0339	0.0	0.0	0.0	0.0	0.0	0.0	0.0	1.05345	0.0	0.0	0.0	0.0	0.0	13.26962	0.06894	0.12081	0.0	10.17321	0.0	0.0	0.0	0.0	0.0	0.0	0.0	0.0	0.0	0.0	0.0	0.0	0.0	0.0	0.0	0.0	0.0	0.0	0.0	0.0	0.0	0.0	0.00273	0.0	0.0	0.0	0.0	0.37477	0.0	0.0	3.21061	0.0	0.0	0.0	0.01008	0.0	0.0	0.0	0.0	0.0	0.0	0.0	0.0	0.0	0.00928	0.0	0.0	0.0	0.0	4.28335	0.0	0.0	0.0	0.11133	0.54355	0.08676	0.0	0.0	0.0	0.01959	0.13182	0.0	0.0	0.0	0.02023	0.66739	0.0	0.00294	0.0	0.0	10.1169	1.04263	0.0	0.0	0.0	0.0	0.0	0.0	0.0	0.23172	0.0	0.0	0.0	0.0	5.8121	0.00058	0.0	0.0	0.0	0.00254	0.0	0.0	0.08503	0.00446	0.0	0.0	0.0	2.3671	0.19458	0.0	0.0427	0.0	0.04117	0.0	0.06178	0.0	0.0	0.0	0.0	0.0	0.0	0.102	0.0	0.0	0.0	0.0	0.06669	2.84613	0.0	0.0	0.34563	0.0	0.0	0.0	0.00744	0.00382	0.0	0.0	0.0	0.0	0.0	0.11787	0.0	0.0	0.0	0.0	0.0	0.0	0.0	0.0	0.0	0.0	0.0	0.0169	0.0	0.0	0.0	0.0	0.0	0.0	0.0	0.0	0.0	3.06413	1.20445	0.0	0.0	0.02943	0.0	0.0	0.0	0.0	0.0	0.0	0.0	0.01942	0.0	0.0	0.0	0.0	0.0	0.00206	0.0	0.0	0.0	0.0	0.0	0.0	0.0	0.0	0.0	0.0	0.0	0.0	0.0	0.05032	0.0	0.0	0.0	0.0	0.0	0.0303	0.0	0.0	0.0	0.0	0.0	0.0	0.0	0.0	0.0	0.0	0.0	0.15905	1.75315	0.0	0.0	0.0	0.0	0.0	0.0	0.0	0.0	0.0	0.0	0.0	0.0	0.0	0.0	0.05285	0.0	0.0	0.0	0.0	0.0	0.0	0.0	0.0	0.0	0.0	0.0	0.0	0.07211	16.6962	0.00036	0.0	0.0	0.32275	0.0	0.0	0.0	0.0	0.0	0.01928	0.0	0.92502	0.0	0.0	0.0	0.00163	0.00084	0.0	4.70657	0.0	0.16405	0.0	0.0	0.0	0.26158	0.0	0.0	0.0	0.0	0.00072	0.01183	0.0	0.06594	4.7341	0.0	0.0	0.0	0.0	0.51084	2.11637	0.0	1.50526	0.0	0.0	0.0	0.0	0.0	0.0	0.0	0.0
SRR13327529	0.0	0.0	0.0	0.0	0.0	0.08189	0.0	0.0	0.0	0.0	0.0	0.0	0.0	0.0	0.0	0.0	0.0	0.0	0.0	0.0	0.0	0.0	0.0	0.0	0.1072	0.0	0.02511	0.0	13.65681	0.05875	0.06962	0.0	0.0	0.00082	0.0	0.0	0.0	0.61885	0.0	0.15174	0.0	0.0	0.0	17.95173	0.0	0.04975	0.0	18.95157	0.0	0.0	0.0	0.0	0.0	0.0	0.0	0.0	0.0	0.0	1.47881	0.0	0.0	0.0	0.0	0.0	0.0	0.0	0.00179	0.0	0.0	0.0	0.0	0.0	0.0	0.0	0.0	0.37207	0.0	0.0	0.18388	0.0	0.0	0.0	0.00099	0.0	0.0	0.0	0.0	0.0	0.0	0.0	0.0	0.0	0.48782	0.0	0.0	0.0	0.0	0.0	0.0	0.0	0.0	0.21407	1.98219	0.06939	0.0	0.0	0.0	0.0	0.23325	0.0	0.0	0.0	0.07266	1.40582	0.96552	0.0	0.0	0.0	4.47164	0.12926	0.0	0.0	0.0	0.0	0.0	0.0	0.0	0.96838	0.0	0.0	0.0	0.01263	5.06408	0.0	0.0	0.0	0.0	0.00059	0.0	0.0	0.0	0.0	0.0	0.0	0.0	0.0	0.0	0.0	0.25711	0.0	0.0	0.0	0.33531	0.15936	0.0	0.0	0.0	0.0	0.0	0.0	0.0	0.0	0.0	0.0	1.71403	0.0	0.0	0.15504	0.0	0.0	0.0	0.01041	0.34538	0.00336	0.0	0.0	0.0	0.0	0.0	0.15419	0.0	0.0	0.0	0.0	0.0	0.0	0.0	0.0	0.0	0.0	0.0	0.01671	0.0	0.0	0.0	0.0	0.0	0.0071	0.14068	0.0	0.0	3.14696	0.0	0.0	0.0	0.00149	0.0	0.0	0.0	0.0	0.0	0.0	0.0	0.01089	0.0	0.0	0.0	0.0	0.0	0.01696	0.0	0.0	0.0	0.0	0.0	0.0	0.0	0.0	0.0	0.0	0.5648	0.0	0.0	0.0	0.0	0.0	0.0	0.0	0.0	0.25083	0.0	0.0	0.0	0.0	0.0	0.0	0.0	0.0	0.0	0.0	0.00456	0.0	0.8916	0.0	0.0	0.0	0.0	0.0	0.0	0.0	0.0	0.0	0.0	0.0	0.0	0.0	0.0	0.06481	0.0	0.0	0.0	0.0	0.0	0.0	0.0	0.0	0.0	0.0	0.0	0.0	0.09908	2.23873	0.00073	0.0	6.95887	0.40593	0.0	0.0	0.0	0.0	0.0	0.09932	0.0	2.19334	0.0	0.0	0.0	0.02694	0.00468	0.0	0.5261	0.0	0.0	0.0	0.0	0.0	1.33556	0.0	0.0	0.0	0.0	0.0	0.001	0.0	2.58346	5.29839	0.0	0.0	0.0	0.0	0.00174	0.0	0.0	0.0	0.0	0.0	0.0	0.0	0.0	0.0	0.0	0.13584
SRR13327530	0.00204	0.0	0.0	0.0	0.0	0.08369	0.0	0.0	0.41004	0.0	0.0	0.00534	0.0	0.01505	0.09232	0.0	0.0	0.0	0.0	0.06044	0.0	1.10305	0.0	0.0	0.00559	0.0	0.0	0.0	3.14664	0.00813	0.00034	0.0	0.0	0.0	0.0	0.0	0.0	1.09768	0.0	0.0	0.0	0.0	0.0	18.40256	0.06442	0.0	0.0	7.5594	0.0	0.0	0.0	0.0	0.0	0.0	0.0	0.0	0.0	0.0	1.64052	0.0	0.00386	0.0	0.0	0.0	0.0	0.0	0.0	0.0	0.0	0.0	0.00802	0.0	0.0	0.0	0.0	1.15327	0.0	0.0	4.07214	0.0	0.0	0.0	0.0	0.0	0.58136	0.0	0.0	0.0	0.0	0.0	0.0	0.00425	0.84729	0.0	0.0	0.0	0.0	1.50763	0.0	0.0	0.0	0.06753	0.17326	0.0	0.0	0.00171	0.0	0.00162	0.05867	0.0	0.0	0.0	0.09097	1.00942	0.0	0.0	0.0	1.99733	6.3875	2.26705	0.00084	0.0	0.00085	0.0	0.0	0.0	0.0	0.20258	0.0	0.0	0.0	0.0	4.19873	0.00062	0.0	0.0	0.0	0.00285	2.69108	0.0	0.08682	0.00851	0.0	0.00515	0.0	0.0	0.03069	0.0	0.00396	0.0	0.0	0.00116	0.84111	0.0	0.0	0.0	0.84029	0.0	0.0	0.02932	0.0	0.0	0.0	0.0	0.18927	3.88157	0.0	0.50761	0.0	0.0	0.0	0.0	0.0	0.00206	0.0	0.00161	0.0	0.03459	0.0	0.05978	0.0	0.0	0.0	0.0	0.0	0.0	0.0	0.0	0.0	0.02083	0.0	0.0	0.0	0.0	0.0	0.0	0.0	0.0	0.00128	0.0	0.0	1.593	0.0	3.692	0.0	0.01405	0.0	0.10529	0.0	0.0	0.0	0.0	0.0	0.01031	0.0	0.0	0.0	0.0	0.0	0.0	0.0	0.0	0.0	0.0	0.0	0.0	0.0	0.43449	0.0	0.0	0.00473	0.0	0.0	0.06169	0.0	0.0	0.0	0.0	0.0	0.2836	0.0	0.0	0.00217	0.0	0.0	0.0	0.0	0.0	0.0	0.0	0.0099	0.03373	3.0879	0.0	0.0	0.0	0.0	0.0	0.0	0.0	0.0	0.0	0.0	0.0	0.0	0.0	0.0	0.01976	0.0	0.0	0.0	0.0	0.0	0.0	0.0	0.0	0.0	0.0	0.0	0.0	0.22473	10.17093	0.00665	0.0	3.78437	0.12174	0.0	0.0	0.0	0.0	0.0	0.03396	0.0	0.76235	0.0	0.0	0.00508	0.0	0.00601	0.0	0.72603	0.0	0.0	0.0	0.0	0.0	0.04157	0.0	0.00958	0.0	0.0	0.0	0.30845	0.0	0.00033	5.98745	0.0	0.0	0.0	0.0	0.16894	0.0	0.0	0.69392	0.0	0.0	0.0	0.0	0.0	0.0	0.0	0.02198
SRR13327531	0.0	0.0	0.0	0.0	0.0	0.01176	0.0	0.0	0.75532	0.0	0.0	1.30651	0.0	0.51978	0.24886	0.0	0.0	0.0	0.0	0.0	0.0	0.60771	0.0	0.00016	0.04493	0.0	0.00603	0.0	0.78483	0.03595	0.00631	0.0	0.00092	0.0	0.0	0.0	0.0	1.51066	0.0	0.0	0.0	0.0	0.0	21.64993	0.05571	0.05711	0.0	7.30945	0.0	0.0	0.0	0.0	0.0	0.0	0.0	0.0	0.0	0.0	0.75286	0.0	0.0	0.0	0.0	0.0	0.0	0.0	0.01964	0.0	0.0	0.0	0.01836	0.0	0.0	0.02595	0.0	0.84688	0.0	0.0	0.0	0.0	0.0	0.0	0.00375	0.0	0.0	0.0	0.0	0.0	0.0	0.0	0.0	0.0	0.0	0.0	0.0	0.0003	0.0	0.0	0.0	0.0	0.0	0.23301	0.11155	0.08795	0.0	0.0	0.0	0.0	0.30392	0.0	0.0	0.0	0.12112	0.40004	0.0	0.07778	0.0	0.0	8.15493	0.03696	0.0	0.0	0.0	0.0	0.0	0.0	0.0	0.10618	0.0	0.0	0.0	0.0	1.10468	0.00187	0.0	0.0	0.0	0.00937	0.0	0.0	0.04927	0.0091	0.00667	0.0	0.0	1.31075	0.01641	0.0	0.09226	0.00116	0.02319	0.0	0.02982	0.03845	0.0	0.0	0.0	0.0	0.0	0.0	0.0	0.0	0.0	0.0	0.42606	0.13567	0.0	0.473	0.44563	0.0	0.0	0.0	0.01836	0.0	0.0	0.0	0.0	0.0	0.0	0.08677	0.0	0.0	0.00175	0.0	0.0	0.00089	0.0	0.0	0.0	0.0	0.0	0.00339	0.0	0.0	0.0	0.0	0.0	0.02021	0.07039	0.0	0.0	2.25761	3.22061	1.05517	0.01685	0.00049	0.0	0.0	0.0	0.0	0.0	0.0	0.0	0.00026	0.0	0.0	0.0	0.0	0.0	0.0	0.0017	0.0	0.0	0.0	0.0	0.0	0.0	0.0	0.00034	0.0	0.07567	0.0	0.0	0.12139	0.0	0.0	0.0	0.0	0.0	0.0	0.0	0.0	0.0	0.00101	0.0	0.0	0.0	0.0	0.0	0.0	0.0	0.97906	3.67242	0.0	0.0	0.0	0.0	0.0	0.0	0.0	0.0	0.0	0.0	0.0	0.0	0.0	0.0	0.0	0.0	0.0	0.0	0.0	0.0	0.0	0.0	0.0	0.03848	0.0	0.0	0.0	0.01213	5.82744	0.0	0.0	16.72109	0.10666	0.0	0.0	0.0	0.0	0.0	0.03246	0.0	0.18822	0.0	0.0	0.08381	0.0	0.0	0.0	1.76294	0.0	0.18262	0.0	0.0	0.0	0.1626	0.0	0.0	0.0	0.0	0.0	0.00687	0.0	0.33891	12.32841	0.0	0.0	0.0	0.0	0.12454	0.0	0.0	0.0	0.0	0.0	0.0	0.0	0.0	0.0	0.0	0.09201
SRR13327532	0.0	0.0	0.0	0.0	0.00065	0.03766	0.0	0.0	0.94067	0.0	0.0	0.0	0.0	0.0	0.0	0.0	0.0	0.0	0.0	0.0	0.0	1.0606	0.0	0.0	0.02168	0.0	0.0	0.0	7.80445	0.03093	0.0	0.0	0.0	0.0	0.0	0.0	0.0	3.53223	0.0	0.0	0.0	0.0	0.0	14.43189	0.03515	0.0	0.0	25.42313	0.0	0.0	0.0	0.0	0.0	0.0	0.0	0.0	0.0	0.0	0.0	0.0	0.0	0.0	0.0	0.0	0.0	0.0	0.0	0.0	0.0	0.0	0.06548	0.0	0.0	0.0	0.0	2.85041	0.0	0.0	0.0	0.0	0.0	0.0	0.03447	0.0	0.0	0.0	0.0	0.0	0.0	0.0	0.0	0.0	0.00158	0.0	0.0	0.0	0.0	0.0	0.0	0.0	0.0	0.05967	1.38409	0.32064	0.0	0.0	0.0	0.00327	1.02189	0.0	0.0	0.0	0.01765	0.0	0.0	0.01279	0.0	0.0	12.02511	0.04165	0.0	0.70098	0.0	0.0	0.0	0.0	0.0	1.23891	0.0	0.0	0.0	0.0	0.00066	0.0083	0.0	0.0	0.0	0.00161	0.0	0.0	0.0	0.01845	0.0	0.00165	0.0	0.0	0.0	0.0	0.20705	0.1992	0.0	0.0	0.01149	0.0	0.0	0.0	0.0	0.0	0.0	0.0	0.0	0.0	0.0	0.0	0.39612	0.0	0.0	0.0	0.0	0.0	0.0	0.0	0.0	0.0	0.0	0.0	0.0	0.0	0.0	0.0856	0.0	0.0	0.0	0.0	0.0	0.0	0.0	0.0	0.0	0.0	0.0	0.0	0.0	0.0	0.0	0.0	0.0	0.0	0.0756	0.0	0.0	2.71801	0.0	0.0	0.0	0.0	0.0	0.0	0.0	0.0	0.0	0.0	0.0	0.00435	0.0	0.0	0.0	0.0	0.0	0.0	0.0	0.0	0.0	0.06494	0.0	0.0	0.0	0.0	0.00687	0.0	0.0	0.0	0.0	0.79509	0.0	0.0	0.34879	0.0	0.0	0.0	0.0	0.0	0.0	0.00161	0.0	0.0	0.0	0.0	0.0	0.0	0.00353	0.59821	1.9833	0.0	0.0	0.0	0.0	0.0	0.0	0.0	0.0	0.0	0.0	0.0	0.0	0.0	0.0	0.03945	0.0	0.0	0.0	0.0	0.0	0.0	0.0	0.0	0.0	0.0	0.0	0.0	0.03132	0.00493	0.00223	0.0	3.32651	0.13414	0.0	0.0	0.0	0.0	0.0	0.0273	0.0	2.34047	0.0	0.0	0.0	0.01396	0.00483	0.0	1.04162	0.0	0.0	0.0	0.0	0.0	1.24512	0.0	0.0	0.0	0.0	0.0	0.00029	0.0	7.25617	3.1505	0.0	0.0	0.0	0.0	0.00657	0.0	0.0	0.74654	0.0	0.0	0.0	0.0	0.0	0.0	0.0	0.0
SRR13327533	0.00895	0.0	0.0	0.0	0.00354	0.20876	0.0	0.0	0.66459	0.00095	0.0	0.0	0.0	0.01562	0.00051	0.0	0.00505	0.0	0.0	0.0	0.0	0.99025	0.0	0.0	0.00017	0.0	0.0	0.0	1.15283	0.72358	0.01062	0.0	0.0	0.00157	0.0	0.0	0.0	8.79537	0.0	0.0	0.0	0.0	0.0	3.55354	0.09145	0.0	0.0	16.5574	0.0	0.0	0.0	0.0	0.0	0.0	0.0	0.0	0.00076	0.0	0.0	0.0	0.0	0.0	0.0	0.0	0.0	0.0	0.0	0.0	0.0	0.0	0.0	0.0	0.0	0.0	0.0	2.21137	0.0	0.0	0.08009	0.0	0.0	0.0	0.0	0.0	0.04044	0.08144	0.0	0.0	0.0	0.0	0.0	0.0	0.00303	0.0	0.02122	0.0	0.0	0.87665	0.0	0.0	0.0	0.31762	0.8699	0.10675	0.0	0.0	0.0	0.00724	0.38797	0.00183	0.0	0.0	0.00583	0.04484	0.0	0.0	0.0	0.36457	3.23835	0.22084	0.0	0.0	0.0	0.0	0.0	0.0011	0.0	0.51237	0.0	0.0	0.0	0.0	4.95523	0.00473	0.0	0.0	0.0	0.01439	14.8733	0.0	0.13402	0.04205	0.0	0.0391	0.0	0.0	0.0	0.0	0.10377	0.0	0.05518	0.0	0.00331	0.0	0.0	0.0	0.0	0.0	0.0	0.044	0.0	0.0	0.0	0.00054	0.7978	2.70298	0.0	0.0	0.0	0.00065	0.0	0.01664	0.0	0.00076	0.0	0.02698	0.0	0.0	0.0	0.0	0.0	0.0	0.0	0.0	0.0	0.0	0.0	0.0	0.0	0.03703	0.0	0.0	0.0	0.0	0.0	0.0	0.0	0.0	0.0	0.001	0.0	2.90155	0.0	0.02709	0.0	0.0	0.0	0.00375	0.0	0.0	0.0	0.0	0.0	0.02153	0.0	0.0	0.0	0.0	0.0	0.0	0.0	0.0	0.04537	0.0	0.0	0.0	0.0	0.0	8e-05	0.00037	0.0	0.0	0.0	0.30576	0.0	0.0	0.0	0.0	0.0	0.43122	0.0	0.0	0.00104	0.00534	0.0	0.0	0.0	0.00071	0.0	0.0	0.00231	0.87985	1.68543	0.0	0.0	0.0	0.0	0.0	0.0	0.00442	0.0	0.0	0.0	0.0	0.0	0.0	0.0	0.11767	0.0	0.0	0.0	0.0	0.0	0.0	0.0	0.0	0.0	0.0	0.0	0.0	0.00952	12.85809	0.02193	0.0	0.67399	0.1918	0.0	0.0	0.0	0.0	0.0002	0.0946	0.0	1.43682	0.0	0.0	0.0	0.0063	0.00881	0.0	1.55961	0.0	0.0	0.0	0.0	0.0	0.32019	0.0	0.0	0.0	0.0	0.0	0.0	0.0	0.56691	4.53237	0.0	0.0	0.0	0.0	0.85297	0.61803	0.0	3.70187	0.0	0.08013	0.0	0.0	0.0	0.0	0.0	0.0
SRR13327534	0.0	0.0	0.0	0.0	0.0001	0.05826	0.0	0.0	0.22623	0.0	0.0	1.32965	0.0	0.19579	0.0	0.0	0.0	0.0	0.0	0.0	0.0	1.36094	0.0	0.0	9e-05	0.0	0.03426	0.0	0.14051	0.00466	0.05347	0.0	0.0	0.00113	0.0	0.0	0.0	0.29191	0.0	0.0	0.0	0.0	0.0	25.00259	0.07578	0.08407	0.0	11.65616	0.0	0.0	0.0	0.0	0.0	0.0	0.0	0.0	0.0	0.0	4.80009	0.0	0.0	0.00106	0.0	0.0	0.0	0.0	0.0158	0.0	0.0	0.0	0.06156	0.0	0.0	0.0	0.0	0.22132	0.0	0.0	0.92706	0.0	0.0	0.0	0.00202	0.0	3.26263	0.0	0.0	0.0	0.0	0.0	0.0	0.0	1.76982	0.0	0.0	0.0	0.0	3.75433	0.0	0.0	0.0	1.07977	0.12925	0.38149	0.0	0.0	0.0	0.0	0.46165	0.0	0.0	0.0	0.0	0.18387	0.0	0.12586	0.0	0.0	1.03616	0.07731	0.0	0.0	0.0	0.0	0.0	0.0	0.0	0.05689	0.0	0.0	0.0	0.0	4.16536	0.0	0.0	0.0	0.0	0.00068	7.89278	0.0	0.48346	0.00226	0.0	0.0	0.0	0.98628	0.03545	0.0	0.15619	0.0	0.0	0.0	0.06944	0.03966	0.0	0.0	0.0	0.0	0.0	0.0	0.0	0.0	0.0	0.0	0.18342	0.27772	0.0	0.03531	0.0	0.01728	0.00136	0.0	0.0079	0.0	0.0	0.0	0.0	0.0882	0.0	0.62458	0.0	0.0	0.0	0.0	0.0	0.0	0.0	0.10335	0.0	0.0	0.0	0.00056	0.0	0.0	0.0	0.0	0.0	0.0	0.00163	0.0	0.0	0.17298	0.1229	0.0	0.0	0.00429	0.0	0.0	0.0	0.0	0.0	0.0	0.0	0.00829	0.0	0.0	0.0	0.0	0.0	0.0	0.0057	0.0	0.0	0.0	0.0	0.0	0.01046	1.37854	0.00232	0.0	1.19066	0.0	0.0	0.00932	0.0	0.0	0.0	0.0	0.0	0.04221	1.68334	0.0	0.0	0.00108	0.0	0.0	0.0	0.0	0.0	0.0	0.0	0.0	0.11605	0.0	0.0	0.0	0.0	0.0	0.0	0.0	0.0	0.0	0.0	0.0	0.0	0.0	0.0	0.00039	0.0	0.0	0.0	0.0	0.0	0.0	0.0	0.0	0.20391	0.0	0.0	0.0	0.37584	1.87876	0.00012	0.0	1.34799	0.05112	0.0	0.0	0.0	0.0	0.0	0.00215	0.07415	0.03388	0.52897	0.0	0.04314	0.61725	0.00249	0.0	0.6763	0.0	0.0	0.0	0.0	0.0	0.20002	0.0	0.0	0.0	0.0	0.0	0.00547	0.0	0.02336	11.62581	0.0	0.0	0.0	0.0	0.00031	2.87699	0.0	0.12262	0.0	0.00908	0.29201	0.0	0.0	0.0	0.0	0.20719
SRR13327535	0.00182	0.0	0.0	0.0	0.0	0.03955	0.0	0.0	0.54597	0.0	0.0	0.19237	0.0	1.27076	0.0	0.0	0.0	0.0	0.0	0.0	0.0	1.34571	0.0	0.0	0.0	0.0	0.00352	0.0	0.8206	0.0	0.00957	0.0	0.0	0.0	0.0	0.0	0.0	0.90892	0.0	0.0	0.0	0.0	0.0	12.91559	0.07358	0.02316	0.0	7.90838	0.0	0.0	0.0	0.0	0.0	0.0	0.0	0.0	0.0	0.0	2.94988	0.0	0.0	0.00023	0.0	0.0	0.0	0.0	0.0	0.0	0.0	0.0	0.00132	0.0	0.0	0.0	0.0	1.02296	0.0	0.0	0.0	0.0	0.0	0.0	0.02152	0.0	2.17193	0.0	0.0	0.0	0.0	0.0	0.0	0.0	2.32938	0.0	0.0	0.0	0.0	3.46301	0.0	0.0	0.0	0.1476	0.10137	0.00547	0.0	0.0	0.0	0.0	0.2428	0.0	0.0	0.0	0.03509	0.86108	0.0	0.00077	0.0	0.0	5.25412	0.01064	0.0	0.0	0.0	0.0	0.0	0.0	0.0	0.10684	0.0	0.0	0.0	0.0	2.37255	0.0	0.0	0.0	0.0	0.01963	2.55866	0.0	0.03634	0.02299	0.00302	0.0	0.0	0.0	0.04179	0.0	0.01938	0.02019	0.03586	0.0	0.07182	0.0	0.0	0.0	0.0	0.0	0.0	0.0	0.0	0.0	0.0	0.0	0.06529	0.10008	0.0	0.19979	0.0	0.0	0.0	0.0	0.0	0.0	0.0	0.0	0.0	0.04874	0.0	0.16137	0.0	0.0	0.0	0.0	0.0	0.0	0.0	0.0	0.0	0.0	0.0	0.00056	0.0	0.0	0.0	0.0	0.0	0.0	0.01764	0.0	0.0	2.29723	7.74712	0.0	0.0	0.0	0.0	0.01399	0.0	0.0	0.0	0.0	0.0	0.00439	0.0	0.0	0.0	0.0	0.0	0.0	0.0	0.0	0.0	0.0	0.0	0.0	0.07648	1.17242	0.0	0.0	0.05669	0.0	0.0	0.08125	0.0	0.0	0.0	0.0	0.0	0.14395	0.0	0.0	0.0	0.0	0.0	0.0	0.0	0.0	0.0	0.0	0.0	0.0	1.77495	0.0	0.0	0.0	0.0	0.0	0.0	0.0	0.0	0.0	0.0	0.0	0.0	0.0	0.0	0.00785	0.0	0.0	0.0	0.0	0.00424	0.0	0.0	0.0	0.02696	0.0	0.0	0.0	0.13169	7.74133	0.00219	0.0	1.36352	0.08377	0.0	0.0	0.0	0.0	0.0	0.0065	13.30823	0.19789	0.0	0.0	0.01552	0.0	0.00254	0.00321	0.4357	0.0	0.0	0.0	0.0	0.0	0.13179	0.0	0.0	0.0	0.0	0.0	0.00368	0.0	0.0	12.27145	0.0	0.0	0.0	0.0	0.00696	0.16386	0.0	0.13024	0.01122	0.0	0.0	0.0	0.0	0.0	0.0	0.0
SRR13327536	0.0	0.0	0.0	0.0	0.0	0.02827	0.0	0.0	0.03186	0.0	0.0	3.65775	0.0	0.02141	0.0	0.0	0.0	0.0	0.0	0.0	0.0	1.95623	0.0	0.0	0.00483	0.0	0.0	0.0	4.90284	0.01978	0.02125	0.0	0.0	0.00039	0.0	0.0	0.0	0.60146	0.0	0.0	0.0	0.0	0.0	12.55223	0.01914	0.02281	0.0	15.66379	0.0	0.0	0.0	0.0	0.0	0.02107	0.05045	0.0	0.0	0.0	1.61348	0.0	0.0	0.0	0.0	0.0	0.0	0.00048	0.0	1.58165	0.0	0.0	0.01968	0.0	0.0	0.00604	0.0	1.34405	0.0	0.0	2.22879	0.0	0.0	0.0	0.0	0.0	0.0	0.00805	0.0	0.0	0.0	0.0	0.0	0.0	0.0	0.0	0.0	0.0	0.00679	0.0	0.0	0.0	0.0	0.10212	0.70641	0.76838	0.0	0.0	0.0	0.0	0.44972	0.0	0.0	0.0	0.02796	0.02522	1.11313	0.03786	0.0	0.0	12.7101	0.06257	0.0	0.01333	0.0	0.0	0.0	0.0	0.0	0.18314	0.0	0.29259	0.0	0.00089	0.0	0.0	0.0	0.0	0.0	0.0	0.0	0.0	0.40087	0.00695	0.0	0.0	0.0	0.0	0.0	0.0	0.83162	0.07679	0.00252	0.0	0.01235	0.00064	0.0	0.0	0.0	0.0	0.0	0.0	0.0	0.0	0.0	0.0	0.25924	1.78789	0.0	0.0	0.0	0.0	0.0	0.0	0.03774	0.0	0.0	0.0	0.0	0.01906	0.0	0.22694	0.0	0.0	0.0	0.0	0.0	0.0	0.0	0.0	0.0	0.0	0.0	0.0	0.0	0.0	0.0	0.0	0.0	0.0	0.0	0.0	0.0	9.94415	1.9291	0.0	0.0	0.00103	0.0	0.0	0.0	0.0	0.0	0.0	0.0	0.00119	0.0	0.0	0.0	0.0	0.0	0.04826	0.0	0.0	0.0	0.02555	0.0	0.0	0.0	0.0	0.0	0.0	0.0	0.0	0.0	0.23074	0.0	0.0	0.0	0.0	0.0	0.0	0.0	0.0	0.0	0.00016	0.0	0.0	0.90524	0.0	0.0	0.0	0.0	0.1993	1.42787	0.0	0.0	0.0	0.0	0.0	0.0	0.0	0.0	0.0	0.0	0.0	0.0	0.0	0.0	0.00395	0.0	0.0	0.0	0.0	0.0	0.0	0.0	0.0	0.0	0.0	0.0	0.0	0.09046	1.25718	0.0	0.0	4.87872	0.37754	0.0	0.0	0.0	0.0	0.00114	0.00568	0.0	1.2922	0.0	0.0	0.0	0.0	0.0003	0.0	0.51338	0.0	0.11032	0.0	0.0	0.0	0.9427	0.0	0.0	0.0	0.0	0.0	0.0	0.0	2.02109	6.76657	0.0	0.0	0.0	0.0	0.22844	0.0	0.0	0.25717	0.0	0.0	0.0	0.0	0.0	0.0	0.0	0.0
SRR13327537	0.0	0.12763	0.0	0.0	0.0	0.02357	0.0	0.0	0.36629	0.0	0.0	0.0	0.0	0.0	0.08811	0.0	0.0	0.0	0.0	0.0	0.0	1.72643	0.0	0.0	0.0	0.0	0.0	0.0	6.78621	0.0	0.0	0.0	0.0	0.0	0.0	0.0	0.0	9.2738	0.0	0.0	0.0	0.0	0.0	14.94987	0.13015	0.0	0.0	4.1973	0.0	0.0	0.0	0.0	0.0	0.0	0.0	0.0	0.0	0.0	0.0	0.0	0.0	0.0	0.0	0.00299	0.0	0.0	0.0	0.0	0.0	0.0	0.0	0.0	0.0	0.0	0.0	3.0245	0.0	0.0	3.30148	0.0	0.0	0.0	0.0	0.0	0.0	0.0	0.0	0.0	0.0	0.0	0.0	0.0	0.10505	0.0	0.0	0.0	0.0	1.49577	0.0	0.0	0.0	0.0	1.75307	0.0	0.0	0.0	0.0	0.0	0.14884	0.00996	0.0	0.0	0.00867	0.06415	0.0	0.0	0.0	0.0	6.87427	0.0	0.0	0.0	0.0	0.0	0.0	0.0	0.0	0.57909	0.0	0.0	0.0	0.0	1.9438	0.15128	0.0	0.0	0.0	0.00402	0.0	0.0	0.10315	0.00572	0.0	0.00986	0.0	0.0	0.10509	0.0	0.04728	0.0	0.0	0.0	0.0733	0.0	0.0	0.0	0.0	0.0	0.0	0.0	0.0	0.0	0.0	0.0	0.10844	0.0	0.0	0.22976	0.0	0.0	0.0	0.0	0.0	0.0	0.0	0.0	0.0	0.0	0.0	0.02498	0.0	0.0	0.0	0.0	0.0	0.0	0.0	0.0	0.0	0.01393	0.0	0.0	0.0	0.0	0.0	0.0	0.0	0.0	0.0	0.0	0.0	6.08203	0.0	0.02076	0.0	0.01512	0.0	0.0	0.0	0.0	0.0	0.0	0.0	0.00669	0.0	0.0	0.0	0.0	0.0	0.0	0.0	0.0	0.0	0.0	0.0	0.0	0.0	0.0	0.0	0.0	0.0	0.0	0.0	1.0952	0.0	0.0	0.0	0.0	0.0	0.60994	0.0	0.0	0.00138	0.0	0.0	0.0	0.0	0.0	0.0	0.0	0.01584	0.62124	6.10714	0.0	0.0	0.0	0.0	0.0	0.0	0.0	0.0	0.0	0.0	0.0	0.0	0.0	0.0	0.0	0.0	0.0	0.0	0.0	0.0	0.0	0.0	0.0	0.0	0.0	0.0	0.0	0.14476	19.21932	0.00027	0.0	0.88739	0.26868	0.0	0.0	0.0	0.0	0.0	0.00856	0.0	1.80391	0.0	0.0	0.0	0.00036	0.00598	0.0	0.97514	0.0	0.0	0.0	0.0	0.0	0.29004	0.0	0.0	0.0	0.0	0.0	0.02082	0.0	0.0	3.00083	0.0	0.0	0.0	0.0	0.38035	0.0	0.0	0.56049	0.0	0.0	0.0	0.0	0.0	0.0	0.0	0.0
SRR13327538	0.0	0.0	0.0	0.0	0.00079	0.00786	0.14128	0.0	0.34387	0.0	0.0	0.07832	0.0	0.05675	0.0	0.0	0.0	0.0	0.0	0.0	0.0	2.05186	0.0	0.0	0.00811	0.0	0.11068	0.0	2.78655	0.22732	0.03419	0.0	0.0	0.0	0.0	0.0	0.0	0.09579	0.0	0.0	0.0	0.0	0.01667	5.75459	0.02741	0.01804	0.0	11.28909	0.0	0.0	0.0	0.0	0.0	0.0	0.00325	0.0	0.0	0.0	0.0	0.0	0.0	0.0	0.0	0.0	0.0	0.0	0.00943	0.0	0.0	0.0	0.03391	0.0	0.0	0.0	0.0	1.05977	0.0	0.06297	10.46334	0.0	0.0	0.0	0.01219	0.0	6.73573	0.0	0.0	0.0	0.00418	0.0	0.0	0.15928	1.7133	0.0	0.0	0.00026	0.0	0.59517	0.18456	0.0	0.0	0.12335	0.28831	0.00836	0.0	0.08341	0.0	0.0	0.07693	0.00645	0.0	0.0	0.00079	0.70252	0.0	0.00575	0.0	0.1736	10.37036	0.03044	0.0	0.0	0.0	0.0	0.0	0.0	0.0	0.02035	0.0	0.0	0.0	0.0	1.73809	0.0	0.0	0.0	0.00016	0.0018	0.0	0.0	0.07105	0.01569	0.0179	0.0	0.0	0.0	0.0	0.0	0.01504	0.00342	0.00802	0.00285	0.0225	0.11062	0.0	0.0	0.0	0.0	0.0	0.0	0.0	0.0	0.0	0.0	0.30698	2.39629	0.0	0.0	0.00115	0.0	0.0	0.00098	0.05022	0.0	0.0	0.0	0.0	0.00754	0.0	0.05958	0.0	0.0	0.0	0.0	0.0	0.0	0.00014	0.0	0.0	0.12426	0.01741	0.0	0.0	0.0	0.0	0.0	0.0	0.00535	0.00331	0.0	0.0	2.26983	0.0	0.0	0.0	0.0	0.68811	0.0	0.0	0.0	0.0	0.0	0.0	0.00182	0.0	0.0	0.0	0.0	0.0	0.0	0.0	0.0	0.0	0.0	0.0	0.0	0.00018	0.0	0.0	0.0	0.05903	0.0	0.0	0.08332	0.0	0.0	0.0	0.0	0.0	0.05397	0.0	0.0	0.0	0.0	0.0	0.0	0.0	0.0	0.0	0.0	0.0	0.0	0.12363	0.0	0.0	0.0	0.0	0.0	0.0	0.64923	0.0	0.0	0.0	0.00207	0.0	0.0	0.0	0.03673	0.0	0.0	0.0	0.0	0.03157	0.0	0.0	0.0	0.03303	0.0	0.0	0.0	0.02231	2.41308	0.01667	0.0	4.21378	0.06503	0.0	0.0	0.0	0.0	0.0	0.00683	2.42525	0.59647	0.0	0.0	0.0	0.0	0.0	0.0	0.64703	0.0	0.0	0.0	0.0	0.0	0.0118	0.0	0.0	0.0	0.0	0.0	0.01568	0.0	0.07046	22.437	0.0	0.0	0.0	0.0	0.09006	1.69411	0.0	0.10208	0.03546	0.0	0.0	0.0	0.0	0.0	0.0	0.12065
SRR13327539	0.0	0.0	0.0	0.0	0.0	0.01675	0.0	0.0	1.46221	0.0	0.0	0.0	0.0	0.0	0.0	0.0	0.0	0.0	0.0	0.0	0.0	0.95823	0.0	0.0	0.0	0.0	0.0	0.0	6.25734	0.0108	0.00539	0.0	0.0	0.00146	0.0	0.0	0.0	0.90912	0.0	0.0	0.0	0.0	0.0	23.58162	0.0	0.0	0.0	12.85194	0.0	0.0	0.0	0.0	0.0	0.0	0.0	0.0	0.0	0.0	0.0	0.0	0.0	0.0	0.0	0.0	0.0	0.0	0.0	0.0	0.0	0.0	0.0	0.0	0.01386	0.0	0.0	0.0	0.0	0.0	2.75145	0.0	0.0	0.0	4e-05	0.0	0.49653	0.00374	0.0	0.0	0.0	0.0	0.0	0.0	0.10269	0.0	0.0	0.0	0.00112	1.94898	0.0	0.0	0.0	0.0	0.77587	0.03498	0.0	0.0	0.0	0.00138	0.15445	0.03394	0.0	0.0	0.06106	0.0	0.08441	0.0	0.0	0.0	21.20066	0.03635	0.0	0.0	0.0	0.0	0.0	0.0	0.0	0.17584	0.0	0.0	0.0	0.0	11.82497	0.0	0.0	0.0	0.0	0.04171	0.01579	0.0	0.0	0.03363	0.0	0.0	0.0	0.0	0.03337	0.0	0.06633	0.0	0.0	0.0	0.0407	0.0	0.0	0.0	0.0	0.0	0.0	0.15266	0.00665	0.0	0.0	0.0	0.1732	3.88789	0.0	0.14606	0.0	0.0	0.0	0.0	0.0	0.0	0.0	0.0	0.0	0.0	0.0	0.0	0.0	0.0	0.02161	0.0	0.0	0.0	0.0	0.0	0.0	0.0	0.0	0.0	0.0	0.0	0.0	0.0	0.0	0.0	0.0	0.0	0.0	2.31233	0.0	0.59451	0.0	0.00298	0.0	0.1301	0.0	0.0	0.0	0.0	0.0	0.00011	0.0	0.0	0.0	0.0	0.0	0.0	0.0	0.0	0.0	0.0	0.0	0.0	0.0	0.0	0.00032	0.0	0.0	0.0	0.0	0.02304	0.0	0.0	0.0	0.0	0.0	0.0	0.0	0.0	0.0	0.0	0.0	0.0	0.0	0.0	0.0	0.0	4e-05	0.38531	1.03915	0.0	0.0	0.0	0.0	0.0	0.0	0.0	0.0	0.0	0.0	0.0	0.0	0.0	0.0	0.0	0.0	0.0	0.0	0.0	0.0	0.0	0.0	0.0	0.0	0.0	0.0	0.0	0.08605	0.59145	0.00173	0.0	0.0	0.13985	0.0	0.0	0.0	0.0	0.0	0.04482	0.0	0.0	0.0	0.0	0.0	0.0	0.0	0.0	1.76425	0.0	0.0	0.0	0.0	0.0	0.63421	0.0	0.0	0.0	0.0	0.0	0.0	0.0	0.36989	1.01235	0.0	0.0	0.0	0.0	0.00301	0.48264	0.0	0.0	0.0	0.00507	0.0	0.0	0.0	0.0	0.0	0.0
SRR13327540	0.0	0.05802	0.0	0.0	0.00035	0.0079	0.12441	0.0	0.53192	0.0	0.0	1.71104	0.0	0.55731	0.0	0.0	0.0	0.0	0.0	0.0	0.0	0.0	0.0	0.0	0.0139	0.0	0.03962	0.0	5.45332	0.0	0.11903	0.03662	0.0	0.0	0.0	0.0	0.0	0.97209	0.0	0.0	0.0	0.0	0.0599	12.12616	0.06847	0.03306	0.0	18.87811	0.0	0.0	0.0	0.0	0.0	0.00798	0.0	0.0	0.0	0.0	0.0	0.0	0.0	0.0	0.0	0.01092	0.0	0.0	0.0	0.0	0.0	0.0	0.01722	0.0	0.0	0.0	0.0	0.63992	0.0	0.0	0.01782	0.0	0.0	0.0	0.06092	0.0	0.0	0.0	0.0	0.0	0.01046	0.0	0.0	0.0	0.0	0.0	0.0	0.0	0.0	0.0	0.0	0.0	0.0	0.327	0.38668	0.03486	0.0	0.59077	0.0	0.0	0.31705	0.05488	0.0	0.0	0.01236	0.84433	0.77902	0.11824	0.0	0.45526	3.91169	0.99557	0.0	0.0	0.0	0.0	0.0	0.0	0.0	0.05959	0.0	0.0	0.0	0.00063	1.15111	0.0	0.0	0.0	0.0	0.0021	0.0	0.0	0.18214	0.0	0.05211	0.0	0.0	0.0	0.05199	0.0	0.06658	0.34611	0.00753	0.0	0.10257	0.11054	0.04693	0.0	0.0	0.0	0.0	0.00196	0.0	0.0	0.0	0.0	0.98306	3.15845	0.04147	0.01953	0.0	0.0	0.0	0.01405	0.05043	0.0	0.0	0.0	0.0	0.05075	0.0	0.22449	0.0	0.0	0.0	0.0	0.0	0.0	0.0	0.0	0.0	8e-05	0.00209	0.0	0.0	0.0	0.0	0.0	0.0	0.10904	0.0	0.01106	0.0	0.59788	0.0	0.45866	0.0	0.0	0.0	0.0	0.0	0.0	0.0	0.0	0.0	0.00345	0.0	0.0	0.0	0.0	0.0	0.00543	0.0	0.0	0.0	0.00939	0.0	0.0	0.00904	0.0	0.0	0.0	0.06763	0.0	0.0	0.03866	0.0	0.0	0.0	0.0	0.0	0.02892	0.0	0.0	0.0	0.0	0.0	0.0	0.0	0.0	0.0	0.0	0.0	1.1232	0.18281	0.0	0.0	0.0	0.0	0.0	0.0	0.0	0.0	0.0	0.0	0.00017	0.0	0.0	0.0	0.06468	0.0	0.0	9.49214	0.0	0.0	0.0	0.0	0.0	0.0	0.0	0.0	0.0	0.06363	0.61628	0.0	0.0	4.90366	0.16349	0.0	0.0	0.0	0.0	0.0	0.00185	0.0	2.80829	0.0	0.0	0.85177	0.0	0.0	0.0	0.63154	0.0	0.0	0.0	0.0	0.0	0.14083	0.0	0.0	0.0	0.0	0.0	0.07165	0.0	0.07744	19.23974	0.0	0.0	0.0	0.0	0.0	0.36896	0.0	0.65944	0.04027	0.0008	0.0	0.0	0.0	0.0	0.0	0.04771
SRR13327541	0.01159	0.0	0.0	0.0	0.00201	0.05538	0.0	0.0	0.80201	0.0	0.0	0.0	0.0	0.75776	0.0	0.0	0.0	0.0	0.0	0.0	0.0	1.19172	0.0	0.0	0.00022	0.0	0.00318	0.0	2.55981	0.17233	0.00085	0.0	0.0	0.00029	0.0	0.0	0.0	1.40305	0.0	0.0	0.0	0.0	0.0	3.86093	0.09816	0.0	0.0	9.5412	0.0	0.0	0.0	0.0	0.0	0.0	0.0	0.0	0.0	0.0	0.0	0.0	0.0	0.0	0.0	0.0	0.0	0.0	0.0	0.0	0.0	0.0	0.00934	0.0	0.0	0.0	0.0	0.87538	0.0	0.0	4.67877	0.0	0.0	0.0	0.0	0.0	0.0	0.06634	0.0	0.0	0.0	0.0	0.0	0.0	0.36802	0.0	0.0	0.0	0.0	0.0	0.0	0.0	0.0	0.1683	0.40195	0.03993	0.0	0.0	0.0	0.30791	0.13516	0.0	0.0	0.0	2.28152	0.59736	0.3506	0.0	0.0	0.0	9.62971	0.04048	0.0	0.0	0.0	0.0	0.0	0.0	0.0	0.40586	0.0	0.0	0.0	0.0	8.64147	0.01464	0.0	0.0	0.0	0.00424	0.0	0.0	0.1003	0.02692	0.0	0.06442	0.0	0.0	0.0	0.0	0.01421	0.0	0.0	0.0	0.04172	0.0	0.0	0.0	0.0	0.0	0.0	0.02131	0.0	0.0	0.0	0.0	0.24362	2.91609	0.0	0.3878	0.03465	0.0	0.0	0.0	0.01648	0.0	0.0	0.0	0.0	0.03138	0.0	0.1633	0.0	0.0	0.0	0.0	0.0	0.0	0.0	0.0	0.0	0.0	0.0	0.00419	0.0	0.0	0.0	0.0	0.0	0.0	0.0067	0.0	0.0	3.30609	2.46662	0.0	0.0	0.0	0.0	0.0	0.0	0.0	0.0	0.0	0.0	0.00449	0.0	0.0	0.0	0.0	0.0	0.0	0.0	0.0	0.0	0.0	0.0	0.0	0.0	0.0	0.0	0.0	0.07133	0.0	0.0	0.42236	0.0	0.0	0.0	0.0	0.0	0.0	0.0	0.0	0.0	0.0	0.0	0.0	0.0	0.0	0.0	0.0	0.0	1.20447	1.6676	0.0	0.0	0.0	0.0	0.0	0.0	0.0	0.0	0.0	0.0	0.0	0.0	0.0	0.0	0.29481	0.0	0.0	0.0	0.0	0.0	0.0	0.0	0.0	0.0	0.0	0.0	0.0	0.08864	5.33201	0.02366	0.0	0.18749	0.22581	0.0	0.0	0.0	0.0	0.0	0.03815	13.44892	0.98034	0.0	0.0	0.0	0.0	0.00361	0.0	2.96746	0.0	0.51044	0.0	0.0	0.0	0.37992	0.0	0.0	0.0	0.0	0.0	0.00648	0.0	0.84134	11.66894	0.0	0.0	0.0	0.0	0.00049	0.0	0.0	0.30799	0.0	0.0	0.0	0.0	0.0	0.0	0.0	0.0
SRR13327542	0.0	0.0	0.0	0.0	0.0	0.01424	0.0	0.0	1.59883	0.0	0.0	0.0	0.0	0.0	0.0	0.0	0.0	0.0	0.0	0.0	0.0	1.15487	0.0	0.0	0.0	0.0	0.0	0.0	7.87496	0.01511	0.01072	0.0	0.0	0.0	0.0	0.0	0.0	1.32561	0.0	0.0	0.0	0.0	0.0	20.04859	0.0	0.0	0.0	13.00673	0.0	0.0	0.0	0.0	0.0	0.0	0.0	0.0	0.0	0.0	0.0	0.0	0.0	0.0	0.0	0.0	0.0	0.0	0.0	0.0	0.0	0.0	0.0	0.0	0.0242	0.0	0.0	0.0	0.0	0.0	2.2571	0.0	0.0	0.0	0.00124	0.0	0.48175	0.00363	0.0	0.0	0.0	0.0	0.0	0.0	0.10747	0.0	0.0	0.0	0.00134	1.83009	0.0	0.0	0.0	0.0	0.72742	0.03866	0.0	0.0	0.0	0.00466	0.16257	0.03473	0.0	0.0	0.11103	0.0	0.08598	0.0	0.0	0.0	20.92699	0.03907	0.0	0.0	0.0	0.0	0.0	0.0	0.0	0.22617	0.0	0.0	0.0	0.0	10.90093	0.0	0.0	0.0	0.0	0.05562	0.01733	0.0	0.0	0.03083	0.0	0.0	0.0	0.0	0.0491	0.0	0.07991	0.0	0.0	0.0	0.05357	0.0	0.0	0.0	0.0	0.0	0.0	0.21859	0.01264	0.0	0.0	0.0	0.18346	4.26852	0.0	0.1968	0.0	0.0	0.0	0.0	0.0	0.0	0.0	0.0	0.0	0.0	0.0	0.0	0.0	0.0	0.01918	0.0	0.0	0.0	0.0	0.0	0.0	0.0	0.0	0.0	0.0	0.0	0.0	0.0	0.0	0.0	0.0	0.0	0.0	2.1377	0.0	0.62359	0.0	0.00657	0.0	0.24551	0.0	0.0	0.0	0.0	0.0	0.0	0.0	0.0	0.00026	0.0	0.0	0.0	0.0	0.0	0.0	0.0	0.0	0.0	0.0	0.0	0.0	0.0	0.0	0.0	0.0	0.04737	0.0	0.0	0.0	0.0	0.0	0.0	0.0	0.0	0.0	0.0	0.0	0.0	0.0	0.0	0.0	0.0	0.0	0.43172	1.74138	0.0	0.0	0.0	0.0	0.0	0.0	0.0	0.0	0.0	0.0	0.0	0.0	0.0	0.0	0.0	0.0	0.0	0.0	0.0	0.0	0.0	0.0	0.0	0.0	0.0	0.0	0.0	0.09673	0.5964	0.00257	0.0	0.0	0.17313	0.0	0.0	0.0	0.0	0.0	0.03552	0.00102	0.0	0.0	0.0	0.0	0.0	0.0	0.0	1.91165	0.0	0.0	0.0	0.0	0.0	1.00199	0.0	0.0	0.0	0.0	0.0	0.0	0.0	0.41826	1.78829	0.0	0.0	0.0	0.0	0.00353	0.53216	0.0	0.0	0.0	0.0044	0.0	0.0	0.0	0.0	0.0	0.0
SRR13327543	0.0	0.0	0.0	0.0	0.0	0.0	0.04999	0.0	0.31746	0.0	0.0	0.0	0.0	0.11635	0.0	0.00492	0.0	0.0	0.0	0.0	0.0	0.0	0.0	0.0	0.0	0.0	0.00659	0.0	0.70212	0.02526	0.0	0.0	0.0	0.0	0.0	0.0	0.0	1.55285	0.0	0.0	0.0	0.0	0.0	10.11232	0.07352	0.00654	0.0	10.39979	0.0	0.0	0.0	0.0	0.0	0.0	0.01052	0.0	0.0	0.0	1.89052	0.0	0.0	0.0	0.0	0.0	0.0	0.0	0.0	0.0	0.0	0.0	0.0	0.0	0.0	0.00673	0.0	1.86752	0.0	0.0	2.05412	0.0	0.0	0.0	0.0	0.0	0.0	0.0	0.0	0.0	0.0	0.0	0.0	0.12632	0.79338	0.0	0.0	0.0	0.0	0.0	0.0	0.0	0.0	0.15753	0.01871	0.0	0.0	0.0	0.0	0.33067	0.00757	0.0	0.0	0.0	0.25619	0.09801	0.0	0.0	0.0	0.0	25.0288	0.0	0.0	0.0	0.0	0.0	0.0	0.0	0.0	0.11685	0.0	0.0	0.0	0.0	2.84612	0.0	0.0	0.0	0.0	0.00123	0.0	0.0	0.0	0.00465	0.0	0.007	0.0	0.0	0.01879	0.0	0.0	0.0	0.01972	0.0	0.15327	0.04218	0.0	0.0	0.0	0.0	0.0	0.98244	0.0	0.0	0.0	0.0	0.09681	2.0401	0.0	0.0	0.0	0.0	0.0	0.0	0.0	0.0	0.0	0.0	0.0	0.00273	0.0	0.0	0.0	0.0	0.1447	0.0	0.0	0.0	0.0	0.0	0.0	0.0	0.0	0.0	0.0	0.0	0.0	0.0	0.0	0.0	0.0	0.0	0.0	0.18398	0.0	0.0	0.0	0.0	0.4327	0.07512	0.0	0.0	0.79702	0.0	0.0	0.0	0.0	0.0	0.0	0.0	0.0	0.0	0.33047	0.0	0.0	0.0	0.0	0.0	0.0	0.0	0.0	0.0	0.02726	0.0	0.0	0.36893	0.0	0.0	0.0	0.0	0.0	0.21027	0.0	0.0	0.0	0.0	0.0	0.0	0.0	0.0	0.0	0.0	0.0	0.00657	0.0	0.0	0.0	0.0	0.0	0.0	0.0	2.57061	0.0	0.0	0.0	0.0	0.0	0.0	0.0	0.0	0.0	0.0	0.0	0.0	0.05623	0.0	0.0	0.0	0.0	0.0	0.0	0.0	0.38751	12.72427	0.01461	0.0	8.62307	0.01148	0.0	0.0	0.0	0.0	0.0	0.01218	0.0	0.70921	0.0	0.0	0.0	0.0	0.0	0.0	0.43593	0.0	0.0	0.0	0.0	0.0	0.00124	0.0	0.0	0.0	0.0	0.0	0.17562	0.0	0.20499	8.43765	0.0	0.0	0.0	0.0	0.0	0.62336	0.0	0.07518	0.0	0.00334	0.0	0.0	0.0	0.0	0.0	0.01033
SRR13327544	0.0	0.0	0.0	0.0	0.0	0.00675	0.40742	0.0	0.48655	0.0	0.0	0.68861	0.0	0.18424	0.0	0.0	0.0	0.0	0.0	0.0	0.0	0.80966	0.0	0.0	0.01304	0.0	0.01447	0.0	0.8319	0.0	0.00532	0.0	0.0	0.0	0.0	0.0	0.0	2.49973	0.0	0.0	0.0	0.0	0.01653	9.65234	0.05087	0.0	0.0	6.50753	0.0	0.0	0.0	0.0	0.0	0.0	0.0	0.0	0.0	0.0	1.38406	0.0	0.0	0.0	0.0	0.0	0.0	0.0	0.00935	0.0	0.0	0.0	0.00267	0.0	0.0	0.0	0.0	3.1456	0.0	0.0	0.0	0.0	0.0	0.0	0.0043	0.0	0.0	0.0	0.0	0.0	0.0	0.0	0.0	0.0	0.9578	0.0	0.0	0.00503	0.0	1.07277	0.0	0.0	0.0	0.43381	0.16487	0.02416	0.0	0.0108	0.0	0.0	0.1504	0.06348	0.0	0.0	0.0136	0.13303	0.0	0.0	0.0	0.60321	14.71408	0.01617	0.0	0.0	0.0	0.0	0.0	0.0	0.0	0.41387	0.0	0.0	0.0	0.0	2.86508	0.0	0.0	0.0	0.0	0.00262	2.61672	0.0	0.02721	0.00773	0.02326	0.00087	0.0	0.0	0.0369	0.0	0.01646	0.00277	0.0	0.0	0.05596	0.0019	0.0	0.0	0.0	0.0	0.0	0.0	0.0	0.0	0.0	0.0	0.16793	8.29318	0.0	0.52253	0.0	0.0	0.0	0.0	0.00383	0.0	0.0	0.0	0.0	0.0536	0.0	0.1273	0.0	0.0	0.00213	0.0	0.0	0.0	0.0	0.0	0.0	0.00153	0.00031	0.00228	0.0	0.0	0.0	0.0	0.0	0.00165	0.00457	0.0	0.0	2.49401	0.0	0.50738	0.0	0.00056	0.0	0.0	0.0	0.0	0.0	0.0	0.0	0.00333	0.0	0.0	0.0	0.0	0.0	0.03933	0.0	0.0	0.0	0.0125	0.0	0.0	0.0	0.0	0.0	0.0	0.05392	0.0	0.0	0.05525	0.0	0.0	0.0	0.0	0.0	0.05885	0.0	0.0	0.0	0.0	0.0	0.0	0.0	0.0	0.0	0.0	0.0	0.0	2.04665	0.0	0.0	0.0	0.0	0.0	0.0	0.0	0.0	0.0	0.0	0.0	0.0	0.0	0.0	0.0	0.0	0.0	0.0	0.0	0.0	0.0	0.0	0.0	0.0	0.0	0.0	0.0	0.08111	6.41932	0.0	0.0	12.83899	0.19408	0.0	0.0	0.0	0.0	0.0	0.01152	0.0	0.12891	0.0	0.0	0.00065	0.0	0.0	0.00081	0.48133	0.0	0.25151	0.0	0.0	0.0	0.02844	0.0	0.0	0.0	0.0	0.0	0.00072	0.0	0.00931	13.07334	0.0	0.0	0.0	0.0	0.00048	0.0	0.0	0.78779	0.02321	0.03228	0.0	0.0	0.0	0.0	0.0	0.02801
SRR13327545	0.0	0.0	0.0	0.0	0.00052	0.02921	0.34718	0.0	0.0	0.0	0.0	0.00784	0.0	0.52233	0.0	0.0	0.0	0.0	0.0	0.0	0.0	1.22856	0.0	0.0	0.0	0.0	0.0	0.0	4.14192	0.04153	0.0	0.0	0.0	0.0	0.0	0.0	0.0	7.26393	0.0	0.0	0.0	0.0	0.0	6.22339	0.27228	0.0	0.0	10.98053	0.0	0.0	0.0	0.0	0.0	0.0	0.0	0.0	0.0	0.0	0.0	0.0	0.0	0.0	0.0	0.0	0.0	0.0	0.0	0.0	0.0	0.0	0.0	0.0	0.0	0.0	0.0	0.41882	0.0	0.0	0.0	0.0	0.0	0.0	0.03176	0.0	0.0	0.0	0.0	0.0	0.0	0.0	0.0	0.0	0.0	0.0	0.0	0.0	0.0	1.29949	0.0	0.0	0.0	0.0	0.54461	0.21015	0.0	0.0	0.0	0.0	0.38462	0.0	0.0	0.0	0.03672	0.70865	0.0	0.0	0.0	0.0	18.77037	0.07515	0.0	0.0	0.0	0.0	0.0	0.0	0.0	0.66123	0.0	0.0	0.0	0.0	0.0	0.19565	0.0	0.0	0.0	0.00314	0.0	0.0	0.0	0.01719	0.0	0.02228	0.0	0.0	0.13615	0.0	0.05499	0.0	0.0017	0.0	0.09235	0.02882	0.0	0.0	0.0	0.0	0.0	0.00972	0.0	0.0	0.0	0.0	0.56711	3.19202	0.0	0.82209	0.0	0.0	0.0	0.0	0.0	0.0	0.0	0.0	0.0	0.02395	0.0	0.0	0.0	0.0	0.0	0.0	0.0	0.0	0.0	0.0	0.0	0.0	0.0	0.00824	0.0	0.0	0.0	0.0	0.0	0.0	0.07631	0.0	0.0	5.50284	0.0	0.0	0.0	0.0	0.0	0.0	0.0	0.0	0.0	0.0	0.0	0.01229	0.0	0.0	0.0	0.0	0.0	0.0259	0.0	0.0	0.0	0.0857	0.0	0.0	0.16166	0.0	0.0	0.0	0.0	0.0	0.0	0.64758	0.0	0.0	0.0	0.0	0.0	0.85355	0.0	0.0	0.0	0.0	0.0	0.0	0.0	0.0	0.0	0.0	0.00127	0.73156	9.79828	0.0	0.0	0.0	0.0	0.0	0.0	0.0	0.0	0.00654	0.0	0.0	0.0	0.0	0.0	0.04013	0.0	0.0	0.0	0.0	0.0	0.0	0.0	0.0	0.08873	0.0	0.0	0.0	0.05563	10.23977	0.00193	0.0	0.0	0.20572	0.0	0.0	0.0	0.0	0.00062	0.00566	0.0	1.15651	0.0	0.0	2.70416	0.0	0.0	0.0	1.60613	0.0	0.0	0.0	0.0	0.0	0.88479	0.0	0.0	0.0	0.0	0.0	0.0	0.0	0.00456	5.52965	0.0	0.0	0.0	0.0	0.06753	0.0	0.0	0.12882	0.0	0.0	0.0	0.0	0.0	0.0	0.0	0.0
SRR13327546	0.0	0.0	0.0	0.0	0.0	0.09034	0.01924	0.0	0.84201	0.0	0.0	0.0	0.0	0.0	0.0	0.0	0.0	0.0	0.0	0.0	0.0	0.0	0.0	0.0	0.0	0.0	0.0	0.0	4.20658	0.0	0.0	0.0	0.0	0.0	0.0	0.0	0.0	1.202	0.0	0.0	0.0	0.0	0.0	16.40603	0.0	0.0	0.0	28.85989	0.0	0.0	0.0	0.0	0.0	0.0	0.0	0.0	0.0	0.0	0.0	0.0	0.0	0.0	0.0	0.0	0.0	0.0	0.0	0.0	0.0	0.0	0.0	0.0	0.0	0.0	0.0	0.97166	0.0	0.0	0.0	0.0	0.0	0.0	0.0	0.0	0.0	0.0	0.0	0.0	0.0	0.0	0.0	0.0	0.0	0.0	0.0	0.0	0.0	0.0	0.0	0.0	0.0	0.0	0.43005	0.0	0.0	0.0	0.0	0.0	0.09631	0.0	0.0	0.0	0.10983	0.52308	0.0	0.0	0.0	0.72088	9.46578	0.0	0.0	0.0	0.0	0.0	0.0	0.0	0.0	0.09189	0.0	0.0	0.0	0.0	0.0	0.10132	0.0	0.0	0.0	0.0	3.813	0.0	0.0	0.01291	0.0	0.5377	0.0	0.0	0.0	0.0	0.0	0.0	0.0	0.0	0.0	0.0	0.0	0.0	0.0	0.0	0.0	0.0	0.0	0.0	0.0	0.01586	0.19178	0.82771	0.0	0.0	0.0	0.0	0.0	0.0	0.0	0.0	0.0	0.0	0.0	0.0	0.0	0.0	0.0	0.0	0.0	0.0	0.0	0.0	0.0	0.0	0.0	0.0	0.0	0.0	0.0	0.0	0.0	0.0	0.0	0.0	0.0	0.0	0.0	4.53399	0.0	0.00103	0.0	0.0	0.0	0.0	0.0	0.0	0.0	0.0	0.0	0.01159	0.0	0.0	0.0	0.0	0.0	0.0	0.0	0.0	0.0	0.00061	0.0	0.0	0.0	0.0	0.0	0.0	0.0	0.0	0.0	0.18561	0.0	0.0	0.0	0.0	0.0	0.0	0.0	0.0	0.0	0.0	0.0	0.0	0.0	0.0	0.0	0.0	0.0	0.1585	1.06878	0.0	0.0	0.0	0.0	0.0	0.0	0.0	0.0	0.0	0.0	0.0	0.0	0.0	0.0	0.0	0.0	0.0	0.0	0.0	0.0	0.0	0.0	0.0	0.0	0.0	0.0	0.0	0.0	8.84459	0.02844	0.0	0.47371	0.00275	0.0	0.0	0.0	0.0	0.0	0.55181	0.0	0.93286	0.0	0.0	0.0	0.0	0.00349	0.0	3.20508	0.0	0.12156	0.0	0.0	0.0	0.0	0.0	0.0	0.0	0.0	0.0	0.0	0.0	1.82737	4.33081	0.0	0.0	0.0	0.0	0.67074	0.00397	0.0	3.50684	0.0	0.0	0.0	0.0	0.0	0.0	0.0	0.0
SRR13327547	0.0007	0.0	0.0	0.0	0.0	0.06914	0.20716	0.0	0.11516	0.0	0.0	0.26989	0.0	0.40519	0.0	0.0	0.0	0.0	0.00018	0.0	0.0	1.60576	0.00911	0.0	0.03966	0.0	0.00801	0.0	1.76075	0.00757	0.00946	0.0	0.0076	0.0	0.00109	0.0	0.0	0.43527	0.0	0.0	0.0	0.0	0.0	22.8261	0.03982	0.03146	0.0	14.99373	0.0	0.0	0.0	0.0	0.0	0.0	0.0	0.0	0.0	0.0	1.68273	0.0	0.0	0.00057	0.0	0.0	0.0	0.0	0.0	0.0	0.0	0.0	0.01579	0.0	0.0	0.0	0.0	0.33438	0.0	0.0	2.96225	0.0	0.0	0.0	0.01679	0.0	0.46393	0.0018	0.0	0.0	0.00437	0.0	0.0	0.08701	0.0	0.0	0.0	0.0	0.0	1.79342	0.0	0.0	0.0	0.26898	0.09509	0.02773	0.0	0.12546	0.0	0.0	0.19108	0.00374	0.0	0.0	0.00507	0.87399	0.52489	0.00205	0.0	0.22387	3.01929	0.07849	0.0	0.0	0.0	0.0	0.00152	0.0	0.00335	0.03952	0.0	0.20595	0.0	0.0	4.81395	0.0	0.0	0.0	0.0	0.0082	0.43823	0.0	0.04396	0.00316	0.0	0.0	0.0	2.47554	0.02271	0.0	0.24942	0.0	0.03518	0.0	0.07103	0.00827	0.0	0.0	0.28416	0.0	0.0	0.0	0.0	0.0	0.0	0.0	0.0434	0.82187	0.0	0.03069	0.0	0.0	0.0	0.0	0.02336	0.00055	0.0	0.0	0.0	0.01604	0.0	0.41722	0.0	0.0	0.00015	0.0	0.0	0.0	0.03605	0.0	0.0	0.0025	0.0	0.0	0.0	0.0	0.0	0.0	0.0	0.01116	0.25117	0.00486	0.0	2.34738	0.0	0.0	0.0	0.0	0.00952	0.0	0.0	0.0	0.0	0.0	0.0	0.02626	0.0	0.0	0.0	0.0	0.0	0.0	0.0	0.0	0.0	0.02491	0.0	0.0	0.02748	0.0	0.00392	0.0	0.07347	0.0	0.0	0.03125	0.0	0.0	0.0	0.0	0.0	0.0	0.0	0.0	0.0	0.00222	0.0	0.0	0.0	0.0	0.0	0.0099	0.0	1.43395	0.38827	0.0	0.0	0.0	0.0	0.0	0.0	1.16488	0.0	0.00171	0.0	0.00166	0.0	0.0	0.0	0.00096	0.0	0.0	0.0	0.0	0.00135	0.0	0.0	0.0	0.03818	0.0	0.0	0.0	0.14037	0.78883	0.0011	0.0	15.00678	0.14534	0.0	0.0	0.0	0.0	0.0	0.02931	0.0	0.06914	0.0	0.0	0.84821	0.0	0.00645	0.00349	2.37997	0.0	0.04898	0.0	0.0	0.0	0.14617	0.0	0.0	0.0	0.0	0.0	0.01607	0.0	0.99579	5.11815	0.0	0.0	0.0	0.0	0.0	2.379	0.0	0.03519	0.03573	0.00019	0.09148	0.0	0.0	0.0	0.0	0.11818
SRR13327548	0.0	0.0	0.0	0.0	0.0	0.25714	0.0	0.0	0.0	0.0	0.0	0.94214	0.0	0.0	0.0	0.0	0.0	0.0	0.0	0.0	0.0	1.00575	0.00071	0.0	0.0	0.0	0.00318	0.0	3.128	0.03592	0.00561	0.0	0.0	0.0003	0.0	0.0	0.0	0.52207	0.0	0.0	0.0	0.0	0.02488	45.3632	0.05771	0.063	0.0	11.60824	0.0	0.0	0.0	0.0	0.0	0.00199	0.0	0.0	0.0	0.0	0.0	0.0	0.0	0.00019	0.0	0.0	0.0	0.0	0.0	0.0	0.0	0.0	0.04141	0.0	0.00063	0.0	0.0	0.1088	0.0	0.0	0.0	0.0	0.0	0.0	0.11274	0.0	0.0	0.0027	0.0	0.0	0.01017	0.0	0.0	0.08557	0.26982	0.0	0.0	0.0	0.0	0.0	0.0	0.0	0.0	0.14652	1.79954	0.30913	0.0	0.0	0.0	0.00629	0.5704	0.02153	0.0	0.0	0.18668	0.78757	0.0	0.0353	0.0	0.0	1.90999	0.06824	0.0	0.0	0.0	0.0	0.0	0.0	0.0	0.16941	0.0	0.0	0.0	0.0	0.0	0.0	0.0	0.0	0.0	0.0	0.0	0.0	0.17144	0.00679	0.0	0.0	0.0	0.0	0.00332	0.0	0.05158	0.0	0.0	0.0	0.14984	0.0	0.0	0.0	0.0	0.0	0.0	0.00201	0.0	0.0	0.0	0.0	1.26118	0.33883	0.0	0.0	0.0	0.0	0.0	0.00515	0.14091	0.00031	0.0	0.0	0.0	0.02337	0.0	0.0	0.0	0.0	0.0	0.0	0.0	0.0	0.0	0.02316	0.0	0.25908	0.0	0.0	0.0	0.0	0.0	0.0	0.0	0.0	0.20584	0.0	0.0	3.34498	0.0	0.01332	0.0	0.0	0.0	0.0	0.0	0.0	0.0	0.0	0.00525	0.05972	0.0	0.0	0.0	0.0	0.0	0.0	0.0	0.0	0.0	0.00823	0.0	0.0	0.0	0.0	0.00442	0.0	0.0	0.0	0.0	0.044	0.0	0.0	0.0	0.0	0.0	0.0	0.0	0.0	0.00088	0.00514	0.0	0.0	0.0	0.0	0.0	0.0002	0.00282	0.68732	0.0	0.0	0.0	0.0	0.0	0.0	0.0	0.00104	0.0	0.0	0.0	0.00304	0.0	0.0	0.0	0.0	0.0	0.0	0.0	0.0	0.0	0.0	0.0	0.0	0.0	0.0	0.0	0.0	0.0615	1.13142	0.0	0.0	7.47703	0.34501	0.0	0.0	0.0	0.0	0.0	0.14563	0.0	3.37395	0.0	0.0	0.0	0.0	0.00516	0.0	1.65399	0.0	0.0	0.0	0.0	0.0	0.47515	0.0	0.0	0.0	0.0	0.0	0.04496	0.0	0.00812	8.71724	0.0	0.0	0.0	0.0	0.0155	0.0	0.0	0.05969	0.0	0.0	0.0	0.0	0.0	0.0	0.0	0.0
SRR13327549	0.04248	0.0	0.0	0.0	0.01062	0.03386	0.0	0.0	0.66428	0.0	0.0	0.0	0.0	0.0	0.14785	0.0	0.0	0.0	0.0	0.0	0.0	2.57566	0.0	0.0	0.0	0.0	0.0	0.0	5.75737	0.00464	0.0	0.0	0.0	0.01181	0.0	0.0	0.0	0.33569	0.0	0.0	0.0	0.0	0.0	21.76883	0.0	0.0	0.0	13.85134	0.0	0.0	0.0	0.0	0.0	0.0	0.0	0.0	0.0	0.0	0.0	0.0	0.0	0.0	0.0	0.0	0.0	0.0	0.0	0.0	0.0	0.0	0.0	0.0	0.0	0.0	0.0	1.94192	0.0	0.0	1.95208	0.0	0.0	0.0	0.01126	0.0	0.0	0.00169	0.0	0.0	0.0	0.0	0.0	0.0	0.00404	0.0	0.0	0.0	0.0	2.61662	0.0	0.0	0.0	0.01529	0.10346	0.0	0.0	0.0	0.0	0.36122	0.02589	0.0016	0.0	0.0	0.03836	0.11452	0.0	0.0	0.00106	1.80725	2.50542	0.0	0.0	2.65535	0.0	0.0	0.0	0.0	0.0	0.07925	0.0	0.0	0.0	0.0	13.52134	0.0	0.0	0.0	0.0	0.01372	3.30712	0.0	0.0	0.07646	0.0	0.00052	0.0	0.0	0.0	0.0	0.00039	0.0	0.0	0.0	1.11097	0.0	0.0	0.0	0.0	0.0	0.0	0.27991	0.0	0.0	0.0	0.0	0.03481	3.23996	0.0	0.94014	0.0	0.0	0.00448	0.0	0.0	0.00298	0.0	0.0	0.0	0.0	0.0	0.0	0.0	0.0	0.0	0.0	0.00026	0.0	0.0	0.0	0.0	0.0	0.0	0.0	0.0	0.0	0.0	0.0	0.0	0.0	0.0	0.0	0.0	6.08865	0.0	0.00588	0.0	0.0	0.0	0.0	0.0	0.0	0.0	0.0	0.0	0.02038	0.0	0.0	0.0	0.0	0.0	0.0	0.0	0.0	0.0	0.0	0.0	0.0	0.0	0.0	0.0	0.0	0.0	0.0	0.0	0.0	0.0	0.0	0.0	0.0	0.0	0.26496	0.0	0.0	0.0	0.00078	0.0	0.0	0.0	0.0	0.0	0.0	0.0	0.0	0.4125	0.0	0.0	0.0	0.0	0.0	0.0	0.0	0.0	0.0	0.0	0.0	0.0	0.0	0.0	0.0	0.0	0.0	0.0	0.0	0.0	0.0	0.0	0.0	0.0	0.0	0.0	0.0	0.03904	0.82417	0.00125	0.0	0.10622	0.00192	0.0	0.0	0.0	0.0	0.0	0.09293	0.0	0.08764	0.0	0.0	0.0	0.0	0.00289	0.00254	8.85938	0.0	0.0	0.0	0.0	0.0	0.07666	0.0	0.0	0.0	0.0	0.0	0.0168	0.0	0.01785	0.45899	0.0	0.0	0.0	0.0	0.64481	0.0	0.0	0.0	0.0	0.0	0.0	0.0	0.0	0.0	0.0	0.0
SRR13327550	0.0	0.84323	0.0	0.0	0.02917	0.21209	0.0	0.0	0.0	0.0	0.0	0.0	0.0	0.0	0.0	0.0	0.0	0.0	0.0	0.0	0.0	0.0	0.0	0.0	0.00797	0.0	0.00026	0.0	0.74466	0.00799	0.02007	0.0	0.0	0.0	0.0	0.0	0.0	0.88601	0.0	0.0	0.0	0.0	0.0	61.49753	0.04959	0.08637	0.0	6.188	0.0	0.0	0.0	0.0	0.0	0.00414	0.0	0.0	0.0	0.0	0.0	0.0	0.0	0.0	0.0	0.0	0.0	0.0	0.0	0.0	0.0	0.0	0.0	0.0	0.00028	0.0	0.0	0.02817	0.0	0.0	0.0	0.0	0.0	0.0	0.02756	0.0	0.29256	0.00246	0.0	0.0	0.0	0.0	0.0	0.0	0.15943	0.0	0.0	0.0	0.0	0.30209	0.0	0.0	0.00157	0.0	1.41552	0.32594	0.0	0.0	0.0	0.0	0.1088	0.04471	0.0	0.0	0.25746	0.68259	0.0	0.0	0.0	0.0	0.10601	0.03935	0.0	0.0	0.0	0.0	0.0	0.0	0.0	0.07116	0.0	0.0	0.0001	0.0	0.0	0.00107	0.0	0.0	0.0	0.01359	0.0	0.0	0.0	0.00354	0.0	0.0	0.0	0.0	0.0	0.0	0.21352	0.00667	0.00256	0.0	0.16785	0.0	0.0	0.0	0.0	0.0	0.0	0.0	0.0	0.0	0.0	0.0	0.31168	0.2233	0.0	0.01012	0.00048	0.0	0.26941	0.13587	0.04581	0.0	0.0	0.0	0.0	0.0	0.0	0.0	0.0	0.0	0.03343	0.0	0.0	0.0	0.0	0.00142	0.31002	1.28748	0.0	0.0	0.0	6e-05	0.0	0.0	0.0	0.0	0.01397	0.00346	0.0	0.92506	0.0	0.0	0.0	0.0	0.2903	0.08325	0.0	0.0	0.0	0.0	0.0	0.01473	0.0	0.0	0.0	0.0	0.0	0.0	0.0	0.0	0.0	0.0	0.0	0.0	0.0	0.0	0.0	0.0	0.0	0.0	0.0	0.25842	0.0	0.0	0.0	0.0	0.0	0.0	0.0	0.0	0.00036	0.00297	0.00043	0.0	0.0	0.0	0.0	0.0	0.00141	0.0	0.0	0.0	0.0	0.0	0.00063	0.0	0.0	0.0	0.0	0.0	0.0	0.0	0.0	0.0	0.0	0.00276	0.0	0.0	0.0	0.0	0.0	0.0	0.0	0.0	0.0	0.0	0.00051	0.0	0.11603	0.52944	0.0	0.0	10.71875	0.13282	0.0	0.0	0.0	0.0	0.0	0.0343	0.0	0.95676	0.0	0.0	0.00317	0.00303	0.00016	0.00422	1.19838	0.0	0.0	0.0	0.00214	0.0	1.36824	0.0	0.0	0.0	0.0	0.0	0.04788	0.0	1.25738	3.55763	0.0	0.0	5e-05	0.0	0.0	0.7996	0.0	0.0	0.0	0.03814	0.0	0.0	0.0	0.0	0.0	0.15291
SRR26718061	0.0	0.0	0.0	0.0	0.0	0.0	0.0	0.0	0.0	0.0	0.0	0.0	0.0	0.0	0.0	0.0	0.0	0.0	0.0	0.0	0.0	0.0	0.0	0.0	0.00081	0.0	0.03668	0.0	1.36859	0.09627	0.74555	0.0	0.0	0.0	0.0	0.0	0.0	26.93214	0.0	0.00331	0.0	0.0	0.0	6.68176	0.0	0.0125	0.0	1.20863	0.0	0.0	0.0	0.0	0.0	0.0	0.0	0.0	0.0	0.0	0.89476	0.0	0.0	0.0	0.0	0.0	0.0	0.0	0.0	0.0	0.0	0.0	0.0	0.0	0.0	0.0	0.0	0.34354	0.0	0.0	0.06746	0.0	0.0	0.0	0.0	0.0	0.0	0.0	0.0	0.0	0.0	0.0	0.0	0.0	0.31141	0.0	0.0	0.0	0.0	0.0	0.0	0.0	0.0	0.9416	0.09129	0.0387	0.0	0.0	0.0	0.0	0.69912	0.0	0.0	0.0	0.74543	0.22063	0.05685	0.0	0.0	0.0	6.41498	0.00707	0.0	0.0	0.0	0.0	0.0	0.0	0.0	2.38475	0.0	0.0	0.0	0.06527	2.07423	0.0	0.0	0.0	0.0	0.0	0.0	0.0	0.0	0.0	0.0	0.01505	0.0	0.0	0.0	0.0	0.93192	0.0	0.0	0.0	0.00942	0.45527	0.0	0.0	0.0	0.0	0.0	0.0	0.0	0.0	0.0	0.0	0.35059	0.0	0.0	0.21572	0.0	0.0	0.0	0.0	0.12545	0.00983	0.0	0.0	0.0	0.0	0.0	0.01044	0.0	0.0	0.0	0.0	0.0	0.0	0.0	0.0	0.0	0.0	0.0	0.00181	0.0	0.0	0.0	0.0	0.0	0.0	0.09609	0.0	0.0	0.93658	0.0	0.0	0.0	0.05032	0.0	0.0	0.0	0.0	0.0	0.0	0.0	0.0	0.0	0.0	0.0	0.0	0.0	0.00668	0.0	0.0	0.0	0.0	0.0	0.0	0.0	0.0	0.0	0.0	1.54087	0.0	0.0	0.0	0.0	0.0	0.0	0.0	0.0	3.24216	0.0	0.0	0.0	0.0	0.0	0.0	0.0	0.0	0.0	0.0	0.0	0.0	25.44639	0.0	0.0	0.0	0.0	0.0	0.0	0.00126	0.0	0.0	0.0	0.0	0.0	0.0	0.0	0.12011	0.0	0.0	0.0	0.0	0.0	0.0	0.0	0.0	0.0	0.0	0.0	0.0	0.0	1.89473	0.0	0.0	5.0368	0.70345	0.0	0.04478	0.0	0.0	0.0	0.0	0.0	0.26481	0.0	0.0	0.0	0.0	0.0	0.0	0.08626	0.0	0.0	0.0	0.0	0.0	0.38709	0.0	0.0	0.0	0.0	0.0	0.0	0.0	0.85355	4.71582	0.0	0.0	0.0	0.0	0.00299	0.0	0.0	0.0	0.0	0.0	0.0	0.0	0.0	0.0	0.0	0.00044
SRR26718062	0.0	0.0	0.0	0.0	0.0	0.0	0.0	0.0	0.33935	0.00094	0.0	0.03043	0.0	0.40945	0.02031	0.0	0.0	0.0	0.0	0.03914	0.0	0.04075	0.0	0.0	0.0	0.0	0.0	0.0	0.17329	0.01854	0.0	0.0	0.0	0.0	0.0	0.0	0.0	20.88113	0.0	0.0	0.0	0.0	0.0	1.05522	0.72145	0.0	0.0	0.7734	0.0	0.0	0.0	0.0	0.0	0.0	0.0	0.0	0.00205	0.0	0.38774	0.0	0.0	0.0	0.0	0.0	0.0	0.0	0.0	0.0	0.0	0.0	0.0	0.0	0.0	0.0	0.0	0.56854	0.0	0.0	0.11981	0.0	0.0	0.0	0.0	0.0	0.06938	0.0	0.0	0.0	0.0	0.0	0.0	0.04294	0.08484	0.0	0.0	0.0	0.0	0.05518	0.0	0.0	0.0	0.1769	0.0	0.0	0.0	0.0	0.0	0.00364	0.01474	0.0	0.0	0.0	0.16835	0.04408	0.0	0.0	0.0	0.30065	1.78177	0.22543	0.0	0.0	0.0	0.0	0.0	0.0	0.0	0.38069	0.0	0.0	0.0	0.0	0.35848	0.0	0.0	0.0	0.0	0.0	0.39706	0.0	0.0	0.0	0.0	0.0365	0.0	0.0	0.06729	0.0	0.00256	0.0	0.0	0.0	0.00842	0.0	0.0	0.0	0.18704	0.0	0.0	0.07957	0.0	0.0	0.0	0.0	0.02911	3.8626	0.0	0.83537	0.0	0.0	0.0	0.0	0.0	0.0	0.0	0.0	0.0	0.03764	0.0	0.0	0.0	0.0	0.0	0.0	0.0	0.0	0.0	0.0	0.0	0.0	0.0	0.0	0.0	0.0	0.0	0.0	0.0	0.0	0.0	0.0	0.0	0.35989	0.0	0.20245	0.0	0.23147	0.0	1.41039	0.0	0.0	0.0	0.0	0.0	0.0	0.0	0.0	0.0	0.0	0.0	0.0	0.0	0.0	0.0	0.0	0.0	0.0	0.0	0.01172	0.0	0.0	0.00991	0.0	0.0	1.37618	0.0	0.0	0.0	0.0	0.0	3.86888	0.0	0.0	0.0	0.0	0.0	0.0	0.0	0.0	0.0	0.0	0.0	0.02702	45.59446	0.0	0.0	0.0	0.0	0.0	0.0	0.0	0.0	0.0	0.0	0.0	0.0	0.0	0.0	0.07028	0.0	0.0	0.0	0.0	0.0	0.0	0.0	0.0	0.0	0.0	0.0	0.0	0.0	6.19247	0.00018	0.0	0.52437	0.22501	0.0	0.05068	0.0	0.0	0.0	0.0	0.0	0.08444	0.0	0.0	0.0156	0.0	0.0	0.0	0.20391	0.0	0.0	0.0	0.0	0.0	0.0	0.0	0.0	0.0	0.0	0.0	0.00309	0.0	0.0	2.93048	0.0	0.0	0.0	0.0	0.12152	0.0	0.0	1.65383	0.0	0.0	0.0	0.0	0.0	0.0	0.0	0.0
SRR26718063	0.0	0.0	0.0	0.0	0.0	0.0	0.0	0.0	0.00361	0.0	0.0	0.23301	0.0	3.65899	0.0	0.0	0.0	0.0	0.0	0.0	0.0	0.00064	0.0	0.0	0.0	0.0	0.0	0.0	0.00115	0.00628	0.0	0.0	0.0	0.0	0.0	0.0	0.0	29.68529	0.0	0.0	0.0	0.0	0.0	0.33538	0.0942	0.0	0.0	0.07217	0.0	0.0	0.0	0.0	0.0	0.0	0.0	0.0	0.0	0.0	0.00412	0.0	0.0	0.0	0.0	0.0	0.0	0.0	0.0	0.0	0.0	0.0	0.0	0.0	0.0	0.0	0.0	0.01238	0.0	0.0	0.0199	0.0	0.0	0.0	0.0	0.0	0.0	0.0	0.0	0.0	0.0	0.0	0.0	0.0	0.0	0.0	0.0	0.0	0.0	0.0	0.0	0.0	0.0	0.16527	0.0	0.0	0.0	0.0	0.0	0.0	0.01149	0.0	0.0	0.0	0.0	0.01174	0.0	0.0	0.0	0.0	0.11609	0.0	0.0	0.0	0.0	0.0	0.0	0.0	0.0	0.10583	0.0	0.0	0.0	0.0	0.05229	0.09445	0.0	0.0	0.0	0.0	0.0	0.0	0.0	0.0	0.0	0.0	0.0	1.01857	0.00172	0.0	0.00499	0.0	0.04664	0.0	0.0	0.03012	0.0	0.0	0.0	0.0	0.0	0.0	0.0	0.0	0.0	0.0	0.00577	0.02172	0.0	0.16174	0.0	0.0	0.0	0.0	0.0	0.0	0.0	0.0	0.0	0.0	0.0	0.0	0.0	0.0	0.0	0.0	0.0	0.0	0.0	0.0	0.0	0.0	0.0	0.0	0.0	0.0	0.0	0.0	0.0	0.0	0.0	0.0	0.0	0.20416	0.04111	0.01867	0.0	0.00576	0.0	0.0	0.0	0.0	0.0	0.0	0.0	0.0	0.0	0.0	0.0	0.0	0.0	0.0	0.0	0.0	0.0	0.0	0.0	0.0	0.0	0.0	0.0	0.0	0.10139	0.0	0.0	2.55115	0.0	0.0	0.0	0.0	0.0	0.0	0.0	0.0	0.0	0.0	0.0	0.0	0.0	0.0	0.0	0.0	0.0	0.07797	47.71256	0.0	0.0	0.0	0.0	0.0	0.0	0.0	0.0	0.0	0.0	0.0	0.0	0.0	0.0	0.0	0.0	0.0	0.0	0.0	0.0	0.0	0.0	0.0	0.0	0.0	0.0	0.0	0.0	0.55605	0.0	0.0	2.60742	0.05894	0.0	0.0	0.0	0.0	0.0	0.0	0.0	0.0	0.0	0.0	0.05831	0.0	0.0	0.0	0.00539	0.0	0.4783	0.0	0.0	0.0	0.00562	0.0	0.0	0.0	0.0	0.0	0.0	0.0	0.0	9.52319	0.0	0.0	0.0	0.0	0.01845	0.0	0.0	0.0	0.0	0.0	0.0	0.0	0.0	0.0	0.0	0.0
SRR26718064	0.0	0.0	0.0	0.0	0.0	0.0	0.0	0.0	0.0	0.0	0.0	0.0	0.0	0.0	0.0	0.0	0.0	0.0	0.0	0.0	0.0	0.0	0.0	0.0	0.0	0.0	0.0	0.0	0.67949	0.0	0.0	0.0	0.0	0.0	0.0	0.0	0.0	45.656	0.0	0.0	0.0	0.0	0.0	0.05765	0.0	0.0	0.0	0.38015	0.0	0.0	0.0	0.0	0.0	0.0	0.0	0.0	0.0	0.0	0.0	0.0	0.0	0.0	0.0	0.0	0.0	0.0	0.0	0.0	0.0	0.0	0.0	0.0	0.0	0.0	0.0	0.15418	0.0	0.0	0.0	0.0	0.0	0.0	0.0	0.0	0.0	0.0	0.0	0.0	0.0	0.0	0.0	0.0	0.0	0.0	0.0	0.0	0.0	0.0	0.0	0.0	0.0	0.0	0.0	0.0	0.0	0.0	0.0	0.0	0.0	0.0	0.0	0.0	0.0	0.0	0.0	0.0	0.0	0.0	1.7334	0.0	0.0	0.0	0.0	0.0	0.0	0.0	0.0	0.0	0.0	0.0	0.0	0.0	0.0	0.17671	0.0	0.0	0.0	0.0	0.0	0.0	0.0	0.0	0.0	0.0	0.0	0.0	0.0	0.0	0.0	0.0	0.0	0.0	0.0	0.0	0.0	0.0	0.0	0.0	0.0	0.0	0.0	0.0	0.0	0.0	0.0	0.0	0.0	0.0	0.0	0.0	0.0	0.0	0.0	0.0	0.0	0.0	0.0	0.0	0.0	0.0	0.0	0.0	0.0	0.0	0.0	0.0	0.0	0.0	0.0	0.0	0.0	0.0	0.0	0.0	0.0	0.0	0.0	0.0	0.0	0.0	0.0	0.07903	0.0	0.0	0.0	0.0	0.0	0.0	0.0	0.0	0.0	0.0	0.0	0.0	0.0	0.0	0.0	0.0	0.0	0.0	0.0	0.0	0.0	0.0	0.0	0.0	0.0	0.0	0.0	0.0	0.0	0.0	0.0	10.98883	0.0	0.0	0.0	0.0	0.0	0.0	0.0	0.0	0.0	0.0	0.0	0.0	0.0	0.0	0.0	0.0	0.0	2.27161	35.84045	0.0	0.0	0.0	0.0	0.0	0.0	0.0	0.0	0.0	0.0	0.0	0.0	0.0	0.0	0.0	0.0	0.0	0.0	0.0	0.0	0.0	0.0	0.0	0.0	0.0	0.0	0.0	0.0	0.0	0.0	0.0	0.76535	0.0	0.0	0.0	0.0	0.0	0.0	0.0	0.0	0.0	0.0	0.0	0.0	0.0	0.0	0.0	0.0	0.0	0.0	0.0	0.0	0.0	0.05	0.0	0.0	0.0	0.0	0.0	0.0	0.0	0.64169	0.00765	0.0	0.0	0.0	0.0	0.0	0.0	0.0	0.51782	0.0	0.0	0.0	0.0	0.0	0.0	0.0	0.0
SRR26718065	0.0	0.0	0.0	0.0	0.0	0.0	0.0	0.0	0.0	0.0	0.0	1.49532	0.0	0.0613	0.0	0.0	0.0	0.0	0.0	0.0	0.0	0.00276	0.0	0.0	0.0	0.0	0.0	0.0	0.4261	0.00663	0.02294	0.0	0.0	0.0	0.0	0.0	0.0	21.79434	0.0	0.0	0.0	0.0	0.0	0.10123	0.09455	0.0	0.0	0.16958	0.0	0.0	0.0	0.0	0.0	0.0	1.47505	0.0	0.0	0.0	0.00402	0.0	0.0	0.0	0.0	0.0	0.0	0.0	0.0	0.1906	0.0	0.0	0.0	0.0	0.0	0.0	0.0	0.42393	0.0	0.0	0.01122	0.0	0.0	0.0	0.0	0.0	0.0	0.0	0.0	0.0	0.0	0.0	0.0	0.0	0.0	0.0	0.0	0.0	0.0	0.0	0.0	0.0	0.0	0.0454	0.0	0.00674	0.0	0.0	0.0	0.0	0.10414	0.0	0.0	0.0	0.01447	0.0	0.0	0.0	0.0	0.0	0.20637	0.0	0.0	0.0	0.0	0.0	0.0	0.0	0.0	0.17613	0.0	0.0	0.0	0.0	0.0	0.06253	0.0	0.0	0.0	0.0	0.0	0.0	0.0	0.0	0.0	0.0	0.0	0.0	0.0	0.0	0.36644	0.0	0.0	0.0	0.0	0.0	0.0	0.0	0.0	0.0	0.0	0.0	0.0	0.0	0.0	0.0	0.18501	0.40239	0.0	0.0	0.0	0.0	0.0	0.0	0.0	0.0	0.0	0.0	0.0	0.0	0.0	0.0	0.0	0.0	0.0	0.0	0.0	0.0	0.0	0.0	0.0	0.0	0.0	0.0	0.0	0.0	0.0	0.0	0.0	0.0	0.0	0.0	0.0	0.20139	0.01868	0.0	0.0	0.0	0.0	0.0	0.0	0.0	0.0	0.0	0.0	0.0	0.0	0.0	0.0	0.0	0.0	0.0	0.0	0.0	0.0	0.0	0.0	0.0	0.0	0.0	0.0	0.0	0.0	0.0	0.0	7.04137	0.0	0.0	0.0	0.0	0.0	0.0	0.0	0.0	0.0	0.0	0.0	0.0	0.00369	0.0	0.0	0.0	0.0	0.09436	62.2476	0.0	0.0	0.0	0.0	0.0	0.0	0.0	0.0	0.0	0.0	0.0	0.0	0.0	0.0	0.0	0.0	0.0	0.0	0.0	0.0	0.0	0.0	0.0	0.0	0.0	0.0	0.0	0.0	0.05764	0.0	0.0	0.27025	0.06975	0.0	0.00792	0.0	0.0	0.0	0.0	0.0	0.0	0.0	0.0	0.0	0.0	0.0	0.0	0.0	0.0	0.08932	0.0	0.0	0.0	0.05368	0.0	0.0	0.0	0.0	0.0	0.0	0.0	0.06604	1.74487	0.0	0.0	0.0	0.0	0.03995	0.0	0.0	0.14431	0.0	0.0	0.0	0.0	0.0	0.0	0.0	0.0
SRR26718066	0.0	0.0	0.0	0.0	0.0	0.0	0.0	0.0	0.0	0.0	0.0	0.0	0.0	0.0	0.0	0.0	0.0	0.0	0.0	0.0	0.0	0.0	0.0	0.0	0.0	0.0	0.0	0.0	0.54947	0.0	0.0	0.0	0.0	0.0	0.0	0.0	0.0	38.99366	0.0	0.0	0.0	0.0	0.0	0.0	0.0	0.0	0.0	0.23211	0.0	0.0	0.0	0.0	0.0	0.0	0.0	0.0	0.0	0.0	0.0	0.0	0.0	0.0	0.0	0.0	0.0	0.0	0.0	0.0	0.0	0.0	0.0	0.0	0.0	0.0	0.0	0.36697	0.0	0.0	0.0	0.0	0.0	0.0	0.0	0.0	0.0	0.0	0.0	0.0	0.0	0.0	0.0	0.0	0.0	0.0	0.0	0.0	0.0	0.02632	0.0	0.0	0.0	0.0	0.0	0.0	0.0	0.0	0.0	0.0	0.0	0.0	0.0	0.0	0.0	0.0	0.0	0.0	0.0	0.0	0.30218	0.0	0.0	0.0	0.0	0.0	0.0	0.0	0.0	0.0	0.0	0.0	0.0	0.0	0.0	1.30741	0.0	0.0	0.0	0.0	0.0	0.0	0.0	0.0	0.0	0.0753	0.0	0.0	0.0	0.0	0.0	0.0	0.0	0.0	0.0	0.0	0.0	0.0	0.0	0.0	0.0	0.0	0.0	0.0	0.0	0.0	0.0	0.0	0.0	0.00415	0.0	0.0	0.0	0.0	0.0	0.0	0.0	0.0	0.0	0.0	0.0	0.0	0.0	0.0	0.0	0.0	0.0	0.0	0.0	0.0	0.0	0.0	0.0	0.0	0.0	0.0	0.0	0.0	0.0	0.0	0.0	0.0	0.0	0.86938	0.0	0.0	0.0	0.0	0.0	0.0	0.0	0.0	0.0	0.0	0.0	0.0	0.0	0.0	0.0	0.0	0.0	0.0	0.0	0.0	0.0	0.0	0.0	0.0	0.0	0.0	0.0	0.0	0.0	0.0	0.0	7.07605	0.0	0.0	0.0	0.0	0.0	0.40739	0.0	0.0	0.0	0.0	0.0	0.0	0.0	0.0	0.0	0.0	0.0	0.91074	44.432	0.0	0.0	0.0	0.0	0.0	0.0	0.0	0.0	0.0	0.0	0.0	0.0	0.0	0.0	0.0	0.0	0.0	0.0	0.0	0.0	0.0	0.0	0.0	0.0	0.0	0.0	0.0	0.0	3.05965	0.0	0.0	0.0	0.0	0.0	0.0	0.0	0.0	0.0	0.0	0.0	0.0	0.0	0.0	0.0	0.0	0.0	0.0	0.0	0.0	0.0	0.0	0.0	0.0	0.158	0.0	0.0	0.0	0.0	0.0	0.0	0.0	0.0	1.12029	0.0	0.0	0.0	0.0	0.03838	0.0	0.0	0.07056	0.0	0.0	0.0	0.0	0.0	0.0	0.0	0.0
SRR26718067	0.0	0.0	0.0	0.0	0.0	0.0	0.0	0.0	0.0	0.0	0.0	0.0	0.0	0.86954	0.0	0.0	0.0	0.0	0.0	0.0	0.0	0.0645	0.0	0.0	0.0	0.0	0.0	0.0	0.1087	0.02996	0.0	0.0	0.0	0.0	0.0	0.0	0.0	9.34075	0.0	0.0	0.0	0.0	0.0	0.0	0.02468	0.0	0.0	0.14426	0.0	0.0	0.0	0.0	0.0	0.0	1.23773	0.0	0.0	0.0	0.0	0.0	0.0	0.0	0.0	0.0	0.0	0.0	0.0	0.0	0.0	0.0	0.0	0.0	0.0	0.0	0.0	0.36503	0.0	0.0	0.0	0.0	0.0	0.0	0.0	0.0	1.2008	0.0	0.0	0.0	0.0	0.0	0.0	0.0	0.06407	0.0	0.0	0.0	0.0	0.0	0.0	0.0	0.0	0.0	0.0	0.0	0.0	0.0	0.0	0.0	0.0	0.0	0.0	0.0	0.0	0.00161	0.0	0.0	0.0	0.04113	0.15334	0.0	0.0	0.0	0.0	0.0	0.0	0.0	0.0	0.0	0.0	0.0	0.0	0.0	0.0	0.0	0.0	0.0	0.0	0.0	0.0	0.0	0.0	0.0	0.0	0.0	0.0	0.0	0.0	0.0	0.0	0.0	0.0	0.0	0.0	0.0	0.0	0.0	0.0	0.0	0.0	0.0	0.0	0.0	0.0	0.0	0.0	2.25869	0.0	0.0	0.0	0.0	0.0	0.0	0.0	0.0	0.0	0.0	0.0	0.0	0.0	0.0	0.0	0.0	0.0	0.0	0.0	0.0	0.0	0.0	0.0	0.0	0.0	0.0	0.0	0.0	0.0	0.0	0.0	0.0	0.0	0.0	0.0	0.11302	0.0	0.0	0.0	0.0	0.0	0.0	0.0	0.0	0.0	0.0	0.0	0.0	0.0	0.0	0.0	0.0	0.0	0.0	0.0	0.0	0.0	0.0	0.0	0.0	0.36624	0.0	0.0	0.0	0.0	0.0	0.0	3.65894	0.0	0.0	0.0	0.0	0.0	0.39043	0.0	0.0	0.0	0.0	0.0	0.0	0.0	0.0	0.0	0.0	0.0	0.0	11.80384	0.0	0.0	0.0	0.0	0.0	0.0	9.53153	0.0	0.0	0.0	0.0	0.0	0.0	0.0	0.0	0.0	0.0	0.0	0.0	0.0	0.0	0.0	0.0	0.0	0.0	0.0	0.0	0.0	0.63077	0.0	0.0	0.0	0.0	0.0	0.03245	0.0	0.0	0.0	0.0	46.53388	0.0	0.0	0.0	0.0	0.0	0.0	0.0	0.0	0.0	0.0	0.0	0.0	0.0	0.0	0.0	0.0	0.0	0.0	0.0	0.0	0.0	0.0	10.76613	0.0	0.0	0.0	0.0	0.0	0.009	0.0	0.25898	0.0	0.0	0.0	0.0	0.0	0.0	0.0	0.0
SRR26718068	0.0	0.0	0.0	0.0	0.0	0.0	0.0	0.0	0.10084	0.0	0.0	3.71477	0.0	2.71397	0.0	0.05357	0.0	0.0	0.0	0.0	0.0	0.05716	0.0	0.0	0.0	0.0	0.0	0.0	0.12045	0.8952	0.30012	0.0	0.0	0.0	0.0	0.0	0.0	41.60528	0.0	0.0	0.0	0.0	0.0	0.52686	1.1904	0.0	0.0	0.20903	0.0	0.0	0.0	0.0	0.0	0.0	1.77305	0.0	0.0	0.0	0.0	0.0	0.0	0.0	0.0	0.0	0.0	0.0	0.0	0.0	0.0	0.0	0.0	0.0	0.0	0.0	0.0	0.92899	0.0	0.0	0.0	0.0	0.0	0.0	0.05077	0.0	0.0	0.0	0.0	0.0	0.0	0.0	0.0	0.11432	0.0	0.0	0.03143	0.0	0.0	0.00069	0.0	0.0	0.0	0.42745	0.04148	0.00404	0.0	0.0	0.0	0.0	0.37107	0.0	0.0	0.0	0.0335	0.14615	0.07771	0.0	0.0	0.0	4.15512	0.0	0.0	0.0	0.0	0.0	0.0	0.0	0.0	0.89353	0.0	0.0	0.0	0.0	0.32331	0.43091	0.0	0.0	0.0	0.0	0.19741	0.0	0.0	0.0	0.0	0.0	0.0	0.0	0.05691	0.0	0.04614	0.0	0.0	0.0	0.0	0.0	0.0	0.0	0.0	0.0	0.0	0.0	0.0	0.0	0.0	0.0	0.17237	0.65452	0.0	0.0	0.0	0.0	0.0	0.0	0.0	0.0	0.0	0.0	0.0	0.30945	0.0	0.0	0.0	0.0	0.0	0.0	0.0	0.0	0.0	0.0	0.0	0.0	0.0	0.0	0.0	0.0	0.0	0.0	0.0	0.0	0.0	0.0	0.0	0.90016	0.0	0.0	0.0	0.08652	0.0	1.13352	0.0	0.0	0.0	0.0	0.0	0.0	0.0	0.0	0.0	0.0	0.0	0.0	0.0	0.0	0.0	0.00561	0.0	0.0	0.0	0.0	0.0	0.0	0.53753	0.09883	0.0	3.6648	0.0	0.0	0.0	0.0	0.0	0.0	0.0	0.0	0.0	0.0	0.0	0.0	0.0	0.0	0.0	0.0	0.0	0.5888	24.78534	0.0	0.0	0.0	0.0	0.0	0.0	0.0	0.0	0.0	0.0	0.0	0.0	0.0	0.0	0.64019	0.0	0.0	0.0	0.0	0.0	0.0	0.0	0.0	0.0	0.0	0.0	0.0	0.0	0.43644	0.0	0.0	0.0	0.15585	0.0	0.0	0.0	0.0	0.0	0.0	0.0	0.03164	0.0	0.0	0.0	0.0	0.0	0.0	0.0	0.0	0.0	0.0	0.0	0.0	0.00841	0.0	0.0	0.0	0.0	0.0	0.0	0.0	0.17829	3.4693	0.0	0.0	0.0	0.0	0.0	0.54789	0.0	0.0029	0.0	0.0	0.0	0.0	0.0	0.0	0.0	0.0
SRR26718069	0.0	0.0	0.0	0.0	0.0	0.0	0.0	0.0	0.07298	0.0	0.0	1.59925	0.0	21.74611	0.0	0.0	0.0	0.0	0.0	0.0	0.0	0.0	0.0	0.0	0.0	0.0	0.0	0.0	0.20197	0.0	0.1125	0.0	0.0	0.0	0.0	0.0	0.0	43.63508	0.0	0.0	0.0	0.0	0.0	1.86526	0.5251	0.0	0.0	0.48979	0.0	0.0	0.0	0.0	0.0	0.0	0.1704	0.0	0.0	0.0	0.0	0.0	0.0	0.0	0.0	0.0	0.0	0.0	0.0	0.0	0.0	0.0	0.0	0.0	0.0	0.0	0.0	0.29961	0.0	0.0	0.0	0.0	0.0	0.0	0.0	0.0	0.0	0.0	0.0	0.0	0.0	0.0	0.0	0.0	0.0	0.0	0.0	0.0	0.0	0.0	0.0	0.0	0.0	0.65027	0.0	0.0	0.0	0.0	0.0	0.0	0.03836	0.0	0.0	0.0	0.08217	0.05016	0.0	0.0	0.0	0.01252	2.26012	0.15114	0.0	0.0	0.0	0.0	0.0	0.0	0.0	0.08795	0.0	0.0	0.0	0.0	0.40631	0.0	0.0	0.0	0.0	0.0	0.0	0.0	0.0	0.0	0.0	0.0	0.0	0.0	0.03203	0.0	0.01885	0.02591	0.01631	0.0	0.0	0.68264	0.81946	0.0	0.0	0.0	0.0	0.0	0.0	0.0	0.0	0.0	0.0	0.7035	0.01049	0.02145	0.0	0.0	0.0	0.0	0.0	0.0	0.0	0.0	0.0	0.01858	0.0	0.0	0.0	0.0	0.0	0.0	0.0	0.0	0.0	0.0	0.0	0.0	0.0	0.0	0.0	0.0	0.0	0.0	0.0	0.0	0.0	0.0	0.0	0.06973	0.0	0.0	0.0	0.0	0.0	0.0107	0.0	0.0	0.0	0.0	0.0	0.0	0.0	0.0	0.0	0.0	0.0	0.0	0.0	0.0	0.0	0.0	0.0	0.0	1.20191	0.0	0.0	0.0	0.15819	0.0	0.0	2.47724	0.0	0.0	0.0	0.0	0.0	0.54653	0.0	0.0	0.0	0.0	0.0	0.0	0.0	0.0	0.0	0.0	0.0	0.21783	9.97673	0.0	0.0	0.0	0.0	0.0	0.0	0.0	0.0	0.0	0.0	0.0	0.0	0.0	0.0	0.16032	0.0	0.0	0.88914	0.0	0.0	0.0	0.0	0.0	0.0	0.0	0.0	0.0	0.0	0.16756	0.0	0.0	0.211	0.44075	0.0	0.0	0.0	0.0	0.0	0.0	0.0	0.0	0.0	0.0	0.99873	0.0	0.0	0.0	0.0	0.0	0.0	0.0	0.0	0.0	0.0	0.0	0.0	0.0	0.0	0.0	0.0	0.0	0.0	4.79424	0.0	0.0	0.0	0.0	0.0	0.09659	0.08311	0.69341	0.0	0.0	0.0	0.0	0.0	0.0	0.0	0.0
SRR26718070	0.0	0.0	0.0	0.0	0.0	0.0	0.0	0.0	0.0	0.0	0.0	0.0	0.0	1.75255	0.0	0.0	0.0	0.0	0.0	0.0	0.0	0.01271	0.0	0.0	0.0	0.0	0.0	0.0	0.09852	0.03338	0.0	0.0	0.0	0.0	0.0	0.0	0.0	15.82836	0.0	0.0	0.0	0.0	0.0	0.0	0.08403	0.0	0.0	0.13668	0.0	0.0	0.0	0.0	0.0	0.0	0.0	0.0	0.0	0.0	0.0	0.0	0.0	0.0	0.0	0.0	0.0	0.0	0.0	0.0	0.0	0.0	0.0	0.0	0.0	0.0	0.0	0.13999	0.0	0.0	0.00094	0.0	0.0	0.0	0.0	0.0	0.0	0.0	0.0	0.0	0.0	0.0	0.0	0.0	0.00398	0.0	0.0	0.0	0.0	0.0	0.0	0.0	0.0	0.00254	0.0	0.0	0.0	0.0	0.0	0.0691	0.0	0.0	0.0	0.0	4.46037	0.0	0.0	0.0	0.0	0.0	0.12361	0.0	0.0	0.0	0.0	0.0	0.0	0.0	0.0	0.06152	0.0	0.0	0.0	0.0	0.26404	0.12987	0.0	0.0	0.0	0.0	0.0	0.0	0.0	0.0	0.0	0.58985	0.0	0.0	0.0	0.0	0.0	0.0	0.0	0.0	0.0	0.0	0.0	0.0	0.0	0.0	0.0	0.0	0.0	0.0	0.0	0.0	0.01583	0.62804	0.0	0.24833	0.0	0.0	0.0	0.0	0.0	0.0	0.0	0.0	0.0	0.0	0.0	0.0	0.0	0.0	0.0	0.0	0.0	0.0	0.0	0.0	0.0	0.0	0.0	0.0	0.0	0.0	0.0	0.0	0.0	0.0	0.0	0.0	0.0	0.09617	0.17186	0.0	0.0	0.0	0.0	0.0	0.0	0.0	0.0	0.0	0.0	0.0	0.0	0.0	0.0	0.0	0.0	0.0	0.0	0.0	0.0	0.0	0.0	0.0	0.0	0.0	0.0	0.0	0.01011	0.0	0.0	4.12835	0.0	0.0	0.0	0.0	0.0	0.0	0.0	0.0	0.0	0.0	0.0	0.0	0.0	0.0	0.0	0.0	0.0	0.81861	15.36188	0.0	0.0	0.0	0.0	0.0	0.0	0.0	0.0	0.0	0.0	0.0	0.0	0.0	0.0	0.0	0.0	0.0	0.0	0.0	0.0	0.0	0.0	0.0	0.0	0.0	0.0	0.0	0.0	0.4993	0.0	0.0	0.0	0.01418	0.0	0.0	0.0	0.0	0.0	0.0	47.56916	0.00801	0.0	0.0	0.0	0.0	0.0	0.0	0.07264	0.0	0.26117	0.0	0.0	0.0	0.00811	0.0	0.0	0.0	0.0	0.0	0.0	0.0	0.04991	6.13144	0.0	0.0	0.0	0.0	0.0	0.0	0.0	0.11483	0.0	0.0	0.0	0.0	0.0	0.0	0.0	0.0
SRR26718071	0.0	0.0	0.0	0.0	0.0	0.0	0.0	0.0	0.0	0.0	0.0	0.23076	0.0	0.0	0.0	0.0	0.0	0.0	0.0	0.0	0.0	0.0	0.0	0.0	0.0	0.0	0.0	0.0	0.02251	0.08954	0.0	0.0	0.0	0.0	0.0	0.0	0.0	29.06503	0.0	0.0	0.0	0.0	0.0	0.25743	0.48417	0.0	0.0	0.00536	0.0	0.0	0.0	0.0	0.0	0.0	0.01392	0.0	0.0	0.0	0.0	0.0	0.0	0.00021	0.0	0.0	0.0	0.0	0.0	0.0	0.0	0.0	0.0	0.0	0.15834	0.0	0.00157	0.28444	0.0	0.0	0.05307	0.0	0.0	0.0	0.0	0.0	0.0	0.0	0.0	0.0	0.0	0.0	0.0	0.0	0.04148	0.0	0.0	0.0	0.0	0.0	0.0	0.0	0.0	0.0	0.0	0.0	0.0	0.0	0.0	0.07023	0.07143	0.0	0.0	0.0	0.23421	0.0	0.0	0.0	0.0	0.0	0.1717	0.0	0.0	0.19913	0.0	0.0	0.0	0.0	0.0	0.11707	0.0	0.0	0.0	0.0	0.07255	2.5136	0.0	0.0	0.0	0.0	0.00026	0.0	0.0	0.0	0.0	0.00323	0.0	0.0	0.0	0.0	0.05006	0.0	0.0	0.0	0.02039	0.0	0.0	0.0	0.0	0.0	0.0	2.74999	0.0	0.0	0.0	0.0	2.18485	0.10042	0.0	0.0	0.0	0.0	0.0	0.04139	0.0	0.0	0.0	0.0	0.0	0.0	0.0	0.0	0.0	0.0	0.0	0.0	0.0	0.0	0.0	0.0	0.0	0.0	0.0	0.0	0.0	0.0	0.0	0.0	0.0	0.0	0.0	0.0	0.0	1.15354	0.0	0.0	0.0	0.0	0.0	0.0	0.0	0.0	0.0	0.0	0.0	0.0	0.0	0.0	0.0	0.0	0.0	0.0	0.0	0.0	0.0	0.0	0.0	0.0	0.30996	0.0	0.0	0.0	0.0	0.0	0.0	4.21021	0.0	0.0	0.0	0.0	0.0	0.0	0.0	0.0	0.0	0.0	0.0	0.0	0.0	0.0	0.0	0.0	0.0	0.0	50.03584	0.0	0.0	0.0	0.0	0.0	0.0	0.0	0.0	0.0	0.06606	0.0	0.0	0.0	0.0	0.0	0.0	0.0	0.0	0.0	0.0	0.0	0.0	0.0	0.0	0.0	0.0	0.0	0.0	0.0	0.0	0.0	0.23629	0.03051	0.0	0.0	0.0	0.0	0.0	0.0	0.0	0.0	0.0	0.0	0.0	0.0	0.0	0.0	0.78663	0.0	0.0	0.0	0.0	0.0	0.39314	0.0	0.0	0.0	0.0	0.0	0.0	0.0	1.09922	1.8636	0.0	0.0	0.0	0.0	0.50668	0.0	0.0	0.0	0.0	0.0	0.0	0.0	0.0	0.0	0.0	0.0
SRR26718072	0.0	0.0	0.0	0.0	0.0	0.0	0.0	0.0	0.03866	0.0	0.0	0.0	0.0	0.0	0.0	0.0	0.0	0.0	0.0	0.0	0.0	0.0218	0.0	0.0	0.0	0.0	0.0	0.0	0.26355	0.04385	0.04577	0.0	0.0	0.0	0.0	0.0	0.0	34.34675	0.0	0.0	0.0	0.0	0.0	0.30247	0.0	0.0	0.0	0.33805	0.0	0.0	0.0	0.0	0.0	0.0	0.0	0.0	0.0	0.0	0.0	0.0	0.0	0.0	0.0	0.0	0.0	0.0	0.0	0.0	0.0	0.0	0.0	0.0	0.29368	0.0	0.0	0.0	0.0	0.0	0.10143	0.0	0.0	0.0	0.0	0.0	0.04245	0.0	0.0	0.0	0.0	0.0	0.0	0.0	0.01837	0.0	0.01577	0.0	0.0	0.0727	0.0	0.0	0.0	0.0	0.0	0.03546	0.0	0.0	0.0	0.00191	0.08112	0.0	0.0	0.0	1.20534	0.0	0.0	0.0	0.0	0.0	2.20516	0.0	0.0	0.0	0.0	0.0	0.0	0.0	0.0	0.2882	0.0	0.0	0.0	0.0	0.8357	0.0	0.0	0.0	0.0	0.0	0.0	0.0	0.0	0.0	0.0	0.0	0.0	0.0	0.26345	0.0	0.10938	0.0	0.0	0.0	0.0	0.0	0.0	0.0	0.0	0.0	0.0	0.83918	0.06453	0.0	0.0	0.0	0.10824	1.59007	0.0	0.2596	0.0	0.0	0.0	0.0	0.0	0.0	0.0	0.0	0.0	0.0	0.0	0.0	0.0	0.0	0.0	0.0	0.0	0.0	0.0	0.0	0.0	0.0	0.0	0.0	0.0	0.0	0.0	0.0	0.0	0.0	0.0	0.0	0.0	0.08872	0.0	0.03037	0.0	0.01177	0.0	1.26579	0.0	0.0	0.0	0.0	0.0	0.0	0.0	0.0	0.02594	0.0	0.0	0.0	0.0	0.0	0.0	0.0	0.0	0.0	0.0	0.0	0.0	0.0	0.0	0.0	0.0	1.62733	0.0	0.0	0.0	0.0	0.0	0.0	0.0	0.0	0.0	0.0	0.0	0.0	0.0	0.0	0.0	0.0	0.0	1.71891	50.03235	0.0	0.0	0.0	0.0	0.0	0.0	0.0	0.0	0.0	0.0	0.0	0.027	0.0	0.0	0.0	0.0	0.0	0.0	0.0	0.0	0.0	0.0	0.0	0.0	0.0	0.0	0.0	0.0	0.25145	0.0	0.0	0.0	0.10038	0.0	0.0	0.0	0.0	0.0	0.0	0.0	0.0	0.0	0.0	0.0	0.0	0.0	0.0	0.24886	0.0	0.0	0.0	0.0	0.0	0.2522	0.0	0.0	0.0	0.0	0.0	0.0	0.0	0.14934	0.24538	0.0	0.0	0.0	0.0	0.00128	0.09029	0.0	0.0	0.0	0.0	0.0	0.0	0.0	0.0	0.0	0.0
SRR26718073	0.0	0.0	0.0	0.0	0.0	0.0	0.0	0.0	0.00401	0.00265	0.0	0.0108	0.0	0.594	0.0	0.0	0.0	0.0	0.0	0.0	0.0	0.0	0.0	0.0	0.0	0.0	0.0	0.0	0.06708	0.0409	0.0	0.0	0.0	0.0	0.0	0.0	0.0	43.10165	0.0	0.0	0.0	0.0	0.0	0.08422	0.05215	0.0	0.0	0.35452	0.0	0.0	0.0	0.0	0.0	0.0	0.68182	0.0	0.0078	0.0	0.22903	0.0	0.0	0.0	0.0	0.0	0.0	0.0	0.0	0.0	0.0	0.0	0.0	0.0	0.0	0.00737	0.0	1.06686	0.0	0.0	0.03494	0.0	0.0	0.0	0.0	0.0	0.0	0.0	0.0	0.10985	0.0	0.0	0.0	0.05149	0.47372	0.0	0.03436	0.0	0.0	0.0	0.0	0.0	0.0	0.021	0.0	0.0	0.0	0.0	0.0	0.68545	0.00353	0.0	0.0	0.0	0.92853	0.03736	0.0	0.0	0.00222	0.0	7.07185	0.0	0.0	0.0	0.0	0.0	0.00438	0.0	0.0	0.00862	0.0	0.0	0.0	0.0	0.14367	0.00493	0.0	0.0	0.0	0.0	0.0	0.0	0.0	0.0	0.0	0.27137	0.0	0.0	0.11986	0.0	0.00267	0.0	0.04957	0.0	0.0	0.01407	0.0	0.0	0.0	0.0	0.0	1.58496	0.0	0.0	0.0	0.0	0.04514	2.54163	0.0	0.0	0.0	0.0	0.0	0.0	0.0	0.0	0.0	0.0	0.0	0.0	0.0	0.0	0.0	0.0	0.0546	0.0	0.00616	0.0	0.0	0.0	0.0	0.0	0.0	0.0	0.0	0.0	0.0	0.0	0.0	0.0	0.0	0.0	0.0	0.02729	0.0	0.0	0.0	0.02144	0.00204	0.34801	0.0	0.0	0.01184	0.0	0.0	0.0	0.0	0.0	0.0	0.0	0.0	0.0	0.79906	0.0	0.0	0.0	0.0	0.0	0.0	0.0	0.0	0.0	0.0	0.00169	0.0	7.78472	0.0	0.0	0.0	0.0	0.0	1.40244	0.0	0.0	0.0	0.0	0.0	0.0	0.0	0.0	0.0	0.0	0.0	0.03989	0.00257	0.0	0.0	0.0	0.0	0.0	0.05729	15.10343	0.0	0.0	0.0	0.0	0.0	0.0	0.0	0.0	0.0	0.0	0.0	0.0	0.03625	0.0	0.0	0.0	0.0	0.0	0.0	0.0	0.03042	7.22579	0.0	0.0	3.31066	0.0	0.0	0.0	0.00297	0.0	0.0	0.0	0.0	0.01178	0.0	0.0	0.0	0.0	0.0	0.0	0.0	0.0	0.0	0.0	0.0	0.0	0.0	0.0	0.0	0.0	0.0	0.0	0.02294	0.0	0.08015	2.77424	0.0	0.0	0.0	0.0	0.0	0.0094	0.0	0.28291	0.0	0.0	0.0	0.0	0.0	0.0	0.0	0.0
SRR26718074	0.0	0.0	0.0	0.0	0.0	0.0	0.0	0.0	0.0	0.0	0.0	0.26059	0.0	0.4835	0.0	0.0	0.0	0.0	0.0	0.0	0.0	0.02356	0.0	0.0	0.0	0.0	0.0	0.0	0.14566	0.0	0.0	0.0	0.0	0.0	0.0	0.0	0.0	44.39644	0.0	0.0	0.0	0.0	0.0	0.0566	0.08882	0.0	0.0	0.2208	0.0	0.0	0.0	0.0	0.0	0.0	0.0	0.0	0.0	0.0	0.03102	0.0	0.0	0.0	0.0	0.0	0.0	0.0	0.0	0.0	0.0	0.0	0.0	0.0	0.0	0.0	0.0	0.65867	0.0	0.0	0.0	0.0	0.0	0.0	0.0	0.0	0.0	0.0	0.0	0.0	0.0	0.0	0.0	0.0	0.05293	0.0	0.0	0.0	0.0	0.04365	0.0	0.0	0.0	0.0	0.0	0.0	0.0	0.0	0.0	0.0	0.0	0.0	0.0	0.0	0.04241	0.20031	0.0	0.0	0.0	0.03743	0.18416	0.0	0.0	0.0	0.0	0.0	0.0	0.0	0.0	0.03005	0.0	0.0	0.0	0.0	0.04491	0.0	0.0	0.0	0.0	0.0	0.01221	0.0	0.0	0.0	0.0	0.00478	0.0	0.0	0.0	0.0	0.0	0.0	0.0	0.0	0.0	0.0	0.0	0.0	0.0	0.0	0.0	0.0	0.0	0.0	0.0	0.0	0.02002	3.78892	0.0	0.33533	0.0	0.0	0.0	0.0	0.0	0.0	0.0	0.0	0.0	0.0	0.0	0.0	0.0	0.0	0.0	0.0	0.0	0.0	0.0	0.0	0.0	0.0	0.0	0.0	0.0	0.0	0.0	0.0	0.0	0.0	0.0	0.0	0.0	0.53072	0.0	0.0	0.0	0.0	0.0	0.0	0.0	0.0	0.0	0.0	0.0	0.0	0.0	0.0	0.0	0.0	0.0	0.0	0.0	0.0	0.0	0.0	0.0	0.0	0.0	0.0	0.0	0.0	0.0	0.0	0.0	1.10753	0.0	0.0	0.0	0.0	0.0	0.25292	0.0	0.0	0.0	0.0	0.0	0.0	0.0	0.0	0.0	0.0	0.0	0.0	36.00183	0.0	0.0	0.0	0.0	0.0	0.0	0.0	0.0	0.0	0.0	0.0	0.0	0.0	0.0	0.0	0.0	0.0	0.0	0.0	0.0	0.0	0.0	0.0	0.0	0.0	0.0	0.0	0.0	2.00071	0.0	0.0	1.67151	0.008	0.0	0.0	0.0	0.0	0.0	0.0	0.0	0.0	0.0	0.0	0.0	0.0	0.0	0.0	0.0	0.0	0.65641	0.0	0.0	0.0	0.0	0.0	0.0	0.0	0.0	0.0	0.0	0.0	0.0	6.09212	0.0	0.0	0.0	0.0	0.0	0.0	0.0	0.51546	0.0	0.0	0.0	0.0	0.0	0.0	0.0	0.0
SRR26718075	0.0	0.0	0.0	0.0	0.0	0.0	0.0	0.0	0.0	0.0	0.0	0.00196	0.0	1.15523	0.0	0.0	0.0	0.0	0.0	0.0	0.0	0.00399	0.0	0.0	0.0	0.0	0.0	0.0	0.04836	0.04397	0.0	0.0	0.0	0.0	0.0	0.0	0.0	31.13014	0.0	0.0	0.0	0.0	0.0	0.06433	0.41204	0.0	0.0	0.08387	0.0	0.0	0.0	0.0	0.0	0.0	0.0	0.0	0.0	0.0	0.0	0.0	0.0	0.0	0.0	0.0	0.0	0.0	0.0	0.0	0.0	0.0	0.0	0.0	0.0	0.0	0.0	0.07878	0.0	0.0	0.0	0.0	0.0	0.0	0.0	0.0	0.0	0.0	0.0	0.0	0.0	0.0	0.0	0.0	0.0	0.0	0.0	0.0	0.0	0.05034	0.0	0.0	0.0	0.0	0.0	0.0	0.0	0.0	0.0	0.0	0.09471	0.0	0.0	0.0	0.08405	0.0326	0.0	0.0	0.0	0.0	2.43538	0.0	0.0	0.0	0.0	0.0	0.0	0.0	0.0	0.23094	0.0	0.0	0.0	0.0	0.0	0.48553	0.0	0.0	0.0	0.0	0.0	0.0	0.0	0.0	0.0	0.15337	0.0	0.0	0.03325	0.0	0.01762	0.0	0.0	0.0	0.0	0.01843	0.0	0.0	0.0	0.0	0.0	0.00153	0.0	0.0	0.0	0.0	0.14952	0.53997	0.0	1.11638	0.0	0.0	0.0	0.0	0.0	0.0	0.0	0.0	0.0	0.01396	0.0	0.0	0.0	0.0	0.0	0.0	0.0	0.0	0.0	0.0	0.0	0.0	0.0	0.0	0.0	0.0	0.0	0.0	0.0	0.0	0.0	0.0	0.0	0.15844	0.0	0.0	0.0	0.0	0.0	0.0	0.0	0.0	0.0	0.0	0.0	0.0	0.0	0.0	0.0	0.0	0.0	0.0	0.0	0.0	0.0	0.0	0.0	0.0	0.76989	0.0	0.0	0.0	0.0	0.0	0.0	2.73314	0.0	0.0	0.0	0.0	0.0	2.3133	0.0	0.0	0.0	0.0	0.0	0.0	0.0	0.0	0.0	0.0	0.0	1.22365	45.90898	0.0	0.0	0.0	0.0	0.0	0.0	0.0	0.0	0.0	0.0	0.0	0.0	0.0	0.0	0.00577	0.0	0.0	0.0	0.0	0.0	0.0	0.0	0.0	0.0	0.0	0.0	0.0	0.0	4.82255	0.0	0.0	0.0	0.06038	0.0	0.0	0.0	0.0	0.0	0.0	0.0	0.00184	0.0	0.0	2.73813	0.0	0.0	0.0	0.01332	0.0	0.0	0.0	0.0	0.0	0.03215	0.0	0.0	0.0	0.0	0.0	0.0	0.0	0.0	0.66378	0.0	0.0	0.0	0.0	0.07446	0.0	0.0	0.0	0.0	0.0	0.0	0.0	0.0	0.0	0.0	0.0
SRR26718076	0.0	0.0	0.0	0.0	0.0	0.0	0.0	0.0	0.0	0.0	0.0	0.32178	0.0	3.5018	0.0	0.0	0.0	0.0	0.0	0.0	0.0	0.01686	0.0	0.0	0.0	0.0	0.0	0.0	0.06735	0.0084	0.0	0.0	0.00307	0.0	0.0	0.0	0.0	17.06767	0.0	0.0	0.0	0.0	0.0	0.85294	0.13696	0.0	0.0	0.1907	0.0	0.0	0.0	0.0	0.0	0.0	0.0	0.0	0.0	0.0	0.28901	0.0	0.0	0.0	0.0	0.0	0.0	0.0	0.0	0.0	0.0	0.0	0.0	0.0	0.0	0.0	0.0	0.06179	0.0	0.0	0.07767	0.0	0.0	0.0	0.0	0.0	0.03166	0.0	0.0	0.0	0.0	0.0	0.0	0.0	0.0	0.0	0.0	0.0	0.0	0.04817	0.0	0.0	0.0	0.0547	0.0	0.0	0.0	0.0	0.0	0.0	0.07696	0.0	0.0	0.0	0.05581	0.35453	0.0	0.0	0.0	0.05409	0.29733	0.0	0.0	0.0	0.0	0.0	0.06482	0.0	0.0	0.0	0.0	0.02147	0.0	0.0	0.17027	0.0	0.0	0.0	0.0	0.0	0.00137	0.0	0.0	0.0	0.0	0.0	0.0	0.75531	0.0	0.0	0.901	0.0	0.03189	0.0	0.0	0.0	0.0	0.0	0.0991	0.0	0.0	0.0	0.0	0.0	0.0	0.0	0.00502	0.92221	0.0	0.004	0.0	0.0	0.0	0.0	0.0	0.0	0.0	0.0	0.0	0.0	0.0	0.0	0.0	0.0	0.0	0.0	0.0	0.0	0.0	0.0	0.0	0.0	0.0	0.0	0.0	0.0	0.0	0.0	0.0	0.0	0.07829	0.0	0.0	0.83734	0.0	0.0	0.0	0.0	0.0	0.0	0.0	0.0	0.0	0.0	0.0	0.0	0.0	0.0	0.0	0.0	0.0	0.0	0.0	0.0	0.0	0.0	0.0	0.0	2.50853	0.0	0.0	0.0	0.04663	0.0	0.0	1.70307	0.0	0.0	0.0	0.0	0.0	0.0	0.0	0.0	0.0	0.0	0.0	0.0	0.0	0.0	0.0	0.0	0.0	0.92338	20.49249	0.0	0.0	0.0	0.0	0.0	0.0	20.97134	0.0	0.0	0.0	0.0	0.0	0.0	0.0	0.0	0.0	0.0	0.0	0.0	0.0	0.0	0.0	0.0	0.0	0.0	0.0	0.0	0.0	0.2366	0.0	0.0	4.13642	0.03187	0.0	0.0	0.0	0.0	0.0	0.0	0.0	0.0	0.0	0.0	1.07825	0.0	0.0	0.0	0.07745	0.0	0.43059	0.0	0.0	0.0	0.0	0.0	0.0	0.0	0.0	0.0	0.0	0.0	0.27594	19.4655	0.0	0.0	0.0	0.0	0.0	0.08152	0.0	0.04583	0.0	0.0	0.03329	0.0	0.0	0.0	0.0	0.0
SRR26718077	0.0	0.0	0.0	0.0	0.0	0.0	0.0	0.0	0.0	0.0	0.0	2.50435	0.0	0.0	0.0	0.0	0.0	0.0	0.0	0.0	0.0	0.05575	0.0	0.0	0.0	0.0	0.0	0.0	0.06557	0.02187	0.05027	0.0	0.0	0.0	0.0	0.0	0.0	47.51048	0.0	0.0	0.0	0.0	0.0	1.2073	0.3231	0.0	0.0	0.31459	0.0	0.0	0.0	0.0	0.0	0.0	0.0	0.0	0.00835	0.0	0.0	0.0	0.0	0.0	0.0	0.0	0.0	0.0	0.0	0.0	0.0	0.0	0.00068	0.0	0.01247	0.0	0.0	0.0	0.0	0.0	0.0	0.0	0.0	0.0	0.02866	0.0	0.0	0.0	0.0	0.0	0.0	0.0	0.0	0.16485	0.05386	0.0	0.0	0.0	0.0	0.0	0.0	0.0	0.0	0.15956	0.00184	0.00832	0.0	0.0	0.0	0.04338	0.35491	0.0	0.0	0.0	0.77378	0.12771	0.0	0.0	0.0	0.0	0.12477	0.0	0.0	0.0	0.0	0.0	0.0	0.0	0.0	0.37778	0.0	0.0	0.0	0.0	0.0	0.03758	0.0	0.0	0.0	0.0	0.0	0.0	0.0	0.0	0.0	0.0	0.0	0.0	0.06954	0.0	0.04245	0.0	0.0	0.0	0.0	0.0	0.0	0.0	0.0	0.0	0.0	0.00971	0.0	0.0	0.0	0.0	0.24968	0.11183	0.0	0.0	0.0	0.0	0.0	0.0	0.0	0.0	0.0	0.0	0.0	0.03585	0.0	0.0	0.0	0.0	0.0	0.0	0.0	0.0	0.0	0.0	0.0	0.11349	0.0	0.0	0.0	0.0	0.0	0.0	0.0	0.0	0.0604	0.0	0.0	0.57901	0.0	0.0	0.0	0.0	0.0	0.0	0.0	0.0	0.0	0.0	0.0	0.0	0.0	0.0	0.0	0.0	0.0	0.0	0.0	0.0	0.0	0.0	0.0	0.0	0.0	0.0	0.0	0.0	0.0	0.0	0.0	4.72864	0.0	0.0	0.0	0.0	0.0	0.0	0.0	0.0	0.0	0.0	0.0	0.0	0.0	0.0	0.0	0.0	0.0	0.44877	0.0	0.0	0.0	0.0	0.0	0.0	0.0	0.08062	0.0	0.0	0.0	0.01387	0.0	0.0	0.0	0.0	0.0	0.0	0.0	0.0	0.0	0.0	0.0	0.0	0.0	0.0	0.0	0.0	0.0	0.21715	0.0	0.0	18.10815	0.19853	0.0	0.0	0.0	0.0	0.0	0.0	0.0	0.07013	0.0	0.0	0.0	0.0	0.0	0.0	0.04142	0.0	0.0	0.0	0.0	0.0	0.04048	0.0	0.0	0.0	0.0	0.0	0.0	0.0	0.0	20.2504	0.0	0.0	0.0	0.0	0.02896	0.0	0.0	0.16916	0.0	0.0	0.0	0.0	0.0	0.0	0.0	0.0
SRR26718078	0.0	0.0	0.0	0.0	0.0	0.0	0.0	0.0	0.06822	0.0	0.0	0.0	0.0	0.0	0.06061	0.0	0.0	0.0	0.0	0.0	0.0	0.69008	0.0	0.0	0.0	0.0	0.0	0.0	1.51954	0.0	0.0	0.0	0.0	0.0	0.0	0.0	0.0	24.77608	0.0	0.0	0.0	0.0	0.0	1.77792	0.0	0.0	0.0	2.27364	0.0	0.0	0.0	0.0	0.0	0.0	0.0	0.0	0.0	0.0	0.0	0.0	0.0	0.0	0.0	0.0	0.0	0.0	0.0	0.0	0.0	0.0	0.0	0.0	0.0	0.0	0.0	1.4728	0.0	0.0	0.06354	0.0	0.0	0.0	0.01712	0.0	0.0	0.0	0.0	0.0	0.0	0.0	0.0	0.0	0.0	0.0	0.0	0.0	0.0	0.62643	0.0	0.0	0.0	0.00257	0.0	0.0	0.0	0.0	0.0	1.1101	0.00888	0.0	0.0	0.0	0.27251	0.01872	0.0	0.0	0.0	2.79318	1.03314	0.0	0.0	0.60815	0.0	0.0	0.0	0.0	0.0	0.02139	0.0	0.0	0.0	0.0	2.61408	0.0	0.0	0.0	0.0	0.0	0.77575	0.0	0.0	0.0	0.0	0.0922	0.0	0.0	0.0	0.0	0.0	0.0	0.0	0.0	0.25815	0.0	0.0	0.0	0.0	0.0	0.0	0.83142	0.0	0.0	0.0	0.0	0.01818	6.97648	0.0	2.87441	0.0	0.0	0.0	0.0	0.0	0.0	0.0	0.0	0.0	0.0	0.0	0.0	0.0	0.0	0.0	0.0	0.00085	0.0	0.0	0.0	0.0	0.0	0.0	0.0	0.0	0.0	0.0	0.0	0.0	0.0	0.0	0.0	0.0	1.83382	0.0	0.0	0.0	0.0	0.0	0.0	0.0	0.0	0.0	0.0	0.0	0.0	0.0	0.0	0.0	0.0	0.0	0.0	0.0	0.0	0.0	0.0	0.0	0.0	0.0	0.0	0.0	0.0	0.0	0.0	0.0	0.0	0.0	0.0	0.0	0.0	0.0	4.03665	0.0	0.0	0.0	0.0	0.0	0.0	0.0	0.0	0.0	0.0	0.0	0.0	37.51688	0.0	0.0	0.0	0.0	0.0	0.0	0.0	0.0	0.0	0.0	0.0	0.0	0.0	0.0	0.0	0.0	0.0	0.0	0.0	0.0	0.0	0.0	0.0	0.0	0.0	0.0	0.0	0.0	0.86009	0.0	0.0	0.09264	0.0	0.0	0.0	0.0	0.0	0.0	0.0	0.0	0.0	0.0	0.0	0.0	0.0	0.0	0.0	1.2715	0.0	0.0	0.0	0.0	0.0	0.04596	0.0	0.0	0.0	0.0	0.0	0.00107	0.0	0.00439	0.16102	0.0	0.0	0.0	0.0	0.51985	0.0	0.0	0.0	0.0	0.0	0.0	0.0	0.0	0.0	0.0	0.0
SRR26718079	0.0	7.81045	0.0	0.0	0.0	0.0	0.0	0.0	0.0	0.0	0.0	0.0	0.0	0.0	0.0	0.0	0.0	0.0	0.0	0.0	0.0	0.0	0.0	0.0	0.0	0.0	0.0	0.0	0.06972	0.09422	0.26422	0.0	0.0	0.0	0.0	0.0	0.0	51.88076	0.0	0.0	0.0	0.0	0.0	3.44463	0.49773	0.0	0.0	0.60773	0.0	0.0	0.0	0.0	0.0	0.00129	0.0	0.0	0.0	0.0	0.0	0.0	0.0	0.0	0.0	0.0	0.0	0.0	0.0	0.0	0.0	0.0	0.0	0.0	0.00575	0.0	0.0	0.0	0.0	0.0	0.0	0.0	0.0	0.0	0.22656	0.0	0.05965	0.0	0.0	0.0	0.0	0.0	0.0	0.0	0.2348	0.0	0.0	0.0	0.0	0.06868	0.0	0.0	0.28559	0.0	0.01348	0.23961	0.0	0.0	0.0	0.0	0.94345	0.0	0.0	0.0	1.26244	0.03981	0.0	0.0	0.0	0.0	0.30979	0.0	0.0	0.0	0.0	0.0	0.0	0.0	0.0	0.04478	0.0	0.0	0.0	0.0	0.0	0.12185	0.0	0.0	0.0	0.0	0.0	0.0	0.0	0.0	0.0	0.0	0.0	0.0	0.0	0.0	1.06883	0.0	0.02947	0.0	0.03503	0.0	0.0	0.0	0.0	0.0	0.0	0.0	0.0	0.0	0.0	0.0	0.27156	0.06468	0.0	0.0233	0.0	0.0	0.01279	0.0	0.0	0.0	0.0	0.0	0.0	0.0	0.0	0.0	0.0	0.0	0.0	0.0	0.0	0.0	0.0	0.0	0.20508	0.70101	0.0	0.0	0.0	0.0	0.0	0.0	0.0	0.0	0.03096	0.00073	0.0	0.57321	0.0	0.0	0.0	0.0	0.05594	1.6853	0.0	0.0	0.0	0.0	0.0	0.0	0.0	0.0	0.0	0.0	0.0	0.0	0.0	0.0	0.0	0.0	0.0	0.0	0.0	0.0	0.0	0.0	0.0	0.0	0.0	17.7573	0.0	0.0	0.0	0.0	0.0	0.0	0.0	0.0	0.0	0.0	0.0	0.0	0.0	0.0	0.0	0.0	0.0	0.0	0.0	0.0	0.0	0.0	0.0	0.0	0.0	0.0186	0.0	0.0	0.0	0.0	0.0	0.0	0.0	0.0	0.0	0.0	0.0	0.0	0.0	0.0	0.0	0.0	0.0	0.0	0.0	0.0	0.0	0.49783	0.0	0.0	5.50363	0.36106	0.0	0.0	0.0	0.0	0.0	0.0	0.0	0.1386	0.0	0.0	0.01408	0.0	0.0	0.0	0.15332	0.0	0.0	0.0	0.0	0.0	0.24466	0.0	0.0	0.0	0.0	0.0	0.0	0.0	0.28073	1.51031	0.0	0.0	0.0	0.0	0.0	0.22319	0.0	0.0	0.0	0.0	0.0	0.0	0.0	0.0	0.0	0.0118
SRR26718080	0.0	0.0	0.0	0.0	0.0	0.0	0.0	0.0	0.0	0.0	0.0	0.11581	0.0	0.0	0.0	0.0	0.0	0.0	0.0	0.00737	0.0	0.00813	0.0	0.0	0.0	0.0	0.0	0.0	0.05203	0.01877	0.0	0.0	0.0	0.0	0.0	0.0	0.0	60.03448	0.0	0.0	0.0	0.0	0.0	0.32818	0.94103	0.0	0.0	0.05593	0.0	0.0	0.0	0.0	0.0	0.02255	0.0	0.0	0.0	0.0	0.0	0.0	0.0	0.0	0.0	0.0	0.0	0.0	0.0	0.0	0.0	0.0	0.0	0.0	0.0	0.0	0.0	0.0	0.0	0.0	0.0	0.0	0.0	0.0	0.0	0.0	0.0	0.0	0.0	0.0	0.0	0.0	0.0	0.0	0.20788	0.0	0.0	0.0	0.0	0.04782	0.0	0.0	0.0	0.0	0.0	0.0	0.0	0.0	0.0	0.0	0.01792	0.0	0.0	0.0	0.26772	0.06403	0.0	0.0	0.0	0.0	2.98027	0.0	0.0	0.0059	0.0	0.0	0.0	0.0	0.0	0.27601	0.0	0.0	0.0	0.0	0.10719	0.0	0.0	0.0	0.0	0.0	0.06298	0.0	0.0	0.0	0.0	0.00287	0.0	0.0	0.0	0.0	0.00612	0.0	0.0	0.0	0.0	0.03168	0.0	0.0	0.0	0.0	0.0	0.04913	0.0	0.0	0.0	0.0	0.05371	0.12755	0.0	1.43519	0.0	0.0	0.0	0.0	0.0	0.0	0.0	0.0	0.0	0.0	0.0	0.0	0.0	0.0	0.0	0.0	0.0	0.0	0.0	0.0	0.0	0.0	0.0	0.0	0.0	0.0	0.0	0.0	0.0	0.0	0.0	0.0	0.0	0.11211	0.0	0.0	0.0	0.0	0.0	1.64028	0.0	0.0	0.0	0.0	0.0	0.0	0.0	0.0	0.0	0.0	0.0	0.0	0.0	0.0	0.0	0.0	0.0	0.0	0.0	0.0	0.0	0.0	0.08563	0.0	0.0	0.0	0.0	0.0	0.0	0.0	0.0	0.0	0.0	0.0	0.0	0.0	0.0	0.0	0.0	0.0	0.0	0.0	0.0	0.0	29.51018	0.0	0.0	0.0	0.0	0.0	0.0	0.0	0.0	0.0	0.0	0.0	0.0	0.0	0.0	0.0	0.0	0.0	0.0	0.0	0.0	0.0	0.0	0.0	0.0	0.0	0.0	0.0	0.0	0.67264	0.0	0.0	0.0	0.14414	0.0	0.0	0.0	0.0	0.0	0.0	0.0	0.0	0.0	0.0	0.0	0.0	0.0	0.0	0.00163	0.0	0.0	0.0	0.0	0.0	0.0	0.0	0.0	0.0	0.0	0.0	0.0	0.0	0.0	0.50516	0.0	0.0	0.0	0.0	0.0	0.0	0.0	0.0	0.0	0.0	0.0	0.0	0.0	0.0	0.0	0.0
SRR26718081	0.0	0.0	0.0	0.0	0.0	0.0	0.0	0.0	0.0	0.0	0.0	1.47491	0.0	1.6262	0.0	0.0	0.0	0.0	0.0	0.0	0.0	0.0	0.0	0.0	0.0	0.0	0.0	0.0	0.51629	0.01564	0.00183	0.0	0.0	0.0	0.0	0.0	0.0	46.66261	0.0	0.0	0.0	0.0	0.0	0.07878	0.04513	0.0	0.0	0.89536	0.0	0.0	0.0	0.0	0.0	0.0	0.0	0.0	0.0	0.0	0.0	0.0	0.0	0.0	0.0	0.0	0.0	0.0	0.0	0.0	0.0	0.0	0.0	0.0	0.0	0.0	0.0	0.4665	0.0	0.0	0.02405	0.0	0.0	0.0	0.0	0.0	0.0	0.0	0.0	0.0	0.0	0.0	0.0	0.0	0.97625	0.0	0.0	0.0	0.0	0.06111	0.0	0.0	0.0	0.05827	0.0	0.02102	0.0	0.0	0.0	0.0	0.08325	0.0	0.0	0.0	0.06668	0.01042	0.0	0.0	0.0	0.09849	2.92499	0.0	0.0	0.0	0.0	0.0	0.0	0.0	0.0	0.0335	0.0	0.0	0.0	0.0	0.38867	0.0	0.0	0.0	0.0	0.0	0.0	0.0	0.0	0.0	0.0	0.0	0.0	0.0	0.02952	0.0	0.00158	0.0	0.00126	0.0	0.0	0.02823	0.0	0.0	0.0	0.0	0.0	0.0	0.0	0.0	0.0	0.0	0.01173	1.05389	0.0	0.0	0.0	0.0	0.0	0.0	0.0	0.0	0.0	0.0	0.0	0.02016	0.0	0.0	0.0	0.0	0.0	0.0	0.0	0.0	0.0	0.0	0.0	0.0	0.0	0.0	0.0	0.0	0.0	0.0	0.0	0.0	0.02241	0.0	0.0	0.13386	0.0	0.0	0.0	0.0	0.00171	0.0	0.0	0.0	0.0	0.0	0.0	0.0	0.0	0.0	0.0	0.0	0.0	0.0	0.0	0.0	0.0	0.0	0.0	0.0	0.0	0.0	0.0	0.0	0.02033	0.0	0.0	3.40259	0.0	0.0	0.0	0.0	0.0	0.0	0.0	0.0	0.0	0.0	0.0	0.0	0.0	0.0	0.0	0.0	0.0	0.0	28.22935	0.0	0.0	0.0	0.0	0.0	0.0	0.0	0.0	0.0	0.0	0.0	0.0	0.0	0.0	0.0	0.0	0.0	0.0	0.0	0.0	0.0	0.0	0.0	0.0	0.0	0.0	0.0	0.0	2.29407	0.0	0.0	5.00488	0.03085	0.0	0.0	0.0	0.0	0.0	0.0	0.0	0.01351	0.0	0.0	0.0	0.0	0.0	0.0	0.00251	0.0	0.0	0.0	0.0	0.0	0.01847	0.0	0.0	0.0	0.0	0.0	0.0	0.0	0.0	2.97993	0.0	0.0	0.0	0.0	0.1692	0.0	0.0	0.0	0.0	0.0	0.0	0.0	0.0	0.0	0.0	0.0
SRR26718082	0.0	0.0	0.0	0.0	0.0	0.0	0.0	0.0	0.00711	0.0	0.0	0.0	0.0	0.18607	0.0	0.0	0.0	0.0	0.0	0.0	0.0	0.0	0.0	0.0	0.0	0.0	0.0	0.0	0.20251	0.0	0.0	0.0	0.0	0.0	0.0	0.0	0.0	30.32465	0.0	0.0	0.0	0.0	0.0	0.15401	0.08967	0.0	0.0	0.72017	0.0	0.0	0.0	0.0	0.0	0.0	0.0	0.0	0.00894	0.0	0.0	0.0	0.0	0.0	0.0	0.0	0.0	0.0	0.0	0.0	0.0	0.0	0.0	0.0	0.0	0.0	0.0	0.4575	0.0	0.0	0.0	0.0	0.0	0.0	0.0	0.0	0.0	0.0	0.0	0.0	0.0	0.0	0.0	0.0361	0.0	0.0	0.0	0.0	0.0	0.0	0.0	0.0	0.0	0.0	0.0	0.0	0.0	0.0	0.0	0.0	0.13289	0.0	0.0	0.0	1.41713	0.07217	0.0	0.0	0.0	0.22007	5.30411	0.0	0.0	0.0	0.0	0.0	0.0	0.0	0.0	0.24929	0.0	0.0	0.0	0.0	0.0	9.45377	0.0	0.0	0.0	0.0	0.35561	0.0	0.0	0.0	0.0	3.63043	0.0	0.0	0.04142	0.0	0.00983	0.0	0.0	0.0	0.0	0.00021	0.0	0.0	0.0	0.0	0.0	0.0	0.0	0.0	0.0	0.0	0.06306	0.463	0.0	0.0	0.0	0.0	0.0	0.0	0.0	0.0	0.0	0.0	0.0	0.0	0.0	0.0	0.0	0.0	0.0	0.0	0.0	0.0	0.0	0.0	0.00281	0.0	0.0	0.0	0.0	0.0	0.0	0.0	0.0	0.0	0.0	0.0	0.0	0.43331	0.0	0.0	0.0	0.0	0.0	0.0	0.0	0.0	0.0	0.0	0.0	0.0	0.0	0.0	0.0	0.0	0.0	0.0	0.0	0.0	0.0	0.0	0.0	0.0	0.0	0.0	0.0	0.0	0.0	0.0	0.0	5.45808	0.0	0.0	0.0	0.0	0.0	0.0	0.0	0.0	0.0	0.0	0.0	0.0	0.0	0.0	0.0	0.0	0.0	1.00901	26.0266	0.0	0.0	0.0	0.0	0.0	0.0	0.0	0.0	0.0	0.0	0.0	0.0	0.0	0.0	0.0	0.0	0.0	0.0	0.0	0.0	0.0	0.0	0.0	0.0	0.0	0.0	0.0	0.0	2.70636	0.00122	0.0	0.00541	0.0198	0.0	0.0	0.0	0.0	0.0	0.0	0.0	0.03158	0.0	0.0	0.0	0.0	0.0	0.0	0.19303	0.0	1.79291	0.0	0.0	0.0	0.0	0.0	0.0	0.0	0.0	0.0	0.0	0.0	0.23134	1.2147	0.0	0.0	0.0	0.0	0.33733	0.0	0.0	6.93684	0.0	0.0	0.0	0.0	0.0	0.0	0.0	0.0
SRR26718083	0.0	0.0	0.0	0.0	0.0	0.0	0.03157	0.0	0.10911	0.0	0.0	5.60262	0.0	1.56214	0.0	0.0	0.0	0.0	0.0	0.0	0.0	0.06787	0.0	0.0	0.00576	0.0	0.03131	0.0	1.08113	0.0	0.27395	0.0	0.0	0.0	0.0	0.0	0.0	17.84978	0.0	0.0	0.0	0.0	0.03637	4.36667	0.19648	0.0	0.0	1.3335	0.0	0.0	0.0	0.0	0.0	0.0	0.77214	0.0	0.0	0.0	0.0	0.0	0.0	0.0	0.0	0.0	0.0	0.0	0.0	0.0	0.0	0.0	0.0064	0.0	0.0	0.0	0.0	0.07004	0.0	0.0	0.0	0.0	0.0	0.0	0.0	0.0	0.0	0.0	0.0	0.0	0.0	0.0	0.0	0.05724	0.0	0.0	0.0	0.0	0.0	0.08239	0.0	0.0	0.0	0.2577	0.00227	0.08099	0.0	0.07349	0.0	0.0	0.31214	0.0	0.0	0.0	0.06242	1.46461	0.0	0.0	0.0	0.0	0.38055	0.05839	0.0	0.0	0.0	0.0	0.0	0.0	0.0	0.0376	0.0	0.0	0.0	0.0	0.02511	0.0	0.0	0.0	0.0	0.0	0.13046	0.0	0.0	0.0	0.00968	0.00239	0.0	0.0	0.26079	0.0	0.17021	0.0742	0.00135	0.0	0.00757	0.29252	0.0	0.0	0.0	0.0	0.0	0.0	0.0	0.0	0.0	0.0	0.50941	0.0	0.0	0.0	0.0	0.0	0.0	0.0	0.0	0.0	0.0	0.0	0.0	0.02732	0.0	0.00321	0.0	0.0	0.0	0.0	0.0	0.0	0.0	0.0	0.0	0.04662	0.0	0.0	0.0	0.0	0.0	0.0	0.0	0.00108	0.21638	0.0	0.0	0.2325	0.0	0.0	0.0	0.00117	0.04945	0.0	0.0	0.0	0.0	0.0	0.0	0.0	0.0	0.0	0.0	0.0	0.0	0.01261	0.0	0.0	0.0	0.0	0.0	0.0	0.51489	0.0	0.0	0.0	0.20962	0.0	0.0	4.22164	0.0	0.0	0.0	0.0	0.0	0.0	0.0	0.0	0.0	0.0	0.0	0.0	0.0	0.0	0.0	0.0	0.0	0.12945	6.65086	0.0	0.0	0.0	0.0	0.0	0.0	0.00767	0.0	0.0	0.0	0.0	0.0	0.0	0.0	0.08319	0.0	0.0	2.54241	0.0	0.0	0.0	0.0	0.0	0.0	0.0	0.0	0.0	0.0	0.17441	0.0	0.0	2.65865	0.15532	0.0	0.0	0.0	0.0	0.0	0.0	0.0	0.06841	0.0	0.0	0.00816	0.0	0.0	0.0	0.02617	0.0	0.0	0.0	0.0	0.0	0.20741	0.0	0.0	0.0	0.0	0.0	0.0	0.0	0.57232	42.78356	0.0	0.0	0.0	0.0	0.0	0.32327	0.0	0.31078	0.00487	0.0	0.0	0.0	0.0	0.0	0.0	0.00629
SRR26718084	0.0	0.10818	0.0	0.0	0.0	0.0	0.00075	0.0	0.07366	0.0	0.0	0.32428	0.0	6.92077	0.0	0.0	0.0	0.0	0.0	0.0	0.0	0.00342	0.0	0.0	0.0	0.0	0.0	0.0	0.01356	0.08174	0.03236	0.0	0.0	0.0	0.0	0.0	0.0	12.21316	0.0	0.0	0.0	0.0	0.0	0.60601	0.0	0.0	0.0	0.13723	0.0	0.0	0.0	0.0	0.0	0.0	0.0	0.0	0.0	0.0	1.22269	0.0	0.0	0.0	0.0	0.0	0.0	0.0	0.0	0.0	0.0	0.0	0.0	0.0	0.0	0.0	0.0	0.8435	0.0	0.02189	0.00534	0.0	0.0	0.0	0.0	0.0	0.20526	0.0	0.0	0.0	0.0	0.0	0.0	0.0	0.04974	0.0	0.00741	0.0	0.0	0.10565	0.0	0.0	0.0	0.27256	0.0	0.0	0.0	0.0	0.0	0.0	0.50297	0.0	0.0	0.0	0.11215	0.02106	0.02873	0.0	0.0	0.00068	1.71618	0.07047	0.0	0.0	0.0	0.0	0.0	0.0	0.0	0.0246	0.0	0.0	0.0	0.0	0.11361	0.0	0.0	0.0	0.0	0.0	0.01281	0.0	0.0	0.0	0.0	0.00487	0.0	0.0	0.00777	0.0	0.02054	0.0	0.2052	0.0	0.0	0.00424	0.0	0.0	0.0735	0.0	0.0	0.03648	0.0	0.0	0.0	0.0	0.00414	1.9992	0.0	0.27848	0.0	0.0	0.0	0.0	0.0	0.0	0.0	0.0	0.0	0.06772	0.0	0.0	0.0	0.0	0.0	0.0	0.0	0.0	0.0	0.0	0.0	0.0	0.0	0.0	0.0	0.0	0.0	0.0	0.0	0.0	0.0	0.0	0.0	0.03171	0.0	0.0	0.0	0.02385	0.0	0.31966	0.0	0.0	0.0	0.0	0.0	0.0	0.0	0.0	0.0	0.0	0.0	0.0	0.0	0.0	0.0	0.0	0.0	0.0	0.0	0.0	0.0	0.0	1.47517	0.0	0.0	4.38976	0.0	0.0	0.0	0.0	0.0	0.53348	0.0	0.0	0.0	0.0	0.0	0.0	0.0	0.0	0.0	0.0	0.0	0.16533	22.6711	0.0	0.0	0.0	0.0	0.0	0.0	0.0	0.0	0.0	0.0	0.00618	0.0	0.0	0.0	0.00243	0.0	0.0	0.23461	0.0	0.0	0.0	0.0	0.00113	0.0	0.0	0.0	0.0	0.0	1.1802	0.0	0.0	6.84962	0.04021	0.0	0.0	0.0	0.0	0.0	0.0	0.0	0.0051	0.0	0.0	0.31652	0.0	0.0	0.0	0.01738	0.0	5.04356	0.0	0.0	0.0	0.0	0.0	0.0	0.0	0.0	0.0	0.0	0.0	0.0	27.65533	0.0	0.0	0.0	0.0	0.0	0.24825	0.0	0.23487	0.0	0.0	0.0	0.0	0.0	0.0	0.0	0.0
SRR26718085	0.0	0.41744	0.0	0.0	0.0	0.0	0.00184	0.0	0.04017	0.0	0.0	6.35223	0.0	34.59979	0.0	0.0	0.0	0.0	0.0	0.0	0.0	0.00392	0.0	0.0	0.0	0.0	0.07215	0.0	0.02402	0.0	0.04141	0.0	0.0	0.0	0.0	0.0	0.0	15.76803	0.0	0.0	0.0	0.0	0.0	4.18232	0.69222	0.0	0.0	0.08483	0.0	0.0	0.0	0.0	0.0	0.0	0.51776	0.0	0.0	0.0	0.89653	0.0	0.0	0.0	0.0	0.0	0.0	0.0	0.0	0.0	0.0	0.0	0.00032	0.0	0.0	0.0	0.0	0.45563	0.0	0.0	0.03824	0.0	0.0	0.0	0.0	0.0	0.0	0.0	0.0	0.0	0.0	0.0	0.0	0.44614	0.0	0.0	0.0	0.0	0.0	0.02701	0.0	0.0	0.0	1.40651	0.0	0.00172	0.0	0.0	0.0	0.0	0.06734	0.0	0.0	0.0	3.02405	0.07738	0.0	0.0	0.0	0.0	5.47782	0.0	0.0	0.0	0.0	0.0	0.0	0.0	0.0	0.16557	0.0	0.00459	0.0	0.0	0.02346	0.0	0.0	0.0	0.0	0.0	0.18928	0.0	0.0	0.0	0.01548	0.0	0.0	0.0	0.06402	0.0	0.01814	0.0	0.0	0.0	0.0	0.03732	0.0	0.0	0.02524	0.0	0.0	0.00835	0.0	0.0	0.0	0.0	0.02945	0.31979	0.02737	0.18474	0.0	0.0	0.0	0.0	0.0	0.0	0.0	0.0	0.0	0.07173	0.0	0.00226	0.0	0.0	0.0	0.0	0.01968	0.0	0.0	0.0	0.0	0.0	0.0	0.0	0.0	0.0	0.0	0.0	0.0	0.0	0.0	0.00171	0.0	0.02357	0.0	0.0	0.0	0.02602	0.0	0.62516	0.0	0.0	0.0	0.0	0.0	0.0	0.0	0.0	0.0	0.0	0.0	0.0	0.0	0.0	0.0	0.0	0.0	0.0	0.0	0.0	0.0	0.0	1.4846	0.08761	0.0	1.26105	0.0	0.0	0.0	0.0	0.0	1.03182	0.0	0.0	0.0	0.0	0.0	0.0	0.0	0.0	0.0	0.0	0.0	1.17435	3.54081	0.0	0.0	0.0	0.0	0.0	0.00177	0.00086	0.0	0.0	0.0	0.00836	0.0	0.0	0.0	0.01955	0.0	0.0	0.0	0.0	0.0	0.0	0.0	0.0	0.0	0.0	0.0	0.0	0.0	1.39877	0.0	0.0	7.75761	0.38515	0.0	0.0	0.0	0.0	0.0	0.0	0.0	0.00222	0.0	0.0	0.01018	0.0	0.0	0.0	0.00958	0.0	0.0	0.0	0.0	0.0	0.0	0.0	0.0	0.0	0.0	0.0	0.0	0.0	0.0	5.06142	0.0	0.0	0.0	0.0	0.0	0.06615	0.0	0.09842	0.0	0.0	0.0	0.0	0.0	0.0	0.0	0.0
SRR26718086	0.0	0.0	0.0	0.0	0.0	0.0	0.0	0.0	0.13847	0.0	0.0	0.0	0.0	0.0	0.0	0.0	0.0	0.0	0.0	0.0	0.0	0.03376	0.0	0.0	0.0	0.0	0.0	0.0	0.26103	0.0	0.0	0.0	0.0	0.0	0.0	0.0	0.0	40.70243	0.0	0.0	1.36816	0.0	0.0	0.37394	0.00271	0.0	0.0	0.25325	0.0	0.0	0.0	0.0	0.0	0.0	0.08595	0.0	0.0	0.0	0.0	0.0	0.0	0.0	0.0	0.0	0.0	0.0	0.0	0.0	0.0	0.0	0.0	0.0	0.0	0.0	0.0	0.9914	0.0	0.0	0.01468	0.0	0.0	0.0	0.0	0.0	0.08865	0.0	0.0	0.0	0.0	0.0	0.0	0.0	0.87147	0.0	0.0	0.0	0.0	0.0	0.0	0.0	0.0	0.00423	0.0	0.0	0.0	0.0	0.0	0.0	0.01033	0.0	0.0	0.0	0.05317	0.08005	0.0	0.0	0.0	0.04602	0.73578	0.02333	0.0	0.0	0.0	0.0	0.0	0.0	0.0	0.01248	0.0	0.0	0.0	0.0	0.14819	0.75358	0.0	0.0	0.0	0.0	0.0	0.0	0.0	0.0	0.0	0.00961	0.0	0.0	0.0	0.0	0.0	0.0	0.02898	0.0	0.0	0.0	0.0	0.0	0.06709	0.0	0.0	0.0	0.0	0.0	0.0	0.0	0.0	1.42068	0.0	0.58429	0.0	0.0	0.0	0.0	0.0	0.0	0.0	0.0	0.0	0.0	0.0	0.0	0.0	0.0	0.0	0.0	0.0	0.0	0.0	0.0	0.0	0.0	0.0	0.0	0.0	0.0	0.0	0.0	0.0	0.0	0.0	0.0	0.0	0.05128	0.0	0.2837	0.0	0.0	0.0	0.12924	0.0	0.0	0.0	0.0	0.0	0.0	0.0	0.0	0.0	0.0	0.0	0.0	0.0	0.0	0.0	0.0	0.0	0.0	0.0	0.0	0.0	0.0	0.0	0.0	0.0	3.23262	0.0	0.0	0.0	0.0	0.0	0.0	0.0	0.0	0.0	0.0	0.0	0.0	0.0	0.0	0.0	0.0	0.0	0.01131	41.51212	0.0	0.0	0.0	0.0	0.0	0.0	0.0	0.0	0.0	0.0	0.0	0.0	0.0	0.0	0.0	0.0	0.0	0.0	0.0	0.0	0.0	0.0	0.0	0.0	0.0	0.0	0.0	0.0	2.01684	0.0	0.0	0.0	0.0	0.0	0.0	0.0	0.0	0.0	0.0	0.0	0.00068	0.0	0.0	0.0	0.0	0.0	0.0	0.0	0.0	1.05729	0.0	0.0	0.0	0.0	0.0	0.0	0.0	0.0	0.0	0.0	0.0	0.0	2.21006	0.0	0.0	0.0	0.0	0.01307	0.0	0.0	0.31804	0.0	0.0	0.0	0.0	0.0	0.0	0.0	0.0
SRR26718087	0.0	0.0	0.0	0.0	0.0	0.0	0.0	0.0	0.05738	0.0	0.0	0.01181	0.0	1.22698	0.0	0.0	0.0	0.0	0.0	0.02347	0.0	0.02534	0.0	0.0	0.0	0.0	0.0	0.0	0.15435	0.00436	0.01069	0.0	0.0	0.0	0.0	0.0	0.0	16.02875	0.0	0.0	0.0	0.0	0.0	0.11774	0.70858	0.0	0.0	2.18632	0.0	0.0	0.0	0.0	0.0	0.0	0.0	0.0	0.0	0.0	0.0	0.0	0.0	0.0	0.0	0.0	0.0	0.0	0.0	0.0	0.0	0.0	0.0	0.0	0.0	0.0	0.0	0.25945	0.0	0.0	0.09947	0.0	0.0	0.0	0.0	0.0	0.02189	0.0	0.0	0.0	0.0	0.0	0.0	0.01137	0.0	0.0	0.07959	0.0	0.0	0.12433	0.0	0.0	0.0	0.29128	0.00389	0.02024	0.0	0.02406	0.0	0.26857	0.04306	0.0	0.0	0.0	1.48053	0.0	0.0	0.0	0.0	0.12718	5.18931	0.02036	0.0	0.23592	0.0	0.0	0.0	0.0	0.0	0.47553	0.0	0.0	0.0	0.0	0.25849	1.41267	0.0	0.0	0.0	0.0	0.0	0.0	0.0	0.0	0.0	0.37725	0.0	0.0	0.02797	0.0	0.05486	0.0	0.11514	0.0	0.0	0.0	0.0	0.0	0.0	0.0	0.0	0.0	0.0	0.0	0.0	0.0	0.05004	0.10818	0.0	0.19748	0.0	0.0	0.0	0.0	0.0	0.0	0.0	0.0	0.0	0.02451	0.0	0.0	0.0	0.0	0.0	0.0	0.0	0.0	0.0	0.0	0.0	0.0	0.0	0.0	0.0	0.0	0.0	0.0	0.0	0.00225	0.0	0.0	0.0	1.52471	0.0	0.0	0.0	0.11351	0.0	0.0	0.0	0.0	0.0	0.0	0.0	0.0	0.0	0.0	0.0	0.0	0.0	0.0	0.0	0.0	0.0	0.0	0.0	0.0	0.0	0.0	0.0	0.0	0.05263	0.0	0.0	4.94939	0.0	0.0	0.00521	0.0	0.0	0.00634	0.0	0.0	0.0	0.0	0.0	0.0	0.0	0.0	0.0	0.0	0.0	0.61753	52.78037	0.0	0.0	0.0	0.0	0.0	0.0	0.0	0.0	0.0	0.0	0.0	0.0	0.0	0.0	0.00696	0.0	0.0	0.0	0.0	0.0	0.0	0.0	0.0	0.0	0.0	0.0	0.0	0.0	0.07864	0.0	0.0	1.06737	0.92198	0.0	0.0	0.0	0.0	0.0	0.0	0.0	0.00591	0.0	0.0	0.01215	0.0	0.0	0.0	0.01534	0.0	4.05403	0.0	0.0	0.0	0.03561	0.0	0.0	0.0	0.0	0.0	0.0	0.0	0.0	1.78485	0.0	0.0	0.0	0.0	0.00684	0.0	0.0	0.0	0.0	0.0	0.0	0.0	0.0	0.0	0.0	0.0
SRR26718088	0.0	0.0	0.0	0.0	0.0	0.0	0.0	0.0	0.09747	0.0	0.0	0.0	0.0	0.0	0.0	0.0	0.0	0.0	0.0	0.0	0.0	0.00123	0.0	0.0	0.0	0.0	0.0	0.0	0.00829	0.21063	0.0032	0.0	0.0	0.0	0.0	0.0	0.0	19.82659	0.0	0.0	0.0	0.0	0.0	0.03503	0.10385	0.0	0.0	0.11922	0.0	0.0	0.0	0.0	0.0	0.0	0.0	0.0	0.0	0.0	0.0	0.0	0.0	0.0	0.0	0.0	0.0	0.0	0.0	0.0	0.0	0.0	0.0	0.0	0.0	0.0	0.0	0.17894	0.0	0.0	0.0	0.0	0.0	0.0	0.0	0.0	0.0	0.0	0.0	0.0	0.0	0.0	0.0	0.0	0.0	0.0	0.0	0.0	0.0	0.0361	0.0	0.0	0.0	0.0	0.0	0.0	0.0	0.0	0.0	0.0	0.04451	0.0	0.0	0.0	1.62114	0.01441	0.0	0.0	0.0	0.0	4.44694	0.0	0.0	0.0	0.0	0.0	0.0	0.0	0.0	0.073	0.0	0.0	0.0	0.0	0.16268	0.14421	0.0	0.0	0.0	0.0	0.0	0.0	0.0	0.0	0.0	0.85653	0.0	0.0	0.07116	0.0	0.01304	0.0	0.0	0.0	0.0	0.01031	0.0	0.0	0.0	0.0	0.0	0.0	0.0	0.0	0.0	0.0	0.04372	0.664	0.0	0.62194	0.0	0.0	0.0	0.0	0.0	0.0	0.0	0.0	0.0	0.0	0.0	0.0	0.0	0.0	0.0	0.0	0.0	0.0	0.0	0.0	0.0	0.0	0.0	0.0	0.0	0.0	0.0	0.0	0.0	0.0	0.0	0.0	0.0	0.17691	0.0	0.0	0.0	0.0	0.0	0.0	0.0	0.0	0.0	0.0	0.0	0.0	0.0	0.0	0.0	0.0	0.0	0.0	0.0	0.0	0.00314	0.0	0.0	0.0	0.0	0.0	0.0	0.0	0.52891	0.0	0.0	2.23559	0.0	0.0	0.0	0.0	0.0	0.0	0.0	0.0	0.0	0.0	0.0	0.0	0.0	0.0	0.0	0.0	0.0	1.36578	53.79725	0.0	0.0	0.0	0.0	0.0	0.0	0.0	0.0	0.0	0.0	0.0	0.0	0.0	0.0	0.0	0.0	0.0	0.0	0.0	0.0	0.0	0.0	0.0	0.0	0.0	0.0	0.0	0.0	2.49992	0.0	0.0	2.47949	0.01302	0.0	0.0	0.0	0.0	0.0	0.0	0.0	0.0	0.0	0.0	0.0	0.0	0.0	0.0	0.00088	0.0	0.0	0.0	0.0	0.0	0.0	0.0	0.0	0.0	0.0	0.0	0.0	0.0	0.35965	5.22312	0.0	0.0	0.0	0.0	0.0	0.0	0.0	1.9082	0.0	0.0	0.0	0.0	0.0	0.0	0.0	0.0
SRR26718089	0.0	0.0	0.0	0.0	0.0	0.0	0.0	0.0	0.03973	0.0	0.0	0.00284	0.0	0.34872	0.0	0.0	0.0	0.0	0.0	0.0	0.0	0.03652	0.0	0.0	0.0	0.0	0.0	0.0	0.05232	0.0896	0.0	0.0	0.0	0.0	0.0	0.0	0.0	47.7136	0.0	0.0	0.0	0.0	0.0	0.06879	0.00105	0.0	0.0	0.33651	0.0	0.0	0.0	0.0	0.0	0.0	0.0	0.0	0.0	0.0	0.03508	0.0	0.0	0.0	0.0	0.0	0.0	0.0	0.0	0.0	0.0	0.0	0.0	0.0	0.0	0.0	0.0	0.09222	0.0	0.0	0.0	0.0	0.0	0.0	0.0	0.0	0.0	0.0	0.0	0.0	0.0	0.0	0.0	0.0	0.0	0.0	0.05252	0.0	0.0	0.1376	0.0	0.0	0.0	0.0704	0.0	0.0	0.0	0.0	0.0	0.0	0.0	0.0	0.0	0.0	0.31559	0.22601	0.0	0.0	0.0	0.03694	0.2904	0.07987	0.0	0.0	0.0	0.0	0.0056	0.0	0.0	0.06574	0.0	0.0	0.0	0.0	0.1339	0.0	0.0	0.0	0.0	0.0	0.01936	0.0	0.0	0.0	0.0	0.0	0.0	0.0	0.0	0.0	0.0	0.0	0.0	0.0	0.0	0.0	0.0	0.0	0.0	0.0	0.0	0.0	0.0	0.0	0.0	0.0	0.0	1.02847	0.0	0.07617	0.0	0.0	0.0	0.0	0.0	0.0	0.0	0.0	0.0	0.0	0.0	0.0	0.0	0.0	0.0	0.0	0.0	0.0	0.0	0.0	0.0	0.0	0.0	0.0	0.0	0.0	0.0	0.0	0.0	0.0	0.0	0.0	0.0	0.08265	0.0	0.0	0.0	0.0	0.0	0.0	0.0	0.0	0.0	0.0	0.0	0.0	0.0	0.0	0.0	0.0	0.0	0.0	0.0	0.0	0.0	0.0	0.0	0.0	1.07119	0.0	0.0	0.0	0.30755	0.0	0.0	2.09335	0.0	0.0	0.0	0.0	0.0	1.06722	0.0	0.0	0.0	0.0	0.0	0.0	0.0	0.0	0.0	0.0	0.0	0.30091	39.46077	0.0	0.0	0.0	0.0	0.0	0.0	0.04645	0.0	0.0	0.0	0.0	0.0	0.0	0.0	0.0	0.0	0.0	0.0	0.0	0.0	0.0	0.0	0.0	0.0	0.0	0.0	0.0	0.0	0.20773	0.0	0.0	2.01764	0.00088	0.0	0.0	0.0	0.0	0.0	0.0	0.0	0.0	0.0	0.0	0.0	0.0	0.0	0.0	0.0	0.0	0.0	0.0	0.0	0.0	0.0	0.0	0.0	0.0	0.0	0.0	0.0	0.0	0.0188	1.82498	0.0	0.0	0.0	0.0	0.0	0.02426	0.0	0.12007	0.0	0.0	0.0	0.0	0.0	0.0	0.0	0.0
SRR26718090	0.0	0.0	0.0	0.0	0.0	0.0	0.07017	0.0	0.0	0.0	0.0	0.87509	0.0	3.94549	0.0	0.0	0.0	0.0	0.0	0.0	0.0	0.09124	0.0	0.0	0.0	0.0	0.01926	0.0	0.13726	0.07101	0.04976	0.0	0.0	0.0	0.0	0.0	0.0	29.05395	0.0	0.0	0.0	0.0	0.0	1.34981	0.86329	0.00899	0.0	2.80956	0.0	0.0	0.0	0.0	0.0	0.0	0.27205	0.0	0.0	0.0	0.0	0.0	0.0	0.0	0.0	0.0	0.0	0.0	0.0	0.0	0.0	0.0	0.00092	0.0	0.0	0.0	0.0	0.24977	0.0	0.0	0.257	0.0	0.0	0.0	0.0571	0.0	0.0	0.0	0.0	0.0	0.00309	0.0	0.0	0.0	0.0	0.0	0.0	0.0	0.0	0.0	0.0	0.0	0.0	2.25776	0.24119	0.13019	0.0	0.0	0.0	0.11234	0.47119	0.0	0.0	0.0	1.26754	0.10907	0.0	0.0	0.0	0.0	3.5605	0.00098	0.0	0.1072	0.0	0.0	0.0	0.0	0.0	2.68694	0.0	0.23876	0.0	0.01901	0.0	0.0	0.0	0.0	0.0	0.0	0.0	0.0	0.10755	0.0	0.0	0.0	0.0	0.0	0.20399	0.0	0.95434	0.0	0.0	0.0	0.0323	0.0	0.0	0.0	0.0	0.0	0.0	0.19848	0.0	0.0	0.0	0.0	0.52832	0.99808	0.0	0.93742	0.0	0.0	0.0	0.0	0.0	0.0	0.0	0.0	0.0	0.0	0.0	0.0088	0.0	0.0	0.0	0.0	0.0	0.0	0.0	0.0	0.0	0.0094	0.0	0.0	0.0	0.0	0.0	0.0	0.0	0.02714	0.07106	0.0	0.0	1.9575	0.0	0.0	0.0	0.0	0.0	0.0	0.0	0.0	0.0	0.0	0.0	0.0	0.0	0.0	0.0	0.0	0.0	0.0	0.0	0.0	0.0	0.0	0.0	0.0	0.0	0.0	0.0	0.0	0.64837	0.0	0.0	2.66533	0.0	0.0	0.0	0.0	0.0	2.0151	0.0	0.0	0.0	0.0	0.0	0.0	0.0	0.0	0.0	0.0	0.0	2.50872	18.33179	0.0	0.0	0.0	0.0	0.0	0.0	0.07405	0.0	0.0	0.0	0.0	0.0	0.0	0.0	0.0	0.0	0.0	0.0	0.0	0.0	0.0	0.0	0.0	0.0	0.0	0.0	0.0	0.0	1.7612	0.00152	0.0	1.89172	0.95596	0.0	0.0	0.0	0.0	0.0	0.0	0.29061	0.40947	0.0	0.0	0.0	0.0	0.0	0.0	0.22284	0.0	0.0	0.0	0.0	0.0	0.66279	0.0	0.0	0.0	0.0	0.0	0.00186	0.0	0.0	9.82222	0.0	0.0	0.0	0.0	0.0	0.0	0.0	0.31457	0.0	0.0	0.0	0.0	0.0	0.0	0.0	0.0
SRR26718091	0.0	0.0	0.0	0.0	0.0	0.0	0.0	0.0	0.15494	0.0	0.0	0.0	0.0	2.72067	0.0	0.0	0.0	0.0	0.0	0.0	0.0	0.19355	0.0	0.0	0.0	0.0	0.0	0.0	0.26107	0.00248	0.0	0.0	0.0	0.0	0.0	0.0	0.0	53.43637	0.0	0.0	0.0	0.0	0.0	0.4171	0.19279	0.0	0.0	1.76385	0.0	0.0	0.0	0.0	0.0	0.0	0.78383	0.0	0.03158	0.0	0.0	0.0	0.0	0.0	0.0	0.0	0.0	0.0	0.00173	0.0	0.0	0.0	0.0	0.0	0.00112	0.0	0.0	0.15789	0.0	0.0	0.02797	0.0	0.0	0.0	0.0	0.0	0.0	0.0	0.0	0.0	0.0	0.0	0.0	0.0	1.24114	0.0	0.00498	0.0	0.0	0.37992	0.0	0.0	0.0	0.13496	0.0	0.0	0.0	0.0	0.0	0.01388	0.00739	0.0	0.0	0.0	0.14894	0.09106	0.0	0.0	0.0	0.0	2.77166	0.0	0.0	0.0	0.0	0.0	0.0	0.0	0.0	0.0896	0.0	0.02783	0.0	0.00705	0.65259	0.00464	0.0	0.0	0.0	0.0	1.20252	0.0	0.0	0.0	0.0	1.91487	0.0	0.0	0.10366	0.0	0.00085	0.0	0.0779	0.0	0.19499	0.0	0.0	0.0	0.0	0.0	0.0	0.13363	0.00436	0.0	0.0	0.0	0.0022	0.80494	0.0	0.68635	0.0	0.0	0.0	0.0	0.0	0.0	0.0	0.0	0.0	0.0	0.0	0.0	0.0	0.0	0.0	0.0	0.0	0.0	0.0	0.0	0.0	0.0333	0.0	0.0	0.0	0.0	0.0	0.0	0.0	0.0	0.01509	0.0	0.0	0.96123	0.0	0.0	0.0	0.01329	0.0	0.0	0.0	0.0	0.0	0.0	0.0	0.0	0.0	0.0	0.0	0.0	0.0	0.0	0.12137	0.0	0.0	0.0	0.0	0.0	0.0	0.05946	0.0	0.0	0.00112	0.0	0.0	5.60642	0.0	0.0	0.0	0.0	0.0	2.19771	0.0	0.0	0.0	0.0	0.0	0.0	0.0	0.0	0.0	0.0	0.0	0.42922	0.0	0.0	0.0	0.0	0.0	0.0	0.0	0.0	0.0	0.0	0.0	0.0	0.0	0.0	0.00855	0.00748	0.0	0.0	0.0	0.0	0.0	0.0	0.0	0.0	0.0	0.0	0.0	0.0	0.0	9.42057	0.0	0.0	3.74625	0.0094	0.0	0.0	0.0	0.0	0.0	0.0	0.0	0.04181	0.0	0.0	0.0	0.0	0.0	0.0	0.55024	0.0	0.0	0.0	0.0	0.0	0.19438	0.0	0.0	0.0	0.0	0.0	0.10357	0.0	0.0	4.20608	0.0	0.0	0.0	0.0	1.2652	0.11515	0.0	0.04427	0.0	0.0	0.0	0.0	0.0	0.0	0.0	0.0
SRR26718092	0.0	0.0	0.0	0.0	0.0	0.0	0.0	0.0	0.02064	0.0	0.0	0.08752	0.0	0.35276	0.0	0.0	0.0	0.0	0.0	0.0	0.0	0.0	0.0	0.0	0.0	0.0	0.00063	0.0	0.03113	0.0	0.0	0.0	0.0	0.0	0.0	0.0	0.0	64.26759	0.0	0.0	0.0	0.0	0.0	0.42517	0.80619	0.0	0.0	0.16274	0.0	0.0	0.0	0.0	0.0	0.0	0.0	0.0	0.0	0.0	0.51061	0.0	0.0	0.0	0.0	0.0	0.0	0.0	0.0	0.0	0.0	0.0	0.0	0.0	0.0	0.0	0.0	0.09576	0.0	0.0	0.0	0.0	0.0	0.0	0.0	0.0	0.01175	0.0	0.0	0.0	0.0	0.0	0.0	0.07913	0.37766	0.0	0.01602	0.0	0.0	0.08477	0.0	0.0	0.0	0.13744	0.01501	0.0	0.0	0.0	0.0	0.0	0.29925	0.0	0.0	0.0	0.05404	0.00776	0.0	0.0	0.0	0.00907	1.53722	0.25969	0.0	0.0	0.0	0.0	0.0	0.0	0.0	0.81099	0.0	0.0	0.0	0.00077	0.13904	0.20923	0.0	0.0	0.0	0.0	0.0	0.0	0.0	0.0	0.0081	0.00213	0.0	0.0	0.0	0.0	0.04075	0.0	0.07095	0.0	0.0	0.0	0.0	0.0	0.0	0.0	0.0	0.0	0.0	0.0	0.0	0.0	0.05035	0.53199	0.0	0.84567	0.0	0.0	0.0	0.0	0.0	0.0	0.0	0.0	0.0	0.0	0.0	0.0	0.0	0.0	0.0	0.0	0.0	0.0	0.0	0.0	0.0	0.04708	0.0	0.0	0.0	0.0	0.0	0.0	0.0	0.0	0.0	0.0	0.0	0.10115	0.21331	0.0	0.0	0.05413	0.0	1.46124	0.0	0.0	0.0	0.0	0.0	0.0	0.0	0.0	0.0	0.0	0.0	0.00074	0.0	0.0	0.0	0.0	0.0	0.0	0.0	0.0	0.0	0.0	0.02641	0.0	0.0	6.00824	0.0	0.0	0.0	0.0	0.0	0.0	0.0	0.0	0.0	0.0	0.0	0.0	0.0	0.0	0.0	0.0	0.0	0.0	14.83703	0.0	0.0	0.0	0.0	0.0	0.0	0.0	0.0	0.0	0.0	0.0	0.0	0.0	0.0	0.00716	0.0	0.0	0.0	0.0	0.0	0.0	0.0	0.0	0.0	0.0	0.0	0.0	0.0	2.2537	0.0	0.0	0.56407	0.0219	0.0	0.0	0.0	0.0	0.0	0.0	0.0	0.0	0.0	0.0	0.0	0.0	0.0	0.0	0.00961	0.0	0.0	0.0	0.0	0.0	0.0	0.0	0.0	0.0	0.0	0.0	0.0	0.0	0.0	1.73075	0.0	0.0	0.0	0.0	0.0	0.26898	0.0	0.03497	0.0	0.0	0.0	0.0	0.0	0.0	0.0	0.0
SRR26718093	0.0	0.10651	0.0	0.0	0.0	0.0	0.0	0.0	0.00235	0.0	0.0	0.0	0.0	1.5925	0.0	0.0	0.0	0.0	0.0	0.0	0.0	0.04421	0.0	0.0	0.0	0.0	0.0	0.00089	0.18131	0.0	0.0	0.0	0.0	0.0	0.0	0.0	0.0	35.8819	0.0	0.0	0.0	0.0	0.0	0.13253	0.05303	0.0	0.0	0.10339	0.0	0.0	0.0	0.0	0.0	0.0	0.09844	0.0	0.0	0.0	0.20659	0.0	0.0	0.0	0.0	0.0	0.0	0.0	0.0	0.0	0.0	0.0	0.0	0.0	0.0	0.0	0.0	0.16156	0.0	0.0	0.02113	0.0	0.0	0.0	0.0	0.0	0.15744	0.0	0.0	0.0	0.0	0.0	0.0	0.0	0.27942	0.0	0.0	0.0	0.0	0.0	0.0	0.0	0.0	0.03457	0.0	0.0	0.0	0.0	0.0	0.05084	0.00149	0.0	0.0	0.0	0.00956	0.27617	0.0	0.0	0.0	0.0	1.13287	0.0	0.0	0.00129	0.0	0.0	0.0	0.0	0.0	0.01275	0.0	0.0	0.0	0.0	0.17564	0.0	0.0	0.0	0.0	0.0	0.03484	0.0	0.0	0.0	0.0	0.05472	0.0	0.0	0.00655	0.0	0.0	0.0	0.01787	0.0	0.0076	0.0	0.0	0.0	0.0	0.0	0.0	0.00212	0.0	0.0	0.0	0.0	0.00018	0.50173	0.0	0.46409	0.0	0.0	0.0	0.0	0.0	0.0	0.0	0.0	0.0	0.0	0.0	0.0	0.0	0.0	0.0	0.0	0.0	0.0	0.0	0.0	0.0	0.0	0.0	0.0	0.0	0.0	0.0	0.0	0.0	0.0	0.0	0.0	0.0	0.3087	0.0	0.0	0.0	0.0	0.0	0.13698	0.0	0.0	0.0	0.0	0.0	0.0	0.0	0.0	0.0	0.0	0.0	0.0	0.0	0.0	0.0	0.0	0.0	0.0	0.94435	0.0	0.0	0.0	0.13851	0.0	0.0	3.23528	0.0	0.0	0.0	0.0	0.0	1.0121	0.0	0.0	0.0	0.0	0.0	0.0	0.0	0.0	0.0	0.0	0.0	0.66094	35.71675	0.0	0.0	0.0	0.0	0.0	0.0	0.0	0.0	0.0	0.0	0.0	0.0	0.0	0.0	0.0	0.0	0.0	0.0	0.0	0.0	0.0	0.0	0.0	0.0	0.0	0.0	0.0	0.0	3.03829	0.0	0.0	2.79691	0.00968	0.0	0.0	0.0	0.0	0.0	0.0	0.0	0.0	0.0	0.0	0.0	0.0	0.0	0.0	0.08401	0.0	0.0	0.0	0.0	0.0	0.03366	0.0	0.0	0.0	0.0	0.0	0.00187	0.0	0.0	9.4911	0.0	0.0	0.0	0.0	0.36221	0.003	0.0	0.2118	0.0	0.0	0.00576	0.0	0.0	0.0	0.0	0.0
SRR26718094	0.0	0.0	0.0	0.0	0.0	0.0	0.0	0.0	0.02377	0.0	0.0	0.10476	0.0	0.55315	0.0	0.0	0.0	0.0	0.0	0.0	0.0	0.00244	0.0	0.0	0.0	0.0	0.0	0.0	0.05642	0.00207	0.00046	0.0	0.0	0.0	0.0	0.0	0.0	24.9359	0.0	0.0	0.0	0.0	0.0	0.22664	0.16184	0.0	0.0	0.20853	0.0	0.0	0.0	0.0	0.0	0.0	0.9645	0.0	0.0	0.0	0.45453	0.0	0.0	0.0	0.0	0.0	0.0	0.0	0.0	0.0	0.0	0.0	0.0	0.0	0.09692	0.0	0.0	0.40816	0.0	0.0	0.00896	0.0	0.0	0.0	0.00552	0.0	0.0	0.0	0.0	0.0	0.0	0.0	0.0	0.06065	0.0	0.0	0.03824	0.0	0.0	0.0139	0.0	0.0	0.0	0.20397	0.0	0.0	0.0	0.0	0.0	0.23705	0.11291	0.0	0.0	0.0	0.3358	0.013	0.0	0.0	0.0	0.08762	3.69124	0.07894	0.0	0.0	0.0	0.0	0.0	0.0	0.0	0.06309	0.0	0.0	0.0	0.0	0.06357	0.0	0.0	0.0	0.0	0.0	0.08924	0.0	0.0	0.0	0.0	0.0086	0.0	0.0	0.08175	0.0	0.00017	0.0	0.07239	0.0	0.0	0.08113	0.0	0.0	0.0	0.0	0.0	0.03968	0.0	0.0	0.0	0.0	0.01074	0.55152	0.0	0.60281	0.0	0.0	0.0	0.0	0.0	0.0	0.0	0.0	0.0	0.0	0.0	0.0	0.0	0.0	0.0	0.0	0.0	0.0	0.0	0.0	0.0	0.0	0.0	0.0	0.0	0.0	0.0	0.0	0.0	0.0	0.0	0.0	0.0	0.00727	0.0	0.0	0.0	0.0	0.0	0.06179	0.0	0.0	0.0	0.0	0.0	0.0	0.0	0.0	0.0	0.0	0.0	0.0	0.1059	0.0	0.0	0.0	0.0	0.0	0.0	0.0	0.0	0.0	0.0	0.0	0.0	7.23252	0.0	0.0	0.0	0.0	0.0	1.05071	0.0	0.0	0.0	0.0	0.0	0.0	0.0	0.0	0.0	0.0	0.0	1.19477	42.40837	0.0	0.0	0.0	0.0	0.0	0.0	0.0	0.0	0.0	0.0	0.0	0.0	0.0	0.0	0.0	0.0	0.0	0.05799	0.0	0.0	0.0	0.0	0.0	0.0	0.0	0.0	0.0	0.0	2.78851	0.0	0.0	3.17213	0.01439	0.0	0.0	0.0	0.0	0.0	0.0	0.0	0.0	0.0	0.0	0.0	0.0	0.0	0.0	0.00281	0.0	0.0	0.0	0.0	0.0	0.0	0.0	0.0	0.0	0.0	0.0	0.0	0.0	0.0	6.6447	0.0	0.0	0.0	0.0	0.00062	0.00245	0.0	0.44411	0.0	0.0	0.0	0.0	0.0	0.0	0.0	0.0
SRR26718095	0.0	0.0	0.0	0.0	0.0	0.0	0.0	0.0	0.12229	0.0	0.0	0.0	0.0	3.75266	0.0	0.0	0.0	0.0	0.0	0.0	0.0	0.00982	0.0	0.0	0.0	0.0	0.0	0.0	0.04734	0.332	0.007	0.0	0.0	0.0	0.0	0.0	0.0	48.52911	0.0	0.0	0.0	0.0	0.0	0.17968	0.56006	0.0	0.0	0.14566	0.0	0.0	0.0	0.0	0.0	0.0	0.0	0.0	0.0	0.0	0.0	0.0	0.0	0.0	0.0	0.0	0.0	0.0	0.0	0.0	0.0	0.0	0.0	0.0	0.0	0.0	0.0	0.05058	0.0	0.0	0.04875	0.0	0.0	0.0	0.0	0.0	0.02572	0.0	0.0	0.0	0.0	0.0	0.0	0.0	0.0	0.0	0.01363	0.0	0.0	0.0077	0.0	0.0	0.0	0.37723	0.0	0.0	0.0	0.0	0.0	0.0	0.00401	0.0	0.0	0.0	0.00384	0.01662	0.0	0.0	0.0	0.08883	7.01147	0.0	0.0	0.0	0.0	0.0	0.0	0.0	0.0	0.42491	0.0	0.0	0.0	0.0	0.12484	0.0	0.0	0.0	0.0	0.0	0.1177	0.0	0.0	0.0	0.0	0.02124	0.0	0.0	0.01679	0.0	0.0	0.0	0.0	0.0	0.0	0.01959	0.0	0.0	0.17995	0.0	0.0	0.0	0.0	0.0	0.0	0.0	0.05129	1.30621	0.0	1.01878	0.0	0.0	0.0	0.0	0.0	0.0	0.0	0.0	0.0	0.00596	0.0	0.0	0.0	0.0	0.0	0.0	0.0	0.0	0.0	0.0	0.0	0.0	0.0	0.0	0.0	0.0	0.0	0.0	0.0	0.0	0.0	0.0	0.0	0.06485	0.0	0.0	0.0	0.00175	0.0	0.0	0.0	0.0	0.0	0.0	0.0	0.0	0.0	0.0	0.0	0.0	0.0	0.0	0.0	0.0	0.0	0.0	0.0	0.0	0.0	0.0	0.0	0.0	0.0	0.0	0.0	2.26778	0.0	0.0	0.0	0.0	0.0	1.62518	0.0	0.0	0.0	0.0	0.0	0.0	0.0	0.0	0.0	0.0	0.0	0.71741	22.18361	0.0	0.0	0.0	0.0	0.0	0.0	0.0	0.0	0.0	0.0	0.0	0.0	0.0	0.0	0.0	0.0	0.0	0.0	0.0	0.0	0.0	0.0	0.0	0.0	0.0	0.0	0.0	0.0	0.69037	0.0	0.0	4.9778	0.02816	0.0	0.0	0.0	0.0	0.0	0.0	0.0	0.0	0.00253	0.0	0.133	0.0	0.0	0.0	0.39564	0.0	0.0	0.0	0.0	0.0	0.0	0.0	0.0	0.0	0.0	0.0	0.0	0.0	0.0	1.72396	0.0	0.0	0.0	0.0	0.00511	0.06425	0.0	0.49733	0.0	0.0	0.0	0.0	0.0	0.0	0.0	0.0
SRR26718096	0.0	0.0	0.0	0.0	0.0	0.0	0.0	0.0	0.03277	0.0	0.0	0.0	0.0	0.0	0.0	0.0	0.0	0.0	0.0	0.0	0.0	0.0	0.0	0.0	0.0	0.0	0.0	0.0	0.08346	0.0	0.0	0.0	0.0	0.0	0.0	0.0	0.0	66.15682	0.0	0.0	0.0	0.0	0.0	0.06114	0.13691	0.0	0.0	0.5437	0.0	0.0	0.0	0.0	0.0	0.0	0.0	0.0	0.0	0.0	0.0	0.0	0.0	0.0	0.0	0.0	0.0	0.0	0.0	0.0	0.0	0.0	0.0	0.0	0.0	0.0	0.0	0.13024	0.0	0.0	0.0	0.0	0.0	0.0	0.0	0.0	0.0	0.0	0.0	0.0	0.0	0.0	0.0	0.0	0.0216	0.0	0.08414	0.0	0.0	0.0	0.0	0.0	0.0	0.0	0.0	0.0	0.0	0.0	0.0	0.0	0.00977	0.0	0.0	0.0	0.07479	0.0	0.0	0.0	0.0	0.0	0.17294	0.0	0.0	0.01156	0.0	0.0	0.0	0.0	0.0	0.04003	0.0	0.0	0.0	0.0	1.15253	0.39667	0.0	0.0	0.0	0.00188	0.0	0.0	0.0	0.0	0.0	0.02237	0.0	0.0	0.06202	0.0	0.0158	0.0	0.0	0.0	0.0	0.0	0.0	0.0	0.0	0.0	0.0	0.0	0.0	0.0	0.0	0.0	0.07592	1.33923	0.0	0.0	0.0	0.0	0.0	0.0	0.0	0.0	0.0	0.0	0.0	0.0	0.0	0.0	0.0	0.0	0.0	0.0	0.0	0.0	0.0	0.0	0.0	0.0	0.0	0.0	0.0	0.0	0.0	0.0	0.0	0.0	0.0	0.0	0.0	0.63218	0.0	0.00849	0.0	0.0	0.0	0.0	0.0	0.0	0.02331	0.0	0.0	0.0	0.0	0.0	0.0	0.0	0.0	0.0	0.0	0.0	0.0	0.0	0.0	0.0	0.0	0.0	0.0	0.0	0.0	0.0	0.0	0.00093	0.0	0.0	0.0	0.0	0.0	0.96898	0.0	0.0	0.0	0.0	0.0	0.0	0.0	0.0	0.0	0.0	0.0	0.36956	23.79667	0.0	0.0	0.0	0.0	0.0	0.0	0.05602	0.0	0.0	0.0	0.0	0.0	0.0	0.0	0.0	0.0	0.0	0.0	0.0	0.0	0.0	0.0	0.0	0.0	0.0	0.0	0.0	0.0	0.21036	0.0	0.0	0.03986	0.0	0.0	0.0	0.0	0.0	0.0	0.0	0.0	0.01987	0.0	0.0	0.0	0.0	0.0	0.0	0.40865	0.0	0.0	0.0	0.0	0.0	0.07379	0.0	0.0	0.0	0.0	0.0	0.0	0.0	0.18755	0.90681	0.0	0.0	0.0	0.0	0.08041	0.0	0.0	1.59027	0.0	0.0	0.0	0.0	0.0	0.0	0.0	0.0
SRR26718097	0.0	0.0	0.0	0.0	0.0	0.0	0.0	0.0	0.0	0.0	0.0	0.0	0.0	0.0	0.0	0.0	0.0	0.0	0.0	0.0	0.0	0.0	0.0	0.0	0.0	0.0	0.0	0.0	0.03537	0.0	0.0	0.0	0.0	0.0	0.0	0.0	0.0	53.96183	0.0	0.0	0.0	0.0	0.0	0.02872	0.0	0.0	0.0	0.10218	0.0	0.0	0.0	0.0	0.0	0.0	0.0	0.0	0.0	0.0	0.0	0.0	0.0	0.0	0.0	0.0	0.0	0.0	0.0	0.0	0.0	0.0	0.0	0.0	0.0	0.0	0.0	0.22233	0.0	0.0	0.0	0.0	0.0	0.0	0.003	0.0	0.0	0.0	0.0	0.0	0.0	0.0	0.0	0.0	0.00075	0.0	0.0	0.0	0.0	0.00151	0.0	0.0	0.0	0.0	0.0	0.0	0.0	0.0	0.0	0.0	0.0	0.0	0.0	0.0	0.03102	0.00602	0.0	0.0	0.0	0.03887	0.22153	0.0	0.0	0.0	0.0	0.0	0.0	0.0	0.0	0.00612	0.0	0.0	0.0	0.0	0.0	3.20797	0.0	0.0	0.0	0.0	0.0	0.0	0.0	0.0	0.0	0.00622	0.0	0.0	0.0	0.0	0.0	0.0	0.0	0.0	0.0	0.0	0.0	0.0	0.0	0.0	0.0	0.0	0.0	0.0	0.0	0.0	0.0	0.54486	0.0	0.17242	0.0	0.0	0.0	0.0	0.0	0.0	0.0	0.0	0.0	0.0	0.0	0.0	0.0	0.0	0.0	0.0	0.0	0.0	0.0	0.0	0.0	0.0	0.0	0.0	0.0	0.0	0.0	0.0	0.0	0.0	0.0	0.0	0.0	0.11179	0.0	0.0	0.0	0.0	0.0	0.0	0.0	0.0	0.0	0.0	0.0	0.0	0.0	0.0	0.0	0.0	0.0	0.0	0.0	0.0	0.0	0.0	0.0	0.0	0.0	0.0	0.0	0.0	0.0	0.0	0.0	3.59125	0.0	0.0	0.0	0.0	0.0	0.85071	0.0	0.0	0.0	0.0	0.0	0.0	0.0	0.0	0.0	0.0	0.0	0.95461	35.72009	0.0	0.0	0.0	0.0	0.0	0.0	0.0	0.0	0.0	0.0	0.0	0.0	0.0	0.0	0.0	0.0	0.0	0.0	0.0	0.0	0.0	0.0	0.0	0.0	0.0	0.0	0.0	0.0	0.15042	0.0	0.0	0.0	0.0	0.0	0.0	0.0	0.0	0.0	0.0	0.0	0.0	0.0	0.0	0.0	0.0	0.0	0.0	0.0	0.0	0.0	0.0	0.0	0.0	0.0	0.0	0.0	0.0	0.0	0.0	0.0	0.0	0.02497	0.00542	0.0	0.0	0.0	0.0	0.0	0.0	0.0	0.0	0.0	0.0	0.0	0.0	0.0	0.0	0.0	0.0
SRR26718098	0.0	0.0	0.0	0.0	0.0	0.0	0.0	0.0	0.01423	0.0	0.0	0.10264	0.0	0.1947	0.0	0.0	0.0	0.0	0.0	0.0	0.0	0.03529	0.0	0.0	0.0	0.0	0.0	0.0	0.61768	0.38399	0.0	0.0	0.0	0.0	0.0	0.0	0.0	15.98724	0.0	0.0	0.0	0.0	0.0	0.24815	0.14337	0.0	0.0	0.48508	0.0	0.0	0.0	0.0	0.0	0.0	0.0	0.0	0.00171	0.0	0.04133	0.0	0.0	0.0	0.0	0.0	0.0	0.0	0.0	0.0	0.0	0.0	0.0	0.0	0.0	0.0	0.0	0.72338	0.0	0.0	0.09392	0.0	0.0	0.0	0.0	0.0	0.27857	0.0	0.0	0.0	0.0	0.0	0.0	0.0	0.0	0.0	0.01221	0.0	0.0	0.36831	0.0	0.0	0.0	0.02419	0.0	0.0	0.0	0.0	0.0	0.0	0.0	0.0	0.0	0.0	0.27282	0.06024	0.0	0.0	0.0	1.31414	1.03338	0.0	0.0	0.0	0.0	0.0	0.0	0.0	0.0	0.00171	0.0	0.0	0.0	0.0	0.24626	0.02439	0.0	0.0	0.0	0.0	0.07546	0.0	0.0	0.02798	0.0	0.56185	0.0	0.0	0.00784	0.0	0.0	0.0	0.0	0.0	0.0	0.0	0.0	0.0	0.0	0.0	0.0	0.0	0.0	0.0	0.0	0.0	0.0	2.26047	0.0	0.22984	0.0	0.0	0.0	0.0	0.0	0.0	0.0	0.0	0.0	0.0	0.0	0.00106	0.0	0.0	0.0	0.0	0.0	0.0	0.0	0.0	0.0	0.0	0.0	0.0	0.0	0.0	0.0	0.0	0.0	0.0	0.0	0.0	0.0	0.28997	0.0	0.0	0.0	0.0	0.0	0.0	0.0	0.0	0.0	0.0	0.0	0.0	0.0	0.0	0.0	0.0	0.0	0.0	0.0	0.0	0.0	0.0	0.0	0.0	1.13623	0.00081	0.0	0.0	0.45404	0.0	0.0	1.85466	0.0	0.0	0.0	0.0	0.0	0.00131	0.0	0.0	0.0	0.0	0.0	0.0	0.0	0.0	0.0	0.0	0.0	0.83978	22.36115	0.0	0.0	0.0	0.0	0.0	0.0	0.0	0.0	0.0	0.0	0.0	0.0	0.0	0.0	0.0	0.0	0.0	0.0	0.0	0.0	0.0	0.0	0.0	0.0	0.0	0.0	0.0	0.0	3.43599	0.0	0.0	0.31275	0.0	0.0	0.0	0.0	0.0	0.0	0.0	21.47926	0.0	0.0	0.0	0.10026	0.0	0.0	0.0	1.43754	0.0	0.44568	0.0	0.0	0.0	0.0	0.0	0.0	0.0	0.0	0.0	0.0	0.0	0.0109	19.6539	0.0	0.0	0.0	0.0	0.28437	0.02499	0.0	0.00297	0.0	0.0	0.0	0.0	0.0	0.0	0.0	0.0
SRR26718099	0.0	0.0	0.0	0.0	0.0	0.0	0.0	0.0	0.00839	0.0	0.0	0.0	0.0	0.0	0.0	0.0	0.0	0.0	0.0	0.0	0.0	0.04222	0.0	0.0	0.0	0.0	0.0	0.0	0.17934	0.09954	0.01398	0.0	0.0	0.0	0.0	0.0	0.0	53.44078	0.0	0.0	0.0	0.0	0.0	0.03728	0.0	0.0	0.0	0.19782	0.0	0.0	0.0	0.0	0.0	0.0	0.0	0.0	0.0	0.0	0.0	0.0	0.0	0.0	0.0	0.0	0.0	0.0	0.0	0.0	0.0	0.0	0.0	0.0	0.0	0.0	0.0	0.00435	0.0	0.0	0.0	0.0	0.0	0.0	0.0	0.0	0.0	0.0	0.0	0.0	0.0	0.0	0.0	0.0	0.27116	0.0	0.0	0.0	0.0	0.0	0.0	0.0	0.0	0.0	0.0	0.0	0.0	0.0	0.0	0.00198	0.0491	0.0	0.0	0.0	0.08569	0.09351	0.0	0.0	0.0	0.26751	0.3656	0.0	0.0	0.05219	0.0	0.0	0.0	0.0	0.0	0.09406	0.0	0.01778	0.0	0.0	0.14508	1.59133	0.0	0.0	0.0	0.0	0.0	0.0	0.0	0.0	0.0	0.00775	0.0	0.0	0.0	0.0	0.00635	0.0	0.0	0.0	0.0	0.0	0.0	0.0	0.0	0.0	0.0	0.0	0.0	0.0	0.0	0.0	0.05797	0.63351	0.0	0.35806	0.0	0.0	0.0	0.0	0.0	0.0	0.0	0.0	0.0	0.0	0.0	0.0	0.0	0.0	0.0	0.0	0.0	0.0	0.00069	0.0	0.0	0.07061	0.0	0.0	0.0	0.0	0.0	0.0	0.0	0.0	0.0	0.0	0.0	0.55758	0.0	0.0	0.0	0.00442	0.0	0.0	0.0	0.0	0.0	0.0	0.0	0.0	0.0	0.0	0.0	0.0	0.0	0.0	0.0	0.0	0.0	0.0	0.0	0.0	0.0	0.0	0.0	0.0	0.0	0.0	0.0	7.0903	0.0	0.0	0.0	0.0	0.0	0.68467	0.0	0.0	0.0	0.0	0.0	0.0	0.0	0.0	0.0	0.0	0.0	0.0	31.89558	0.0	0.0	0.0	0.0	0.0	0.0	0.0	0.0	0.0	0.0	0.0	0.0	0.0	0.0	0.0	0.0	0.0	0.0	0.0	0.0	0.0	0.0	0.0	0.0	0.0	0.0	0.0	0.0	0.79896	0.0	0.0	0.32086	0.0	0.0	0.0	0.0	0.0	0.0	0.0	0.0	0.0	0.0	0.0	0.0	0.0	0.0	0.0	0.0	0.0	0.0	0.0	0.0	0.0	0.00562	0.0	0.0	0.0	0.0	0.0	0.0	0.0	0.17665	0.26032	0.0	0.0	0.0	0.0	0.00573	0.0	0.0	0.00565	0.0	0.0	0.0	0.0	0.0	0.0	0.0	0.0
SRR26718100	0.0	0.0	0.0	0.0	0.0	0.0	0.0	0.0	0.00975	0.0	0.0	0.43616	0.0	0.0	0.0	0.0	0.0	0.0	0.0	0.0	0.0	0.0134	0.0	0.0	0.0	0.0	0.0	0.0	0.02631	0.0	0.037	0.0	0.0	0.0	0.0	0.0	0.0	14.16041	0.0	0.0	0.0	0.0	0.0	0.00152	0.32137	0.0	0.0	0.1926	0.0	0.0	0.0	0.0	0.0	0.0	0.0	0.0	0.0	0.0	0.0	0.0	0.0	0.0	0.0	0.0	0.0	0.0	0.0	0.0	0.0	0.0	0.0	0.0	0.0	0.0	0.0	0.33757	0.0	0.0	0.00792	0.0	0.0	0.0	0.0	0.0	0.0	0.0	0.0	0.0	0.0	0.0	0.0	0.0	0.13711	0.0	0.0	0.0	0.0	0.01751	0.0	0.0	0.0	0.25223	0.0	0.0	0.0	0.0	0.0	0.0	0.02995	0.0	0.0	0.0	0.01264	0.00814	0.00117	0.0	0.0	0.0	0.61315	0.0	0.0	0.0	0.0	0.0	0.0	0.0	0.0	0.32709	0.0	0.06322	0.0	0.0	0.01889	0.0	0.0	0.0	0.0	0.0	0.0	0.0	0.0	0.0	0.0	0.0	0.0	0.0	0.00333	0.0	0.00131	0.0	0.01036	0.0	0.0	0.13971	0.0	0.0	0.09227	0.0	0.0	0.0	0.0	0.0	0.0	0.0	0.03275	0.24919	0.0	0.07362	0.0	0.0	0.0	0.0	0.0	0.0	0.0	0.0	0.0	0.0	0.0	0.0	0.0	0.0	0.0	0.0	0.0	0.0	0.0	0.0	0.0	0.0	0.0	0.0	0.0	0.0	0.0	0.0	0.0	0.0	0.0	0.0	0.0	0.12607	0.17057	0.0	0.0	0.0	0.0	0.0	0.0	0.0	0.0	0.0	0.0	0.0	0.0	0.0	0.0	0.0	0.0	0.0	0.0885	0.0	0.0	0.0	0.0	0.0	0.0	0.0	0.0	0.0	0.00892	0.0	0.0	2.49503	0.0	0.0	0.0	0.0	0.0	0.0487	0.0	0.0	0.0	0.0	0.0	0.0	0.0	0.0	0.0	0.0	0.0	0.0	6.81264	0.0	0.0	0.0	0.0	0.0	0.0	0.0	0.0	0.0	0.0	0.0	0.0	0.0	0.0	0.00568	0.0	0.0	0.0	0.0	0.0	0.0	0.0	0.0	0.0	0.0	0.0	0.0	0.0	0.5037	0.0	0.0	3.4313	0.1127	0.0	0.0	0.0	0.0	0.0	0.0	46.84194	0.0	0.0	0.0	0.34789	0.0	0.0	0.0	0.0	0.0	2.77567	0.0	0.0	0.0	0.0	0.0	0.0	0.0	0.0	0.0	0.0	0.0	0.0	17.82882	0.0	0.0	0.0	0.0	0.0	0.26836	0.07881	0.42705	0.0	0.0	0.0	0.0	0.0	0.0	0.0	0.0
SRR26718101	0.0	0.0	0.0	0.0	0.0	0.0	0.0	0.0	0.00282	0.0	0.0	0.0	0.0	0.38308	0.0	0.0	0.0	0.0	0.0	0.0	0.0	0.02956	0.0	0.0	0.0	0.0	0.0	0.0	0.22306	0.0	0.0	0.0	0.0	0.0	0.0	0.0	0.0	5.63136	0.0	0.0	0.0	0.0	0.0	0.06958	0.0	0.0	0.0	0.18635	0.0	0.0	0.0	0.0	0.0	0.0	0.0	0.0	0.0	0.0	0.28827	0.0	0.0	0.0	0.0	0.0	0.0	0.0	0.0	0.0	0.0	0.0	0.0	0.0	0.00099	0.0	0.0	0.55668	0.0	0.0	0.0	0.0	0.0	0.0	0.0	0.0	0.04787	0.0	0.0	0.0	0.0	0.0	0.0	0.0	0.0	0.0	0.01435	0.0	0.0	0.0	0.0	0.0	0.0	0.05218	0.0	0.0	0.0	0.0	0.0	0.01024	0.03226	0.0	0.0	0.0	0.7888	0.07072	0.0	0.0	0.0	0.0	1.61662	0.0	0.0	0.0	0.0	0.0	0.0	0.0	0.0	0.00978	0.0	0.0	0.0	0.0	0.45351	0.0	0.0	0.0	0.0	0.0	0.01722	0.0	0.0	0.0	0.0	0.15823	0.0	0.0	0.01457	0.0	0.0	0.0	0.0	0.0	0.0	0.0	0.0	0.0	0.0	0.0	0.0	0.05995	0.0	0.0	0.0	0.0	0.02181	6.19295	0.0	0.71486	0.0	0.0	0.0	0.0	0.0	0.0	0.0	0.0	0.0	0.0	0.0	0.0	0.0	0.0	0.0	0.0	0.0	0.0	0.0	0.0	0.0	0.0	0.0	0.0	0.0	0.0	0.0	0.0	0.0	0.0	0.0	0.0	0.0	0.54389	0.0	0.0	0.0	0.0	0.0	0.0	0.0	0.0	0.0	0.0	0.0	0.0	0.0	0.0	0.0	0.0	0.0	0.0	0.05471	0.0	0.0	0.0	0.0	0.0	0.0	0.01907	0.0	0.0	0.0	0.0	0.0	0.01656	0.0	0.0	0.0	0.0	0.0	0.0	0.0	0.0	0.0	0.0	0.0	0.0	0.0	0.0	0.0	0.0	0.0	0.79959	73.09394	0.0	0.0	0.0	0.0	0.0	0.0	0.0	0.0	0.0	0.0	0.0	0.0	0.0	0.0	0.0	0.0	0.0	0.0	0.0	0.0	0.0	0.0	0.0	0.0	0.0	0.0	0.0	0.0	5.25952	0.0	0.0	1.0072	0.0	0.0	0.05989	0.0	0.0	0.0	0.0	0.0	0.0	0.0	0.0	0.00114	0.0	0.0	0.0	0.04263	0.0	0.0	0.0	0.0	0.0	0.00095	0.0	0.0	0.0	0.0	0.0	0.00672	0.0	0.14644	1.18876	0.0	0.0	0.0	0.0	0.01893	0.0	0.0	0.09237	0.0	0.0	0.0	0.0	0.0	0.0	0.0	0.0
SRR26718102	0.0	0.25088	0.0	0.0	0.0	0.0	0.0	0.0	0.0	0.0	0.0	3.74123	0.0	0.0	0.0	0.0	0.0	0.0	0.0	0.0	0.0	0.0	0.0	0.0	0.0	0.0	0.0	0.0	0.0	0.95275	0.26521	0.0	0.0	0.0	0.0	0.0	0.0	26.6879	0.0	0.0	0.0	0.0	0.0	0.60348	0.4305	0.0	0.0	0.6695	0.0	0.0	0.0	0.0	0.0	0.00172	0.0	0.0	0.00202	0.0	0.0	0.0	0.0	0.0	0.0	0.0	0.0	0.0	0.0	0.0	0.0	0.0	0.0	0.0	0.0	0.0	0.0	1.6361	0.0	0.0	0.23646	0.0	0.0	0.0	0.08464	0.0	0.11125	0.0	0.0	0.0	0.0	0.0	0.0	0.0	0.15214	0.0	0.0	0.0	0.0	0.01968	0.17095	0.0	0.0	0.0	0.00219	2.32492	0.0	0.0	0.0	0.0	0.67939	0.00149	0.0	0.0	5.08073	0.09606	0.0	0.03484	0.0	0.12975	0.65873	0.00775	0.0	0.0	0.0	0.0	0.0	0.0	0.0	0.12524	0.0	0.0	0.0	0.0	0.0	0.00042	0.0	0.0	0.0	0.0	0.47104	0.0	0.0	0.0	0.0	0.0043	0.0	0.0	0.19739	0.0	0.94617	0.0	0.0	0.0	0.00735	0.0	0.0	0.0	0.0	0.0	0.0	0.0	0.0	0.0	0.0	0.0	0.36263	2.07548	0.0	0.0	0.0	0.0	0.0	0.0	0.0	0.0	0.0	0.0	0.0	0.0	0.0	0.57582	0.0	0.0	0.0	0.0	0.0	0.0	0.0	0.0	0.0	0.0	0.0	0.0	0.0	0.0	0.0	0.0	0.0	0.0	0.0	0.01886	0.0	0.23572	0.01903	0.0	0.0	0.0	0.0	0.0	0.0	0.0	0.0	0.0	0.0	0.0	0.0	0.0	0.0	0.0	0.0	0.0	0.0	0.0	0.0	0.0	0.0	0.0	0.0	0.0	0.0	0.0	0.0	0.0	0.0	5.64183	0.0	0.0	0.0	0.0	0.0	0.99799	0.0	0.0	0.0	0.0	0.0	0.0	0.0	0.0	0.0	0.0	0.0	0.0	31.49354	0.0	0.0	0.0	0.0	0.0	0.01829	0.03981	0.0	0.0	0.0	0.0	0.0	0.0	0.0	0.0	0.0	0.0	0.0	0.0	0.0	0.0	0.0	0.0	0.0	0.0	0.0	0.0	0.0	0.29145	0.0	0.0	2.17055	0.24019	0.0	0.1312	0.0	0.0	0.0	0.0	0.0	0.0	0.0	0.0	0.07798	0.0	0.0	0.0	0.01102	0.0	0.0	0.0	0.0	0.0	0.80292	0.0	0.0	0.0	0.0	0.0	0.0	0.0	3.64764	4.36392	0.0	0.0	0.0	0.0	0.0	0.0	0.0	0.0	0.0	0.0	0.0	0.0	0.0	0.0	0.0	0.0
SRR26718103	0.0	0.0	0.0	0.0	0.0	0.0	0.0	0.0	0.16395	0.0	0.0	0.0	0.0	0.0	0.0	0.0	0.0	0.0	0.0	0.0	0.0	0.03736	0.0	0.0	0.0	0.0	0.0	0.0	0.14032	0.07137	0.03222	0.0	0.0	0.0	0.0	0.0	0.0	36.25394	0.0	0.0	0.0	0.0	0.0	0.08139	1.04094	0.0	0.0	0.82665	0.0	0.0	0.0	0.0	0.0	0.0	0.25756	0.0	0.0	0.0	0.71139	0.0	0.0	0.0	0.0	0.0	0.0	0.0	0.0	0.0	0.0	0.0	0.0	0.0	0.0	0.0	0.0	0.26315	0.0	0.19619	0.0	0.0	0.0	0.0	0.0	0.0	0.12753	0.0	0.0	0.0	0.0	0.0	0.0	0.0	0.04094	0.0	0.0	0.0	0.0	0.0	0.0	0.0	0.0	0.0	0.00308	0.0	0.0	0.0	0.0	0.0	0.01134	0.0	0.0	0.0	0.0	0.1007	0.0	0.0	0.0	0.1231	2.66354	0.0	0.0	0.0	0.0	0.0	0.0	0.0	0.0	0.61008	0.0	0.0	0.0	0.0	0.46076	0.0	0.0	0.0	0.0	0.0	0.0	0.0	0.0	0.0	0.0	0.01778	0.0	0.0	0.05332	0.0	0.00784	0.0	0.25627	0.0	0.0	0.0	0.0	0.0	0.0	0.0	0.0	0.0	0.0	0.0	0.0	0.0	0.10199	0.0	0.0	1.3495	0.0	0.0	0.0	0.0	0.0	0.0	0.0	0.0	0.0	0.0	0.0	0.0059	0.0	0.0	0.0	0.0	0.0	0.0	0.0	0.0	0.0	0.0	0.0	0.0	0.0	0.0	0.0	0.0	0.0	0.0	0.0	0.0	0.0	0.49223	0.60758	0.0	0.0	0.0	0.0	0.0	0.0	0.0	0.0	0.0	0.0	0.0	0.0	0.0	0.0	0.0	0.0	0.0	0.0	0.0	0.0	0.0	0.0	0.0	0.0	0.07049	0.0	0.0	0.0	0.0	0.0	5.44573	0.0	0.0	0.0	0.0	0.0	1.44665	0.00228	0.0	0.0	0.0	0.0	0.0	0.0	0.0	0.0	0.0	0.0	0.0	31.2655	0.0	0.0	0.0	0.0	0.0	0.0	0.0	0.0	0.0	0.0	0.0	0.0	0.0	0.0	0.0	0.0	0.0	0.0	0.0	0.0	0.0	0.0	0.0	0.0	0.0	0.0	0.0	0.0	1.2076	0.0	0.0	0.12257	0.04662	0.0	0.0	0.0	0.0	0.0	0.0	0.0	0.0	0.0	0.0	0.1148	0.0	0.0	0.0	0.00298	0.0	0.0	0.0	0.0	0.0	0.0	0.0	0.0	0.0	0.0	0.0	0.0	0.0	0.0	12.53667	0.0	0.0	0.0	0.0	0.0	0.11733	0.0	0.51085	0.0	0.0	0.0	0.0	0.0	0.0	0.0	0.0
SRR26718104	0.0	0.0	0.0	0.0	0.0	0.0	0.0	0.0	0.0	0.0	0.0	0.79058	0.0	0.0	0.0	0.0	0.0	0.0	0.0	0.0	0.0	0.0	0.0	0.0	0.0	0.0	0.01159	0.0	0.68026	0.09247	0.07439	0.0	0.0	0.0	0.0	0.0	0.0	49.16925	0.0	0.0	0.0	0.0	0.0	0.12851	0.0307	0.0	0.0	1.20034	0.0	0.0	0.0	0.0	0.0	0.0	0.0	0.0	0.00648	0.0	0.0	0.0	0.0	0.0	0.0	0.0	0.0	0.0	0.0	0.0	0.0	0.0	0.0	0.0	0.07498	0.01156	0.0	0.52638	0.0	0.0	0.0	0.0	0.0	0.0	0.05052	0.0	0.0	0.0	0.0	0.0	0.0	0.0	0.0	0.0	6.48322	0.0	0.07627	0.0	0.0	0.0	0.0	0.0	5.84167	0.07653	0.0	0.06741	0.0	0.0	0.0	0.25994	0.16756	0.0	0.0	0.0	0.14997	0.0	0.0	0.0	0.0	0.0	1.1443	0.0	0.0	0.01407	0.0	0.0	0.0	0.0	0.0	0.03985	0.0	0.0	0.0	0.00169	1.27599	0.0	0.0	0.0	0.0	0.0	0.0	0.0	0.0	0.0	0.0	0.21414	0.0	0.0	0.0	0.0	0.24527	0.0	0.0	0.0	0.03211	0.0	0.0	0.0	0.02085	0.0	0.0	0.04928	0.0	0.0	0.0	0.0	0.0847	0.59986	0.0	0.0	0.0	0.0	0.0	0.0	0.01794	0.0	0.0	0.0	0.0	0.0	0.0	0.0	0.0	0.0	0.0	0.0	0.0	0.0	0.0	0.0	0.0	0.0	0.0	0.0	0.0	0.0	0.0	0.0	0.0	0.0	0.0	0.0	0.0	0.77736	0.0	0.0	0.0	0.0	0.0	0.0	0.0	0.0	0.0	0.0	0.0	0.0	0.0	0.0	0.0	0.0	0.0	0.0	0.0	0.0	0.0	0.0	0.0	0.0	0.0	0.0	0.0	0.0	0.0	0.0	0.0	0.0	0.0	0.0	0.0	0.0	0.0	0.0	0.0	0.0	0.0	0.0	0.0	0.0	0.0	0.0	0.0	0.0	0.0	0.0	0.0	0.0	0.0	0.0	0.0	0.0	0.0	25.90874	0.0	0.0	0.09102	0.0	0.0	0.0	0.0	0.0	0.0	0.0	0.0	0.0	0.0	0.0	0.0	0.0	0.0	0.0	0.0	0.0	0.0	0.0	0.0	0.0	0.16539	0.01325	0.0	0.0	0.0	0.0	0.0	0.0	0.0	0.0	0.0	0.0	0.0	0.0	0.0	0.0	0.04089	0.0	0.0	0.0	0.0	0.0	1.00041	0.0	0.0	0.0	0.0	0.0	0.0	0.0	1.47372	0.25084	0.0	0.0	0.0	0.0	0.56772	0.0	0.0	0.0	0.0	0.0	0.0	0.0	0.0	0.0	0.0	0.0
SRR26718105	0.0	0.0	0.0	0.0	0.0	0.0	0.0	0.0	0.00733	0.0	0.0	3.15137	0.0	2.90797	0.0	0.0	0.0	0.0	0.0	0.0	0.0	0.0	0.0	0.0	0.0	0.0	0.05461	0.0	0.01522	0.00403	0.00054	0.0	0.0	0.0	0.0	0.0	0.0	16.4055	0.0	0.0	0.0	0.0	0.0	3.85456	0.11005	0.0	0.0	0.91106	0.0	0.0	0.0	0.0	0.0	0.0	0.0	0.0	0.0	0.0	0.05717	0.0	0.0	0.0	0.0	0.0	0.0	0.0	0.0	0.0	0.0	0.0	0.00029	0.0	0.0	0.0	0.0	0.12374	0.0	0.0	0.03574	0.0	0.0	0.0	0.10777	0.0	0.0	0.0	0.0	0.0	0.0	0.0	0.0	0.0	0.24025	0.0	0.0	0.0	0.0	0.12306	0.0	0.0	0.0	0.30747	0.0	0.00142	0.0	0.0	0.0	0.0	0.11513	0.0	0.0	0.0	0.21443	0.05386	0.0	0.0	0.0	0.0	0.29116	0.0	0.0	0.0	0.0	0.0	0.0	0.0	0.0	0.26265	0.0	0.0	0.0	0.0	0.18956	0.0	0.0	0.0	0.0	0.0	0.0	0.0	0.0	0.0	0.00313	0.09531	0.0	0.0	0.00886	0.0	0.04673	0.01994	0.03268	0.0	0.0	0.02656	0.0	0.0	0.0	0.0	0.0	0.0	0.0	0.0	0.0	0.0	0.03724	0.47014	0.0	0.07658	0.0	0.0	0.0	0.0	0.0	0.0	0.0	0.0	0.0	0.00736	0.0	0.0	0.0	0.0	0.0	0.0	0.0	0.0	0.0	0.0	0.0	0.0	0.0	0.0	0.0	0.0	0.0	0.0	0.0	0.00012	0.04331	0.0	0.0	0.12427	0.00825	0.0	0.0	0.00034	0.0	0.0	0.0	0.0	0.0	0.0	0.0	0.0	0.0	0.0	0.0	0.0	0.0	0.0	0.0	0.0	0.0	0.0	0.0	0.0	0.0	0.0	0.0	0.0	0.153	0.02453	0.0	6.32112	0.0	0.0	0.0	0.0	0.0	0.0	0.0	0.0	0.0	0.0	0.0	0.0	0.0	0.0	0.0	0.0	0.0	0.0	33.46542	0.0	0.0	0.0	0.0	0.0	0.0	0.0	0.0	0.0	0.0	0.0	0.0	0.0	0.0	0.17364	0.0	0.0	0.0	0.0	0.0	0.0	0.0	0.0	0.0	0.0	0.0	0.0	0.0	0.068	0.0	0.0	10.11152	0.04837	0.0	0.0	0.0	0.0	0.0	0.0	0.0	0.04318	0.0	0.0	0.0	0.0	0.0	0.0	0.10326	0.0	0.34371	0.0	0.0	0.0	0.21232	0.0	0.0	0.0	0.0	0.0	0.0	0.0	0.0	18.14919	0.0	0.0	0.0	0.0	0.18755	0.0	0.0	0.04537	0.0	0.0	0.0	0.0	0.0	0.0	0.0	0.00305
SRR26718106	0.0	0.03838	0.0	0.0	0.0	0.0	0.0	0.0	0.0	0.0	0.0	0.0	0.0	0.08598	0.0	0.0	0.0	0.0	0.0	0.0	0.0	0.06542	0.0	0.0	0.0	0.0	0.0	0.0	0.02787	0.0	0.0	0.0	0.0	0.0	0.0	0.0	0.0	48.5687	0.01028	0.0	0.0	0.0	0.0	0.01593	0.1053	0.0	0.0	0.23538	0.0	0.0	0.0	0.0	0.0	0.0	1.38428	0.0	0.0	0.0	0.0	0.0	0.0	0.0	0.0	0.0	0.0	0.0	0.0	0.0	0.0	0.0	0.0	0.0	0.0	0.0	0.0	0.0472	0.0	0.0	0.0	0.0	0.0	0.0	0.0	0.0	0.0	0.0	0.0	2.47215	0.0	0.0	0.0	0.00023	0.01448	0.0	0.0	0.0	0.0	0.01079	0.0	0.0	0.0	0.0	0.0	0.0	0.0	0.0	0.0	0.0	0.00861	0.0	0.0	0.0	0.01936	0.10537	0.0	0.0	0.0	0.0	0.34672	0.0	0.0	0.0	0.0	0.0	0.0	0.0	0.0	0.00813	0.0	0.0	0.0	0.0	0.06857	0.0	0.0	0.0	0.0	0.0	0.15145	0.0	0.0	0.0	0.0	0.0936	0.0	0.0	0.0038	0.0	0.0	0.0	0.05316	0.0	0.0	0.0	0.0	0.0	0.0	0.0	0.0	0.0	0.0	0.0	0.0	0.0	0.0	0.9279	0.0	0.13489	0.0	0.0	0.0	0.0	0.0	0.0	0.0	0.0	0.0	0.0	0.0	0.0	0.0	0.0	0.0	0.0	0.0	0.0	0.0	0.0	0.0	0.0	0.0	0.0	0.0	0.0	0.0	0.0	0.0	0.0	0.0	0.0	0.0	0.16162	0.0	0.0	0.0	0.00139	0.0	0.10111	0.0	0.0	0.0	0.0	0.0	0.0	0.0	0.0	0.0	0.0	0.0	0.0	0.10137	0.0	0.0	0.0	0.0	0.0	0.0	0.0	0.0	0.0	0.03406	0.0	0.0	5.01607	0.0	0.0	0.0	0.0	0.0	1.70407	0.0	0.0	0.0	0.0	0.0	0.0	0.0	0.0	0.0	0.0	0.0	0.12662	34.37642	0.0	0.0	0.0	0.0	0.0	0.0	0.0	0.0	0.0	0.0	0.0	0.0	0.0	0.0	0.0	0.0	0.0	0.0	0.0	0.0	0.0	0.0	0.0	0.0	0.0	0.0	0.0	0.0	1.08282	0.0	0.0	0.37279	0.01423	0.0	0.0	0.0	0.0	0.0	0.0	0.0	0.0	0.0	0.0	1.02813	0.0	0.0	0.0	0.0	0.0	0.0	0.0	0.0	0.0	0.0	0.0	0.0	0.0	0.0	0.0	0.0	0.0	0.0	0.72431	0.0	0.0	0.0	0.0	0.0	0.00701	0.0	0.14403	0.0	0.0	0.0	0.0	0.0	0.0	0.0	0.0
SRR26718107	0.0	0.0	0.0	0.0	0.0	0.0	0.0	0.0	0.0	0.0	0.0	0.0	0.0	0.0	0.0	0.0	0.0	0.0	0.0	0.0	0.0	0.0	0.0	0.0	0.0	0.0	0.0	0.0	0.10779	0.04237	0.0	0.0	0.0	0.0	0.0	0.0	0.0	56.11715	0.0	0.0	0.0	0.0	0.0	0.10017	0.24315	0.0	0.0	0.58027	0.0	0.0	0.0	0.0	0.0	0.0	0.0	0.0	0.0	0.0	0.0	0.0	0.0	0.0	0.0	0.0	0.0	0.0	0.0	0.0	0.0	0.0	0.0	0.0	0.0	0.0	0.0	0.02771	0.0	0.0	0.0	0.0	0.0	0.0	0.0	0.0	0.0	0.0	0.0	0.0	0.0	0.0	0.0	0.0	0.09976	0.0	0.0	0.0	0.0	0.0	0.0	0.0	0.0	0.0	0.0	0.0	0.0	0.0	0.0	0.0	0.0115	0.0	0.0	0.0	0.0752	0.0	0.00379	0.0	0.0	0.0	0.35186	0.0	0.0	0.00984	0.0	0.0	0.0	0.0	0.0	0.25785	0.0	0.0	0.0	0.0	0.0	0.09053	0.0	0.0	0.0	0.0	0.0	0.0	0.0	0.0	0.0	0.00397	0.0	0.0	0.0	0.0	0.20621	0.0	0.0	0.0	0.0	0.0	0.0	0.0	0.0	0.0	0.0	0.0	0.0	0.0	0.0	0.0	0.0572	0.87997	0.0	2.75058	0.0	0.0	0.0	0.0	0.0	0.0	0.0	0.0	0.0	0.0	0.0	0.0	0.0	0.0	0.0	0.0	0.0	0.0	0.0	0.0	0.0	0.28206	0.0	0.0	0.0	0.0	0.0	0.0	0.0	0.0	0.0	0.0	0.0	0.11404	0.0	0.0	0.0	0.16911	0.0	0.0	0.0	0.0	0.0	0.0	0.0	0.0	0.0	0.0	0.0	0.0	0.0	0.0	0.0	0.0	0.0	0.0	0.0	0.0	0.0	0.0	0.0	0.0	0.0	0.0	0.0	5.82783	0.0	0.0	0.0	0.0	0.0	0.0	0.0	0.0	0.0	0.0	0.0	0.0	0.0	0.0	0.0	0.0	0.0	0.0	27.54942	0.0	0.0	0.0	0.0	0.0	0.0	0.0	0.0	0.0	0.0	0.0	0.0	0.0	0.0	0.00621	0.0	0.0	0.0	0.0	0.0	0.0	0.0	0.0	0.0	0.0	0.0	0.0	0.0	1.40988	0.0	0.0	0.66981	0.0102	0.0	0.0	0.0	0.0	0.0	0.0	0.0	0.01247	0.0	0.0	0.35002	0.0	0.0	0.0	0.00061	0.0	0.0	0.0	0.0	0.0	0.02859	0.0	0.0	0.0	0.0	0.0	0.0	0.0	0.23319	1.07385	0.0	0.0	0.0	0.0	0.24583	0.0	0.0	0.0	0.0	0.0	0.0	0.0	0.0	0.0	0.0	0.0
SRR26718108	0.0	0.0	0.0	0.0	0.0	0.0	0.0	0.0	0.0	0.0	0.0	0.1623	0.0	0.09518	0.0	0.0	0.0	0.0	0.0	0.0	0.0	0.0	0.0	0.0	0.0	0.0	0.0	0.0	0.02069	0.08166	0.02958	0.0	0.0	0.0	0.0	0.0	0.0	83.07903	0.0	0.0	0.0	0.0	0.0	0.43305	0.0	0.0	0.0	0.31822	0.0	0.0	0.0	0.0	0.0	0.0	0.0	0.0	0.0	0.0	0.0	0.0	0.0	0.0	0.0	0.0	0.0	0.0	0.0	0.0	0.0	0.0	0.0	0.0	0.0	0.0	0.0	0.0	0.0	0.0	0.0	0.0	0.0	0.0	0.0	0.0	0.0	0.0	0.0	0.0	0.0	0.0	0.0	0.0	0.09386	0.0	0.0	0.0	0.0	0.0	0.0	0.0	0.0	0.0	0.0	0.02759	0.0	0.0	0.0	0.0	0.10077	0.0	0.0	0.0	0.66033	0.10081	0.0	0.0	0.0	0.0	0.0	0.0	0.0	0.06858	0.0	0.0	0.0	0.0	0.0	0.17695	0.0	0.0	0.0	0.0	0.0	0.0	0.0	0.0	0.0	0.0	0.0	0.0	0.0	0.0	0.0	0.78576	0.0	0.0	0.0	0.0	0.57725	0.0	0.0	0.0	0.01735	0.0	0.0	0.0	0.0	0.0	0.0	0.0	0.0	0.0	0.0	0.0	0.22466	4.47574	0.0	2.01643	0.0	0.0	0.0	0.0	0.0	0.0	0.0	0.0	0.0	0.0	0.0	0.0	0.0	0.0	0.0	0.0	0.00064	0.0	0.0	0.0	0.0	0.0	0.0	0.0	0.0	0.0	0.0	0.0	0.0	0.0	0.06197	0.0	0.0	0.8862	0.0	0.0	0.0	0.0	0.0	0.0	0.0	0.0	0.0	0.0	0.0	0.0	0.0	0.0	0.0	0.0	0.0	0.0	0.0	0.0	0.0	0.0	0.0	0.0	0.0	0.0	0.0	0.0	0.0	0.0	0.0	0.0	0.0	0.0	0.0	0.0	0.0	0.0	0.0	0.0	0.0	0.0	0.0	0.0	0.0	0.0	0.0	0.0	0.0	0.0	0.0	0.0	0.0	0.0	0.0	0.0	0.0	0.0	0.0	0.0	0.0	0.0	0.0	0.0	0.0	0.0	0.0	0.0	0.0	0.0	0.0	0.0	0.0	0.0	0.0	0.0	0.0	0.0	0.0	0.0	0.0	0.0	1.15263	0.00429	0.0	0.0	0.0	0.0	0.0	0.0	0.0	0.0	0.0	0.0	0.0	0.0	0.0	0.0	0.2714	0.0	0.0	0.0	0.0	0.0	0.26019	0.0	0.0	0.0	0.0	0.0	0.0	0.0	0.47117	0.14638	0.0	0.0	0.0	0.0	3.19935	0.0	0.0	0.0	0.0	0.0	0.0	0.0	0.0	0.0	0.0	0.0
SRR26718109	0.0	0.0	0.0	0.0	0.0	0.0	0.0	0.0	0.08087	0.0	0.0	0.39476	0.0	4.90994	0.0	0.0	0.0	0.0	0.0	0.0	0.0	0.0086	0.0	0.0	0.0	0.0	0.0	0.0	0.0827	0.13938	0.01292	0.0	0.0	0.0	0.0	0.0	0.0	68.65642	0.0	0.00068	0.0	0.0	0.0	0.07363	0.41454	0.0	0.0	0.19608	0.0	0.0	0.0	0.0	0.0	0.0	0.0	0.0	0.0	0.0	0.0	0.0	0.0	0.0	0.0	0.0	0.0	0.0	0.0	0.0	0.0	0.0	0.0	0.0	0.0	0.0	0.0	0.29357	0.0	0.0	0.08376	0.0	0.0	0.0	0.0	0.0	0.0	0.0	0.0	0.0	0.0	0.0	0.0	0.0	0.16623	0.0	0.0	0.0	0.0	0.01854	0.0	0.0	0.0	0.0	0.0	0.00967	0.0	0.0	0.0	0.0	0.00206	0.0	0.0	0.0	0.33457	1.17613	0.0	0.0	0.0	0.70319	0.38672	0.0	0.0	0.0	0.0	0.0	0.0	0.0	0.0	0.34231	0.0	0.0	0.0	0.0	0.0	0.65478	0.0	0.0	0.0	0.0	0.027	0.0	0.0	0.0	0.0	0.03081	0.0	0.0	0.0	0.0	0.11152	0.0	0.0	0.0	0.0	0.01294	0.0	0.0	0.0	0.0	0.0	0.0	0.0	0.0	0.0	0.0	0.05167	2.00662	0.0	0.89314	0.0	0.0	0.0	0.0	0.0	0.0	0.0	0.0	0.0	0.0	0.0	0.0	0.0	0.0	0.0	0.0	0.0	0.0	0.0	0.0	0.0	0.2322	0.0	0.0	0.0	0.0	0.0	0.0	0.0	0.0	0.0	0.0	0.0	0.33794	0.0	0.0	0.0	0.06844	0.0	0.11566	0.0	0.0	0.0	0.0	0.0	0.0	0.0	0.0	0.0	0.0	0.0	0.0	0.0	0.0	0.0	0.0	0.0	0.0	0.0	0.0	0.0	0.0	0.65246	0.0	0.0	11.00156	0.0	0.0	0.0	0.0	0.0	2.76823	0.0	0.0	0.0	0.0	0.0	0.0	0.0	0.0	0.0	0.0	0.0	0.0	0.0	0.0	0.0	0.0	0.0	0.0	0.0	0.0	0.0	0.0	0.0	0.0	0.0	0.0	0.0	0.0	0.0	0.0	0.0	0.0	0.0	0.0	0.0	0.0	0.0	0.0	0.0	0.0	0.0	0.74121	0.0	0.0	0.28836	0.02519	0.0	0.0	0.0	0.0	0.0	0.0	0.0	0.0085	0.0	0.0	0.0	0.0	0.0	0.0	0.00603	0.0	0.0	0.0	0.0	0.0	0.00365	0.0	0.0	0.0	0.0	0.0	0.0	0.0	0.31938	1.08725	0.0	0.0	0.0	0.0	0.0	0.06819	0.0	0.0	0.0	0.0	0.0	0.0	0.0	0.0	0.0	0.0
SRR26718110	0.0	0.0	0.0	0.0	0.0	0.0	0.0	0.0	0.00872	0.0	0.0	2.925	0.0	2.59431	0.0	0.0	0.0	0.0	0.0	0.0	0.0	0.0	0.0	0.0	0.0	0.0	0.06237	0.0	0.03724	0.00799	0.0	0.0	0.0	0.0	0.0	0.0	0.0	15.50741	0.0	0.0	0.0	0.0	0.0	3.21876	0.10659	0.0	0.0	0.91721	0.0	0.0	0.0	0.0	0.0	0.0	0.0	0.0	0.0	0.0	0.05273	0.0	0.0	0.0	0.0	0.0	0.0	0.0	0.0	0.0	0.0	0.0	0.00297	0.0	0.0	0.0	0.0	0.15377	0.0	0.0	0.04496	0.0	0.0	0.0	0.13472	0.0	0.0	0.0	0.0	0.0	0.0	0.0	0.0	0.0	0.28164	0.0	0.0	0.0	0.0	0.13218	0.0	0.0	0.0	0.28416	0.0	0.00388	0.0	0.0	0.0	0.0	0.11794	0.0	0.0	0.0	0.17648	0.06454	0.0	0.0	0.0	0.0	0.32888	0.0	0.0	0.0	0.0	0.0	0.0	0.0	0.0	0.24233	0.0	0.0	0.0	0.0	0.24516	0.0	0.0	0.0	0.0	0.0	0.0	0.0	0.0	0.0	0.0053	0.07451	0.0	0.0	0.00899	0.0	0.04766	0.02476	0.02869	0.0	0.0	0.0249	0.0	0.0	0.0	0.0	0.0	0.0	0.0	0.0	0.0	0.0	0.04163	0.48351	0.0	0.09967	0.0	0.0	0.0	0.0	0.0	0.0	0.0	0.0	0.0	0.00637	0.0	0.0	0.0	0.0	0.0	0.0	0.0	0.0	0.0	0.0	0.0	0.0	0.0	0.0	0.0	0.0	0.0	0.0	0.0	6e-05	0.05441	0.0	0.0	0.13432	0.00631	0.0	0.0	0.00031	0.00046	0.0	0.0	0.0	0.0	0.0	0.0	0.0	0.0	0.0	0.0	0.0	0.0	0.0	0.0	0.0	0.0	0.0	0.0	0.0	0.0	0.0	0.0	0.0	0.13868	0.02062	0.0	6.42283	0.0	0.0	0.0	0.0	0.0	0.0	0.0	0.0	0.0	0.0	0.0	0.0	0.0	0.0	0.0	0.0	0.0	0.0	32.80492	0.0	0.0	0.0	0.0	0.0	0.0	0.0	0.0	0.0	0.0	0.0	0.0	0.0	0.0	0.18546	0.0	0.0	0.0	0.0	0.0	0.0	0.0	0.0	0.0	0.0	0.0	0.0	0.00029	0.06486	0.0	0.0	10.13635	0.04675	0.0	0.0	0.0	0.0	0.0	0.0	0.0	0.06457	0.0	0.0	0.0	0.0	0.0	0.0	0.12383	0.0	0.35329	0.0	0.0	0.0	0.31404	0.0	0.0	0.0	0.0	0.0	0.0	0.0	0.00197	20.36802	0.0	0.0	0.0	0.0	0.21239	0.0	0.0	0.04334	0.0	0.0	0.0	0.0	0.0	0.0	0.0	0.004
SRR26718111	0.0	0.0	0.0	0.0	0.0	0.0	0.0	0.0	0.02548	0.0	0.0	0.0	0.0	0.1296	0.0	0.0	0.0	0.0	0.0	0.0	0.0	0.0	0.0	0.0	0.0	0.0	0.0	0.0	0.0	0.213	0.02105	0.0	0.0	0.0	0.0	0.0	0.0	28.23067	0.0	0.0	4.07293	0.0	0.0	0.00655	0.16266	0.0	0.0	0.19644	0.0	0.0	0.0	0.0	0.0	0.0	0.75	0.0	0.0	0.0	0.0	0.0	0.0	0.0	0.0	0.0	0.0	0.0	0.0	0.0	0.0	0.0	0.0	0.0	0.0	0.0	0.0	0.35203	0.0	0.0	0.0028	0.0	0.0	0.0	0.01396	0.0	0.0	0.0	0.0	0.0	0.0	0.0	0.0	0.0	0.01808	0.0	0.01924	0.0	0.0	0.18806	0.0	0.0	0.0	0.01095	0.0	0.05199	0.0	0.13999	0.0	0.0	0.02808	0.0	0.0	0.0	0.52461	0.0	0.0	0.0	0.0	0.0	0.95761	0.0	0.01194	0.0	0.0	0.0	0.0	0.0	0.0	0.14317	0.0	0.0	0.0	0.0	0.39475	0.16352	0.0	0.0	0.0	0.0	0.0	0.0	0.0	0.0	0.0	0.0	0.0	0.0	0.02417	0.0	0.07545	0.0	0.00668	0.0	0.00114	0.03001	0.0	0.0	0.0	0.0	0.0	0.03157	0.0	0.0	0.0	0.0	0.14312	1.07417	0.0	0.0	0.0	0.0	0.0	0.0	0.01706	0.0	0.0	0.0	0.0	0.0	0.0	0.0	0.0	0.0	0.0	0.0	0.0	0.0	0.0	0.0	0.0	0.0	0.0	0.0	0.0	0.0	0.0	0.0	0.0	0.0	0.00389	0.0	0.0	1.12644	0.01273	0.0	0.0	0.00054	0.0	0.0	0.0	0.0	0.0	0.0	0.0	0.0	0.0	0.0	0.0	0.0	0.0	0.0	0.0	0.0	0.0	0.0	0.0	0.0	2.02345	0.0	0.0	0.0	0.49008	0.0	0.0	4.59362	0.0	0.0	0.0	0.0	0.0	0.78313	0.0	0.0	0.0	0.0	0.0	0.0	0.0	0.0	0.0	0.0	0.0	0.66655	46.29236	0.0	0.0	0.0	0.0	0.0	0.0	0.0032	0.0	0.0	0.0	0.00283	0.0	0.0	0.0	0.0	0.0	0.0	0.0	0.0	0.0	0.0	0.0	0.0	0.0	0.0	0.0	0.0	0.0	0.39138	0.0	0.0	0.51957	0.03846	0.0	0.0	0.0	0.0	0.0	0.0	0.0	0.0	0.0	0.0	0.52203	0.0	0.0	0.0	0.67078	0.0	0.0	0.0	0.0	0.0	0.05385	0.0	0.0	0.0	0.0	0.0	0.0	0.0	0.14028	3.39988	0.0	0.0	0.0	0.0	0.03242	0.0	0.0	0.0	0.0	0.0	0.0	0.0	0.0	0.0	0.0	0.0
SRR26718112	0.0	0.0	0.0	0.0	0.0	0.0	0.0	0.0	0.0	0.0	0.0	0.0	0.0	0.43021	0.04065	0.0	0.0	0.0	0.0	0.0	0.0	0.76989	0.0	0.0	0.03774	0.0	0.0	0.0	0.0	0.04889	0.0	0.0	0.0	0.0	0.0	0.0	0.0	54.56362	0.0	0.0	0.0	0.0	0.0	0.40412	0.00966	0.0	0.0	1.10557	0.0	0.0	0.0	0.0	0.0	0.0	0.0	0.0	0.0	0.0	0.0	0.0	0.0	0.0	0.0	0.06689	0.0	0.0	0.0	0.0	0.0	0.0	0.0017	0.0	0.0	0.0	0.0	0.0	0.0	0.0	0.22826	0.0	0.0	0.0	0.0	0.0	0.0	0.0	0.0	0.0	0.0	0.0	0.0	0.0	0.0	0.0	0.0	0.0	0.0	0.0	0.0	0.0	0.0	0.16894	0.0	0.89675	0.0	0.0	0.0	0.0	0.66732	0.0	0.0	0.0	0.03399	0.0	0.0	0.0	0.0	0.0	0.0	0.0	0.0	0.0	0.0	0.0	0.0	0.0	0.0	0.03932	0.0	0.0	0.0	0.0	0.0	0.4069	0.0	0.0	0.0	0.0	0.0	0.0	0.0	0.0	0.0	0.0	0.0	0.0	0.02125	0.0	0.7857	0.0	0.0	0.0	0.51862	0.0	0.0	0.0	0.0	0.0	0.0	0.08273	0.0	0.0	0.0	0.0	1.40449	0.0	0.0	0.0	0.0	0.0	0.0	0.0	0.0	0.0	0.0	0.0	0.0	0.01412	0.0	0.0	0.0	0.0	0.0	0.0	0.01116	0.0	0.0	0.0	0.0	1.96708	0.0	0.0	0.0	0.0	0.0	0.0	0.0	0.0	0.0	0.0	0.0	2.0543	0.0	0.0	0.0	0.0	0.0	0.0	0.0	0.0	0.0	0.0	0.0	0.0	0.0	0.0	0.0	0.0	0.0	0.0	0.0	0.0	0.0	0.0	0.0	0.0	2.17597	0.0	0.0	0.0	0.05083	0.0	0.0	1.80031	0.0	0.0	0.0	0.0	0.0	2.90706	0.0	0.0	0.0	0.0	0.0	0.0	0.0	0.0	0.0	0.0	0.0	11.45358	6.02627	0.0	0.0	0.0	0.0	0.0	0.0	0.01312	0.0	0.0	0.0	0.0	0.0	0.0	0.0	0.0	0.0	0.0	0.0	0.0	0.0	0.0	0.0	0.0	0.0	0.0	0.0	0.0	0.07844	0.0	0.0	0.0	0.0	0.06044	0.0	0.0	0.0	0.0	0.0	0.0	0.0	0.67593	0.0	0.0	0.0	0.0	0.0	0.0	0.0	0.0	0.0	0.0	0.0	0.0	5.11916	0.0	0.0	0.0	0.0	0.0	0.0	0.0	1.88114	0.94204	0.0	0.0	0.0	0.0	0.0	0.00873	0.0	0.0	0.02708	0.0	0.0	0.0	0.0	0.0	0.0	0.0
SRR26718113	0.0	0.0	0.0	0.0	0.0	0.0	0.0	0.0	0.00197	0.0	0.0	0.0	0.0	0.0	0.0	0.0	0.0	0.0	0.0	0.0	0.0	0.0	0.0	0.0	0.0	0.0	0.0	0.0	0.0	0.04865	0.21533	0.0	0.0	0.0	0.0	0.0	0.0	58.92199	0.0	0.0	0.0	0.0	0.0	0.05351	0.01489	0.0	0.0	0.11707	0.0	0.0	0.0	0.0	0.0	0.0	0.0	0.0	0.0	0.0	0.0	0.0	0.0	0.0	0.0	0.0	0.0	0.0	0.0	0.0	0.0	0.0	0.0	0.0	0.0	0.0	0.0	0.3372	0.0	0.0	0.0	0.0	0.0	0.0	0.0	0.0	0.0	0.0	0.0	0.0	0.0	0.0	0.0	0.0	0.0	0.0	0.0	0.0	0.0	0.0	0.0	0.0	0.0	0.34467	0.0	0.03908	0.0	0.0	0.0	0.0	0.14953	0.0	0.0	0.0	4.88847	0.0	0.0	0.0	0.0	0.0	0.13384	0.05053	0.0	0.0	0.0	0.0	0.0	0.0	0.0	0.20601	0.0	0.0	0.0	0.0	0.05945	0.0	0.0	0.0	0.0	0.0	0.0	0.0	0.0	0.0	0.0	0.0	0.0	0.0	0.0	0.0	0.17061	0.0	0.0	0.0	0.00303	0.0	0.0	0.0	0.0	0.0	0.0	0.0	0.0	0.0	0.0	0.0	0.05974	0.03546	0.0	0.0	0.0	0.0	0.0	0.0	0.17584	0.0	0.0	0.0	0.0	0.0	0.0	0.01965	0.0	0.0	0.0	0.0	0.0	0.0	0.0	0.0	0.0	0.0	0.0	0.01307	0.0	0.0	0.0	0.0	0.0	0.0	0.0	0.0	0.0	0.2354	0.0	0.0	0.0	0.0	0.0	0.0	0.0	0.0	0.0	0.0	0.0	0.0	0.0	0.0	0.0	0.0	0.0	0.0	0.0	0.0	0.0	0.0	0.0	0.0	0.0	0.0	0.0	0.0	0.0	0.0	0.0	6.96008	0.0	0.0	0.0	0.0	0.0	3.41466	0.0	0.0	0.0	0.0	0.0	0.0	0.0	0.0	0.0	0.0	0.0	2.04407	19.72034	0.0	0.0	0.0	0.0	0.0	0.0	0.0	0.0	0.0	0.0	0.0	0.0	0.0	0.0	0.0	0.0	0.0	0.0	0.0	0.0	0.0	0.0	0.0	0.0	0.0	0.0	0.0	0.0	0.09921	0.0	0.0	0.19449	0.03365	0.0	0.0	0.0	0.0	0.0	0.0	0.0	0.08849	0.0	0.0	0.0	0.0	0.0	0.0	0.0	0.0	0.0	0.0	0.0	0.0	0.19245	0.0	0.0	0.0	0.0	0.0	0.0	0.0	0.42055	0.53699	0.0	0.0	0.0	0.0	0.0	0.0	0.0	0.0	0.0	0.0	0.0	0.0	0.0	0.0	0.0	0.0
SRR26718114	0.0	0.0	0.0	0.0	0.0	0.0	0.0	0.0	0.0	0.0	0.0	0.9875	0.0	5.74497	0.0	0.0	0.0	0.0	0.0	0.0	0.0	0.0	0.0	0.0	0.0	0.0	0.0	0.0	0.18365	0.12204	0.04658	0.0	0.0	0.0	0.0	0.0	0.0	46.74074	0.0	0.0	0.0	0.0	0.0	0.28608	0.16147	0.0	0.0	0.34987	0.0	0.0	0.0	0.0	0.0	0.03117	0.88277	0.0	0.0	0.0	0.0	0.0	0.0	0.0	0.0	0.00384	0.0	0.0	0.0	0.0	0.0	0.0	0.0	0.0	0.0	0.0	0.0	0.51556	0.0	0.0	0.05696	0.0	0.0	0.0	0.0	0.0	0.0	0.0	0.0	0.0	0.0	0.0	0.0	0.00615	0.0	0.0	0.0	0.0	0.0	0.0	0.0	0.0	0.0	0.17487	0.0	0.00056	0.0	0.0	0.0	0.0	0.6424	0.0	0.0	0.0	0.0	0.03399	0.0	0.0	0.0	0.0	1.67623	0.0	0.0	0.0	0.0	0.0	0.0	0.0	0.0	0.09976	0.0	0.0	0.0	0.0	0.0	0.0	0.0	0.0	0.0	0.0	0.0	0.0	0.0	0.0	0.0	0.0	0.0	0.0	0.0443	0.0	0.01972	0.0	0.0	0.0	0.0	0.07586	0.0	0.0	0.0	0.0	0.0	0.0	0.0	0.0	0.0	0.0	0.10628	0.0	0.01659	0.0	0.0	0.0	0.0	0.0	0.0	0.0	0.0	0.0	0.0	0.0	0.0	0.0	0.0	0.0	0.0	0.0	0.0	0.0	0.0	0.0	0.0	0.06512	0.0	0.0	0.0	0.0	0.0	0.0	0.0	0.0	0.0	0.0	0.0	0.06906	0.0	0.0	0.0	0.00182	0.0	0.00262	0.0	0.0	0.0	0.0	0.0	0.0	0.0	0.0	0.0	0.0	0.0	0.0	0.0	0.0	0.0	0.0	0.0	0.0	0.0	0.0	0.0	0.0	0.03813	0.0	0.0	1.01281	0.0	0.0	0.0	0.0	0.0	0.73933	0.0	0.0	0.0	0.0	0.0	0.0	0.0	0.0	0.0	0.0	0.0	0.79259	30.24579	0.0	0.0	0.0	0.0	0.0	0.0	0.0	0.0	0.0	0.0	0.0	0.0	0.0	0.0	0.0	0.0	0.0	0.0	0.0	0.0	0.0	0.0	0.0	0.0	0.0	0.0	0.0	0.0	0.16647	0.0	0.0	0.3099	0.07387	0.0	0.0	0.0	0.0	0.0	0.0	0.0	0.0	0.0	0.0	0.0	0.0	0.0	0.0	0.00894	0.0	0.0	0.0	0.0	0.0	0.19423	0.0	0.0	0.0	0.0	0.0	0.0	0.0	0.38131	2.29711	0.0	0.0	0.0	0.0	0.03018	0.0	0.0	4.56082	0.0	0.0	0.0	0.0	0.0	0.0	0.0	0.0
SRR26718115	0.0	0.0	0.0	0.0	0.0	0.0	0.0	0.0	0.0	0.0	0.0	0.0	0.0	2.20755	0.0	0.0	0.0	0.0	0.0	0.0	0.0	0.0	0.0	0.0	0.00149	0.00036	0.08696	0.0	0.35586	0.0	0.02892	0.0	0.0	0.0	0.0	0.0	0.0	44.8584	0.0	0.0	0.0	0.0	0.0	0.01304	0.19526	0.0	0.0	3.61977	0.0	0.0	0.0	0.0	0.0	0.0	0.0	0.0	0.0	0.0	0.0	0.0	0.0	0.0	0.0	0.0	0.0	0.0	0.00453	0.0	0.0	0.0	0.0	0.0	0.0	0.0	0.0	1.29131	0.0	0.0	0.0	0.0	0.0	0.0	0.6629	0.07898	0.0	0.0	0.0	0.0	0.0	0.0	0.0	0.0	0.04854	0.0	0.0	0.0	0.0	0.21797	0.0	0.0	0.0	0.1115	0.00902	0.19986	0.0	0.0	0.29153	0.0	0.47855	0.0	0.0	0.0	0.53401	0.35281	0.0	0.0	0.0	0.28392	0.33311	0.00864	0.0	0.0	0.0	0.0	0.0	0.0	0.0	0.30427	0.0	0.0	0.0	0.0	0.69207	0.0	0.0	0.0	0.0	0.0	0.0	0.0	0.0	0.0	0.02438	0.0	0.0	0.0	0.31672	0.0	3.16669	0.3205	0.10759	0.0	0.14233	0.0	0.0	0.0	0.0	0.0	0.0	0.0	0.0	0.0	0.0	0.0	0.10609	0.0	0.0	0.0	0.14398	0.0	0.0	0.0	0.0	0.00918	0.0	0.0	0.0	0.06943	0.0	0.0	0.0	0.0	0.0	0.0	0.0	0.0	0.0	0.0	0.0	0.11967	0.0	0.0	0.0	0.0	0.0	0.0	0.0	0.00529	0.1283	0.0	0.0	0.26207	0.0	0.0	0.0	0.03707	0.0	0.0	0.0	0.0	0.0	0.0	0.0	0.0	0.0	0.0	0.0	0.0	0.0	0.0	0.0	0.0	0.0	0.00022	0.0	0.0	0.24975	0.0	0.0	0.0	0.08806	0.0	0.0	1.1693	0.0	0.0	0.0	0.0	0.0	1.8201	0.0	0.0	0.0	0.0	0.0	0.0	0.0	0.0	0.0	0.0	0.0	1.6719	15.938	0.0	0.0	0.0	0.0	0.0	0.0	0.0	0.0	0.0	0.0	0.0	0.0	0.0	0.0	0.04532	0.0	0.0	0.0	0.0	0.0	0.0	0.0	0.0	0.0	0.0	0.0	0.0	0.0	0.10089	0.0	0.0	5.85651	0.55881	0.0	0.0	0.0	0.0	0.0	0.0	0.0	0.14172	0.0	0.0	0.0	0.0	0.00379	0.0	0.65783	0.0	0.0	0.0	0.0	0.0	0.09299	0.0	0.0	0.0	0.0	0.0	0.0	0.0	0.73955	8.248240000000001	0.0	0.0	0.0	0.0	0.0156	0.0	0.0	0.35733	0.0	0.0	0.0	0.0	0.0	0.0	0.0	0.01364
SRR26718116	0.0	0.0	0.0	0.0	0.0	0.0	0.0	0.0	0.0	0.0	0.0	0.0	0.0	0.05104	0.0	0.00372	0.0	0.0	0.0	0.0	0.0	0.0	0.0	0.0	0.0	0.0	0.0	0.0	0.18581	0.08455	0.00892	0.0	0.0	0.0	0.0	0.0	0.0	69.78572	0.0	0.0	0.0	0.0	0.0	0.0	0.0	0.0	0.0	1.68023	0.0	0.0	0.0	0.0	0.0	0.0	0.0	0.0	0.0	0.0	0.0	0.0	0.0	0.0	0.0	0.0	0.0	0.0	0.0	0.0	0.0	0.0	0.0	0.0	0.0	0.0	0.0	0.44785	0.0	0.0	0.0	0.0	0.0	0.0	0.0	0.0	0.0	0.0	0.0	0.0	0.0	0.0	0.0	0.0	0.0	0.0	0.09284	0.0	0.0	0.0	0.0	0.0	0.0	0.03292	0.0	0.00915	0.0	0.0	0.0	0.0	0.24485	0.0	0.0	0.0	0.0337	0.0	0.0	0.0	0.0	0.0	1.75016	0.0	0.0	0.0	0.0	0.0	0.0	0.0	0.0	0.11751	0.0	0.0	0.0	0.0	0.0	0.0	0.0	0.0	0.0	0.0	0.0	0.0	0.0	0.0	0.0	0.0	0.0	0.0	0.0	0.0	0.02821	0.00194	0.0	0.0	0.0	0.0	0.0	0.0	0.0	0.0	0.0	0.2062	0.0	0.0	0.0	0.0	0.04728	0.0	0.0	0.28965	0.0	0.0	0.0	0.0	0.0	0.0	0.0	0.0	0.0	0.0	0.0	0.0	0.0	0.0	0.0	0.0	0.0	0.0	0.0	0.0	0.0	0.0	0.0	0.0	0.0	0.0	0.0	0.0	0.0	0.0	0.0	0.0	0.0	0.23389	0.0	0.0	0.0	0.0	0.0	0.0	0.0	0.0	0.0	0.0	0.0	0.0	0.0	0.0	0.0	0.0	0.0	0.0	0.0	0.0	0.0	0.0	0.0	0.0	0.0	0.0	0.0	0.0	0.0	0.0	0.0	9.44126	0.0	0.0	0.0	0.0	0.0	0.96748	0.0	0.0	0.0	0.0	0.0	0.0	0.0	0.0	0.0	0.0	0.0	0.0	13.38539	0.0	0.0	0.0	0.0	0.0	0.0	0.0	0.0	0.0	0.0	0.0	0.0	0.0	0.0	0.0	0.0	0.0	0.0	0.0	0.0	0.0	0.0	0.0	0.0	0.0	0.0	0.0	0.0	0.0	0.0	0.0	0.39004	0.02329	0.0	0.0	0.0	0.0	0.0	0.0	0.0	0.03882	0.0	0.0	0.0	0.0	0.0	0.0	0.00212	0.0	0.0	0.0	0.0	0.0	0.03155	0.0	0.0	0.0	0.0	0.0	0.0	0.0	0.01145	0.36035	0.0	0.0	0.0	0.0	0.01209	0.0	0.0	0.0	0.0	0.0	0.0	0.0	0.0	0.0	0.0	0.0
SRR26718117	0.0	0.0	0.0	0.0	0.0	0.0	0.0	0.0	0.0391	0.0	0.0	0.0	0.0	0.40293	0.0	0.0	0.0	0.0	0.0	0.0	0.0	0.03291	0.0	0.0	0.0	0.0	0.0	0.0	0.15915	0.0	0.0	0.0	0.0	0.0	0.0	0.0	0.0	23.22854	0.0	0.0	0.0	0.0	0.0	0.16987	0.0	0.0	0.0	0.28476	0.0	0.0	0.0	0.0	0.0	0.0	0.0	0.0	0.0	0.0	0.0	0.0	0.0	0.0	0.0	0.0	0.0	0.0	0.0	0.0	0.0	0.0	0.0	0.0	0.0	0.0	0.0	1.45799	0.0	0.0	0.0	0.0	0.0	0.0	0.0	0.0	0.0	0.0	0.0	0.0	0.0	0.0	0.0	0.0	0.86426	0.0	0.0	0.0	0.0	0.09338	0.0	0.0	0.0	0.0	0.0	0.0	0.0	0.0	0.0	0.0	0.00152	0.0	0.0	0.0	0.07083	0.0244	0.0	0.0	0.0	0.0	0.20715	0.0	0.0	0.0	0.0	0.0	0.0	0.0	0.0	0.1865	0.0	0.0	0.0	0.0	0.0	0.06222	0.0	0.0	0.0	0.0	0.0	0.0	0.0	0.0	0.0	0.0	0.0	0.0	0.0	0.0	0.37101	0.0	0.0	0.0	0.0	0.0	0.0	0.0	0.0	0.0	0.0	0.0	0.0	0.0	0.0	0.0	0.07363	0.95898	0.0	0.0	0.0	0.0	0.0	0.0	0.0	0.0	0.0	0.0	0.0	0.0	0.0	0.0	0.0	0.0	0.0	0.0	0.0	0.0	0.0	0.0	0.0	0.0	0.0	0.0	0.0	0.0	0.0	0.0	0.0	0.0	0.0	0.0	0.0	0.06429	0.0	0.0	0.0	0.0	0.0	0.0	0.0	0.0	0.0	0.0	0.0	0.0	0.0	0.0	0.0	0.0	0.0	0.0	0.0	0.0	0.0	0.0	0.0	0.0	0.0	0.0	0.0	0.0	0.0	0.0	0.0	44.44095	0.0	0.0	0.0	0.0	0.0	1.01167	0.0	0.0	0.0	0.0	0.0	0.0	0.0	0.0	0.0	0.0	0.0	0.0	22.6643	0.0	0.0	0.0	0.0	0.0	0.0	0.0	0.0	0.0	0.0	0.0	0.0	0.0	0.0	0.0	0.0	0.0	0.0	0.0	0.0	0.0	0.0	0.0	0.0	0.0	0.0	0.0	0.0	2.49729	0.0	0.0	0.07741	0.10188	0.0	0.0	0.0	0.0	0.0	0.0	0.0	0.0	0.0	0.0	0.0	0.0	0.0	0.0	0.0386	0.0	0.0	0.0	0.0	0.0	0.04808	0.0	0.0	0.0	0.0	0.0	0.0	0.0	0.01202	0.33397	0.0	0.0	0.0	0.0	0.0204	0.0	0.0	0.0	0.0	0.0	0.0	0.0	0.0	0.0	0.0	0.0
SRR26718118	0.0	0.0	0.0	0.0	0.0	0.0	0.0	0.0	0.0	0.0	0.0	0.0	0.0	0.0	0.0	0.0	0.0	0.0	0.0	0.0	0.0	0.0	0.0	0.0	0.0	0.0	0.0	0.0	0.0	0.0	0.0	0.0	0.0	0.0	0.0	0.0	0.0	35.8909	0.0	0.0	0.0	0.0	0.0	0.0	0.0	0.0	0.0	0.0	0.0	0.0	0.0	0.0	0.0	0.0	0.0	0.0	0.0	0.0	0.0	0.0	0.0	0.0	0.0	0.0	0.0	0.0	0.0	0.0	0.0	0.0	0.0	0.0	0.0	0.0	0.0	0.0	0.0	0.0	0.0	0.0	0.0	0.0	0.0	0.0	0.0	0.0	0.0	0.0	0.0	0.0	0.0	0.0	0.0	0.0	0.0	0.0	0.0	0.0	0.0	0.0	0.0	0.0	0.0	0.0	0.0	0.0	0.0	0.0	0.0	0.0	0.0	0.0	0.0	0.0	0.0	0.0	0.0	0.0	0.0	0.0	0.0	0.0	0.0	0.0	0.0	0.0	0.0	0.0	0.0	0.0	0.0	0.0	0.0	0.0	0.0	0.0	0.0	0.0	0.0	0.0	0.0	0.0	0.0	0.0	0.0	0.0	0.0	0.0	0.0	0.0	0.0	0.0	0.0	0.0	0.0	0.0	0.0	0.0	0.0	0.0	0.0	0.0	0.0	0.0	0.0	0.0	0.0	0.0	0.0	0.0	0.0	0.0	0.0	0.0	0.0	0.0	0.0	0.0	0.0	0.0	0.0	0.0	0.0	0.0	0.0	0.0	0.0	0.0	0.0	0.0	0.0	0.0	0.0	0.0	0.0	0.0	0.0	0.0	0.0	0.0	0.0	0.0	0.0	0.0	0.0	0.0	0.0	0.0	0.0	0.0	0.0	0.0	0.0	0.0	0.0	0.0	0.0	0.0	0.0	0.0	0.0	0.0	0.0	0.0	0.0	0.0	0.0	0.0	0.0	0.0	0.0	0.0	0.0	0.0	0.0	0.0	0.0	0.0	0.0	0.0	0.0	0.0	0.0	0.0	0.0	44.0965	0.0	0.0	0.0	0.0	0.0	0.0	20.0126	0.0	0.0	0.0	0.0	0.0	0.0	0.0	0.0	0.0	0.0	0.0	0.0	0.0	0.0	0.0	0.0	0.0	0.0	0.0	0.0	0.0	0.0	0.0	0.0	0.0	0.0	0.0	0.0	0.0	0.0	0.0	0.0	0.0	0.0	0.0	0.0	0.0	0.0	0.0	0.0	0.0	0.0	0.0	0.0	0.0	0.0	0.0	0.0	0.0	0.0	0.0	0.0	0.0	0.0	0.0	0.0	0.0	0.0	0.0	0.0	0.0	0.0	0.0	0.0	0.0	0.0	0.0	0.0	0.0	0.0	0.0	0.0	0.0	0.0	0.0	0.0	0.0	0.0	0.0
SRR26718119	0.0	0.0	0.0	0.0	0.0	0.0	0.0	0.0	0.00704	0.0	0.0	1.38438	0.0	0.59242	0.0	0.0	0.0	0.0	0.0	0.0	0.0	0.00555	0.0	0.0	0.0	0.0	0.0	0.0	0.01922	0.02581	0.14552	0.0	0.0	0.0	0.0	0.0	0.0	37.62584	0.0	0.0	0.0	0.0	0.0	0.0	0.29866	0.0	0.0	0.04716	0.0	0.0	0.0	0.0	0.0	0.0	0.0	0.0	0.0	0.0	0.0	0.0	0.0	0.0	0.0	0.0	0.0	0.0	0.0	0.0	0.0	0.0	0.0	0.0	0.0	0.0	0.0	0.04182	0.0	0.0	0.0	0.0	0.0	0.0	0.0	0.0	0.0	0.0	0.0	0.0	0.0	0.0	0.0	0.0	0.20854	0.0	0.0	0.0	0.0	0.0	0.0	0.0	0.0	0.07073	0.0	0.0	0.0	0.0	0.0	0.0	0.18825	0.0	0.0	0.0	0.10864	0.09831	0.0	0.0	0.0	0.0	0.0	0.0	0.0	0.0	0.0	0.0	0.0	0.0	0.0	0.17313	0.0	0.0	0.0	0.0	0.09595	0.05981	0.0	0.0	0.0	0.0	0.0	0.0	0.0	0.0	0.0	0.03931	0.0	0.0	0.01203	0.0	0.00031	0.0	0.0	0.0	0.0	0.0	0.0	0.0	0.0	0.0	0.0	0.0	0.0	0.0	0.0	0.0	0.03087	0.06062	0.0	0.0	0.0	0.0	0.0	0.0	0.0	0.0	0.0	0.0	0.0	0.0	0.0	0.0	0.0	0.0	0.0	0.0	0.0	0.0	0.0	0.0001	0.0	0.0	0.0	0.0	0.0	0.0	0.0	0.0	0.0	0.0	0.0	0.0	0.0	0.38767	0.0	0.0	0.0	0.0	0.0	0.0	0.0	0.0	0.0	0.0	0.0	0.0	0.0	0.0	0.0	0.0	0.0	0.0	0.0	0.0	0.0	0.0	0.0	0.0	0.0	0.0	0.0	0.0	0.0	0.06628	0.0	0.0	0.0	0.0	0.0	4.83124	0.0	1.62029	0.0	0.0	0.0	0.0	0.0	0.0	0.0	0.0	0.0	0.0	0.0	0.0	0.0	0.0	0.0	0.0	0.0	0.0	0.0	0.0	0.0	0.0	0.0	0.0	0.0	0.0	0.0	0.0	0.0	0.0	0.0	0.0	0.0	0.0	0.0	0.0	0.0	0.0	0.0	0.0	0.0	0.03093	0.0	0.0	0.22193	0.15938	0.0	0.0	0.0	0.0	0.0	0.0	47.54884	0.01413	0.0	0.0	0.0	0.0	0.0	0.0	0.0	0.0	0.0	0.0	0.0	0.0	0.0	0.0	0.0	0.0	0.0	0.0	0.0	0.0	0.0	2.69256	0.0	0.0	0.0	0.0	0.0	0.0	0.00341	1.08331	0.0	0.0	0.0	0.0	0.0	0.0	0.0	0.0
SRR26718120	0.0	0.0	0.0	0.0	0.0	0.0	0.0	0.0	0.0	0.0	0.0	0.14221	0.0	0.01057	0.0	0.0	0.0	0.0	0.0	0.0	0.0	0.05479	0.0	0.0	0.0	0.0	0.0	0.0	0.26369	0.04758	0.0	0.0	0.0	0.0	0.0	0.0	0.0	14.0655	0.0	0.0	0.0	0.0	0.0	0.63354	0.13202	0.0	0.0	0.15	0.0	0.0	0.0	0.0	0.0	0.0	0.0	0.0	0.0	0.0	0.0	0.0	0.0	0.0	0.0	0.0	0.0	0.0	0.0	0.0	0.0	0.0	0.0	0.0	0.0	0.0	0.0	0.1634	0.0	0.0	0.03124	0.0	0.0	0.0	0.0	0.0	0.0	0.0	0.0	0.0	0.0	0.0	0.0	0.0	0.0	0.0	0.0	0.0	0.0	0.09694	0.0	0.0	0.0	0.0	0.0	0.0	0.0	0.0	0.0	0.0	0.51145	0.0	0.0	0.0	0.89772	0.00579	0.0	0.0	0.0	0.0	0.62117	0.0	0.0	0.01477	0.0	0.0	0.0	0.0	0.0	0.26681	0.0	0.0	0.0	0.0	0.0	0.03095	0.0	0.0	0.0	0.0	0.0	0.0	0.0	0.0	0.0	0.0	0.0	0.0	0.0	0.0	0.05471	0.0	0.0	0.0	0.0	0.0	0.0	0.0	0.0	0.0	0.0	0.07392	0.0	0.0	0.0	0.0	0.19278	0.11854	0.0	0.0	0.0	0.0	0.0	0.0	0.0	0.0	0.0	0.0	0.0	0.00391	0.0	0.0	0.0	0.0	0.0	0.0	0.0	0.0	0.0	0.0	0.0	0.0	0.0	0.0	0.0	0.0	0.0	0.0	0.0	0.0	0.0	0.0	0.0	1.08306	0.0	0.0	0.0	0.0	0.0	0.0	0.0	0.0	0.0	0.0	0.0	0.0	0.0	0.0	0.0	0.0	0.0	0.0	0.0	0.0	0.0	0.0	0.0	0.0	0.0	0.0	0.0	0.0	0.0	0.0	0.0	2.28238	0.0	0.0	0.0	0.0	0.0	2.86195	0.0	0.0	0.0	0.0	0.0	0.0	0.0	0.0	0.0	0.0	0.0	1.71224	72.78031	0.0	0.0	0.0	0.0	0.0	0.0	0.03559	0.0	0.0	0.0	0.0	0.0	0.0	0.0	0.00648	0.0	0.0	0.0	0.0	0.0	0.0	0.0	0.0	0.0	0.0	0.0	0.0	0.0	0.08729	0.0	0.0	0.0	0.04244	0.0	0.0	0.0	0.0	0.0	0.0	0.0	0.00289	0.0	0.0	0.0	0.0	0.0	0.0	0.09803	0.0	0.0	0.0	0.0	0.0	0.29444	0.0	0.0	0.0	0.0	0.0	0.0	0.0	0.0	0.00817	0.0	0.0	0.0	0.0	0.1207	0.0	0.0	0.0	0.0	0.0	0.0	0.0	0.0	0.0	0.0	0.0
SRR26718121	0.0	0.0	0.0	0.0	0.0	0.0	0.0	0.0	0.05526	0.0	0.0	0.05696	0.0	0.27471	0.0	0.0	0.0	0.0	0.0	0.0	0.0	0.01311	0.0	0.0	0.0	0.0	0.0	0.0	0.02439	0.0	0.0	0.0	0.0	0.0	0.0	0.0	0.0	27.40418	0.0	0.0	0.0	0.0	0.0	0.03644	0.0	0.0	0.0	0.12002	0.0	0.0	0.0	0.0	0.0	0.0	0.0	0.0	0.0	0.0	0.23548	0.0	0.0	0.0	0.0	0.0	0.0	0.0	0.0	0.0	0.0	0.0	0.0	0.0	0.01274	0.0	0.0	0.20349	0.0	0.0	0.0	0.0	0.0	0.0	0.0	0.0	0.0	0.0	0.0	0.0	0.0	0.0	0.0	0.0	0.0	0.0	0.0	0.0	0.0	0.0498	0.0	0.0	0.0	0.0	0.0	0.0	0.0	0.0	0.0	0.02215	0.03791	0.0	0.0	0.0	2.05907	0.0707	0.0	0.0	0.0	0.0	2.49319	0.0	0.0	0.0	0.0	0.0	0.0	0.0	0.0	0.01574	0.0	0.0	0.0	0.0	0.22717	1.05242	0.0	0.0	0.0	0.0	0.0	0.0	0.0	0.0	0.0	0.09184	0.0	0.0	0.18918	0.0	0.0	0.0	0.0	0.0	0.0	0.0	0.0	0.0	0.0	0.0	0.0	0.03647	0.0	0.0	0.0	0.0	0.03164	0.84177	0.0	0.57493	0.0	0.0	0.0	0.0	0.0	0.0	0.0	0.0	0.0	0.0	0.0	0.0	0.0	0.0	0.0	0.0	0.0	0.0	0.0	0.0	0.04384	0.00362	0.0	0.0	0.0	0.0	0.0	0.0	0.0	0.0	0.0	0.0	0.0	1.36677	0.0	0.0	0.0	0.0	0.0	0.0	0.0	0.0	0.0	0.0	0.0	0.0	0.0	0.0	0.0	0.0	0.0	0.0	0.0	0.0	0.0	0.0	0.0	0.0	0.0	0.0	0.0	0.0	0.0	0.0	0.0	0.68673	0.0	0.0	0.0	0.0	0.0	1.79453	0.0	0.0	0.0	0.0	0.0	0.0	0.0	0.0	0.0	0.0	0.0	0.82249	51.58266	0.0	0.0	0.0	0.0	0.0	0.0	0.0	0.0	0.0	0.0	0.0	0.0	0.0	0.0	0.0	0.0	0.0	0.0	0.0	0.0	0.0	0.0	0.0	0.0	0.0	0.0	0.0	0.0	2.01542	0.0	0.0	0.45581	0.0	0.0	0.0	0.0	0.0	0.0	0.0	0.0	0.0	0.0	0.0	0.22414	0.0	0.0	0.0	0.00669	0.0	0.0	0.0	0.0	0.0	0.10649	0.0	0.0	0.0	0.0	0.0	0.0	0.00035	0.09988	4.54461	0.0	0.0	0.0	0.0	0.0	0.0	0.0	0.0	0.0	0.0	0.0	0.0	0.0	0.0	0.01524	0.0
SRR26718122	0.0	0.0	0.0	0.0	0.0	0.0	0.0	0.0	0.02914	0.0	0.0	0.73443	0.0	0.0	0.0	0.0	0.0	0.0	0.0	0.0	0.0	0.10622	0.0	0.0	0.0	0.0	0.0	0.0	0.38204	0.0	0.0	0.0	0.0	0.0	0.0	0.0	0.0	58.01673	0.0	0.0	0.0	0.0	0.0	0.80721	0.05141	0.0	0.0	0.60384	0.0	0.0	0.0	0.0	0.0	0.0	0.0	0.0	0.0	0.0	0.94055	0.0	0.0	0.0	0.0	0.0	0.0	0.0	0.0	0.0	0.0	0.0	0.0	0.0	0.0	0.0	0.0	0.79812	0.0	0.0	0.0	0.0	0.0	0.0	0.0	0.0	0.05422	0.0	0.0	0.0	0.0	0.0	0.0	0.0	1.17021	0.0	0.0	0.0	0.0	0.0187	0.0	0.0	0.0	0.0	0.0	0.0	0.0	0.0	0.0	0.01836	0.00309	0.0	0.0	0.0	0.81686	0.03911	0.0	0.0	0.0	0.16002	4.10325	0.01168	0.0	0.0	0.0	0.0	0.0	0.0	0.0	0.00853	0.0	0.0	0.0	0.0	0.82649	0.0	0.0	0.0	0.0	0.0	0.0	0.0	0.0	0.0	0.0	0.30357	0.0	0.0	0.06528	0.0	0.0	0.0	0.0	0.0	0.0	0.0	0.0	0.0	0.02743	0.0	0.0	0.00767	0.0	0.0	0.0	0.0	0.01189	1.63985	0.0	0.58479	0.0	0.0	0.0	0.0	0.0	0.0	0.0	0.0	0.0	0.0	0.0	0.0	0.0	0.0	0.0	0.0	0.0	0.0	0.0	0.0	0.0	0.0	0.0	0.0	0.0	0.0	0.0	0.0	0.0	0.0	0.0	0.0	0.0	0.02736	0.0	0.0	0.0	0.0	0.0	0.0	0.0	0.0	0.0	0.0	0.0	0.0	0.0	0.0	0.0	0.0	0.0	0.0	0.0	0.0	0.0	0.0	0.0	0.0	0.0	0.0	0.0	0.0	0.0	0.0	0.0	0.0	0.0	0.0	0.0	0.0	0.0	3.34091	0.0	0.0	0.0	0.0	0.0	0.0	0.0	0.0	0.0	0.0	0.0	0.0	0.0	0.0	0.0	0.0	0.0	0.0	0.0	0.70145	0.0	0.0	0.0	0.0	0.0	0.0	0.0	0.0	0.0	0.0	0.0	0.0	0.0	0.0	0.0	0.0	0.0	0.0	0.0	0.0	0.01505	14.43385	0.0	0.0	1.91468	0.0	0.0	0.0	0.0	0.0	0.0	0.0	0.0	0.0	0.0	0.0	0.0	0.0	0.0	0.0	0.01773	0.0	0.0	0.0	0.0	0.0	0.0	0.0	0.0	0.0	0.0	0.0	0.0	0.0	0.0	4.54005	0.0	0.0	0.0	0.0	0.00298	0.0	0.0	2.66523	0.0	0.0	0.0	0.0	0.0	0.0	0.0	0.0
SRR26718123	0.0	0.0	0.0	0.0	0.0	0.0	0.0	0.0	0.02609	0.0	0.0	0.0	0.0	9.31074	0.0	0.00218	0.0	0.0	0.0	0.0	0.0	0.00793	0.0	0.0	0.0	0.0	0.00846	0.0	0.07795	0.00424	0.11868	0.0	0.0	0.0	0.0	0.0	0.0	60.29972	0.0	0.0	0.0	0.0	0.0	0.13379	0.04728	0.0	0.0	0.08281	0.0	0.0	0.0	0.0	0.0	0.0	0.0	0.0	0.0	0.0	0.0	0.0	0.0	0.0	0.0	0.0	0.0	0.0	0.0	0.0	0.0	0.0	0.0	0.0	0.0	0.0	0.0	0.04142	0.0	0.0	0.0	0.0	0.0	0.0	0.0	0.0	0.0	0.0	0.0	0.0	0.0	0.0	0.0	0.0	0.0	0.0	0.0	0.0	0.0	0.0	0.0	0.0	0.0	0.11132	0.0	0.0	0.0	0.0	0.0	0.0	0.10652	0.0	0.0	0.0	0.01516	0.01401	0.0	0.0	0.0	0.0	0.7778	0.0	0.0	0.0	0.0	0.0	0.0	0.0	0.0	0.0643	0.0	0.0	0.0	0.0	0.28544	0.0	0.0	0.0	0.0	0.0	0.03158	0.0	0.0	0.0	0.0	0.0	0.0	0.0	0.08836	0.0	0.00523	0.00841	0.02883	0.0	0.0	0.11414	0.0	0.0	0.0	0.0	0.0	0.0	0.0	0.0	0.0	0.0	0.02124	0.08069	0.0	0.26579	0.0	0.0	0.0	0.0	0.0	0.0	0.0	0.0	0.0	0.0	0.0	0.0	0.0	0.0	0.01687	0.0	0.0	0.0	0.0	0.0	0.0	0.0	0.0	0.0	0.0	0.0	0.0	0.0	0.0	0.0	0.0	0.0	0.0	0.10371	0.0	0.0	0.0	0.00951	0.0	0.0	0.0	0.0	0.0	0.0	0.0	0.0	0.0	0.0	0.0	0.0	0.0	0.0	0.41528	0.0	0.0	0.0	0.0	0.0	2.01304	0.0	0.0	0.0	0.16027	0.0	0.0	0.0	0.0	0.0	0.0	0.0	0.0	0.0	0.0	0.0	0.0	0.0	0.0	0.0	0.0	0.0	0.0	0.0	0.0	0.42736	12.93048	0.0	0.0	0.0	0.0	0.0	0.0	0.0	0.0	0.0	0.0	0.0	0.0	0.0	0.0	0.0	0.0	0.0	0.0	0.0	0.0	0.0	0.0	0.0	0.0	0.0	0.0	0.0	0.0	0.14664	0.0	0.0	0.63345	0.26429	0.0	0.0	0.0	0.0	0.0	0.0	0.0	0.01483	0.0	0.0	0.0	0.0	0.0	0.0	0.07329	0.0	0.0	0.0	0.0	0.0	0.00859	0.0	0.0	0.0	0.0	0.0	0.0	0.0	0.0	10.52966	0.0	0.0	0.0	0.0	0.01982	0.0528	0.0	0.0	0.0	0.0	0.0	0.0	0.0	0.0	0.0	0.0
SRR26718124	0.0	0.0	0.0	0.0	0.0	0.0	0.0	0.0	0.012	0.0	0.0	0.0	0.0	9.09994	0.0	0.0	0.0	0.0	0.0	0.0	0.0	0.004	0.0	0.0	0.0	0.0	0.0	0.0	0.2138	0.07663	0.04008	0.0	0.0	0.0	0.0	0.0	0.0	30.57532	0.0	0.0	0.0	0.0	0.0	0.53435	0.21575	0.0	0.0	0.45593	0.0	0.0	0.0	0.0	0.0	0.0	0.28246	0.0	0.0	0.0	2.33301	0.0	0.0	0.0	0.0	0.0	0.0	0.0	0.0	0.0	0.0	0.0	0.0	0.0	0.0	0.0	0.0	0.38084	0.0	0.0	0.0	0.0	0.0	0.0	0.0	0.23067	0.0	0.0	0.0	0.0	0.0	0.0	0.0	0.0	0.06892	0.0	0.0	0.0	0.0	0.01136	0.0	0.0	0.0	0.17065	0.0	0.0	0.0	0.0	0.0	0.0	0.02667	0.0	0.0	0.0	3.46995	0.04083	0.0	0.0	0.0	0.03844	6.34883	0.07264	0.0	0.0	0.0	0.0	0.0	0.0	0.0	0.14559	0.0	0.0	0.0	0.0	0.1011	0.0	0.0	0.0	0.0	0.0	0.0	0.0	0.0	0.0	0.0	0.02028	0.0	0.0	0.00312	0.0	0.0	0.0	0.03398	0.0	0.0	0.0	0.0	0.0	0.0	0.0	0.0	0.00438	0.0	0.0	0.0	0.0	0.02145	1.13033	0.0	0.12107	0.0	0.0	0.0	0.0	0.0	0.0	0.0	0.0	0.0	0.0747	0.0	0.0	0.0	0.0	0.0	0.0	0.0	0.0	0.0	0.0	0.0	0.0	0.0	0.0	0.0	0.0	0.0	0.0	0.0	0.0	0.0	0.0	0.0	0.06056	0.0	0.0	0.0	0.0	0.00836	0.0	0.0	0.0	0.0	0.0	0.0	0.0	0.0	0.0	0.0	0.0	0.0	0.0	0.00055	0.0	0.0	0.0	0.0	0.0	2.63724	0.0	0.0	0.0	0.27805	0.0	0.0	1.53583	0.0	0.0	0.0	0.0	0.0	0.00171	0.0	0.0	0.0	0.0	0.0	0.0	0.0	0.0	0.0	0.0	0.0	0.0	20.14588	0.0	0.0	0.0	0.0	0.0	0.0	0.0	0.0	0.0	0.0	0.0	0.0	0.0	0.0	0.0	0.0	0.0	0.0	0.0	0.0	0.0	0.0	0.0	0.0	0.0	0.0	0.0	0.0	0.81417	0.0	0.0	4.89215	0.02609	0.0	0.0	0.0	0.0	0.0	0.0	0.0	0.0	0.0	0.0	0.52279	0.0	0.0	0.0	0.0	0.0	0.87517	0.0	0.0	0.0	0.0	0.0	0.0	0.0	0.0	0.0	0.0	0.0	0.0	9.05928	0.0	0.0	0.0	0.0	0.0	0.0891	0.0	2.56671	0.0	0.0	0.12731	0.0	0.0	0.0	0.0	0.0
SRR26718125	0.0	0.0	0.0	0.0	0.0	0.0	0.00859	0.0	0.02973	0.0	0.0	0.25711	0.0	4.43697	0.0	0.0	0.0	0.0	0.0	0.0	0.0	0.03953	0.0	0.0	0.0	0.0	0.0	0.0	0.04013	0.00785	0.09017	0.0	0.0	0.0	0.0	0.0	0.0	42.60469	0.0	0.0	0.0	0.0	0.0	0.0	0.14014	0.0	0.0	0.45912	0.0	0.0	0.0	0.0	0.0	0.0	1.09607	0.0	0.0	0.0	0.30978	0.0	0.0	0.0	0.0	0.0	0.0	0.0	0.0	0.0	0.0	0.0	0.0	0.0	0.0	0.0	0.0	0.82137	0.0	0.0	0.0	0.0	0.0	0.0	0.0	0.0	0.13476	0.0	0.0	0.0	0.0	0.0	0.0	0.02518	0.0	0.0	0.0	0.0	0.0	0.0402	0.0	0.0	0.0	0.10129	0.00558	0.0	0.0	0.0	0.0	0.0	0.05897	0.0	0.0	0.0	0.05278	0.18837	0.0	0.0	0.0	0.07506	0.59864	0.0	0.0	0.0	0.0	0.0	0.0	0.0	0.0	0.05473	0.0	0.0	0.0	0.0	0.18794	0.0	0.0	0.0	0.0	0.0	0.15131	0.0	0.0	0.0	0.0	0.0	0.0	0.0	0.06833	0.0	0.01356	0.0	0.0	0.0	0.0	0.01318	0.0	0.0	0.14823	0.0	0.0	0.0	0.0	0.0	0.0	0.0	0.14993	0.2119	0.0	0.65144	0.0	0.0	0.0	0.0	0.0	0.0	0.0	0.0	0.0	0.01296	0.0	0.0	0.0	0.0	0.0	0.0	0.0	0.0	0.0	0.0	0.0134	0.0	0.0	0.0	0.0	0.0	0.0	0.0	0.0	0.0	0.0	0.0	0.0	0.59585	0.0	0.0	0.0	0.00032	0.0	0.10731	0.0	0.0	0.0	0.0	0.0	0.0	0.0	0.0	0.0	0.0	0.0	0.0	0.0	0.0	0.0	0.0	0.0	0.0	0.0	0.0	0.0	0.0	0.0	0.0	0.0	1.51163	0.0	0.0	0.0	0.0	0.0	0.93102	0.0	0.0	0.0	0.0	0.0	0.0	0.0	0.0	0.0	0.0	0.0	0.55052	6.01811	0.0	0.0	0.0	0.0	0.0	0.0	0.0	0.0	0.0	0.0	0.0	0.0	0.0	0.0	0.0	0.0	0.0	0.33861	0.0	0.0	0.0	0.0	0.0	0.0	0.0	0.0	0.0	0.0	2.32683	0.0	0.0	0.22112	0.01266	0.0	0.0	0.0	0.0	0.0	0.0	0.0	0.0	0.0	0.0	0.0	0.0	0.0	0.0	0.01493	0.0	0.0	0.0	0.0	0.0	0.0	0.0	0.0	0.0	0.0	0.0	0.0	0.0	0.0	31.75931	0.0	0.0	0.0	0.0	0.0	0.08205	0.00401	1.38646	0.0	0.0	0.84031	0.0	0.0	0.0	0.0	0.0
SRR26718126	0.0	0.39135	0.0	0.0	0.0	0.0	0.0	0.0	0.0	0.0	0.0	0.08108	0.0	0.0	0.0	0.0	0.0	0.0	0.0	0.0	0.0	0.01634	0.0	0.0	0.0	0.0	0.0	0.0	0.0	0.03211	0.10965	0.0	0.0	0.0	0.0	0.0	0.0	36.09532	0.0	0.0	0.0	0.0	0.0	0.37505	0.37155	0.0	0.0	0.12519	0.0	0.0	0.0	0.0	0.0	0.0	0.0	0.0	0.0	0.0	0.0	0.0	0.0	0.0	0.0	0.0	0.0	0.0	0.0	0.0	0.0	0.0	0.0	0.0	0.0	0.0	0.0	0.0	0.0	0.0	0.05187	0.0	0.0	0.0	0.0	0.0	0.0	0.0	0.0	0.0	0.0	0.0	0.0	0.0	0.02505	0.0	0.03641	0.0	0.0	0.0	0.0	0.0	0.0	0.36966	0.0	0.0	0.0	0.0	0.0	0.0	0.01313	0.0	0.0	0.0	0.0	0.75913	0.0	0.0	0.0	0.01738	0.18326	0.0	0.0	0.0006	0.0	0.0	0.0	0.0	0.0	0.62932	0.0	0.0	0.0	0.0	0.0	0.57885	0.0	0.0	0.0	0.0	0.0	0.0	0.0	0.0	0.0	0.0	0.0	0.0	0.02501	0.0	0.01806	0.0	0.0	0.0	0.00087	0.0	0.0	0.0	0.0	0.0	0.0	0.0	0.0	0.0	0.0	0.0	0.06585	0.08651	0.0	0.0	0.0	0.0	0.0	0.0	0.0	0.0	0.0	0.0	0.0	0.0	0.0	0.0	0.0	0.0	0.0	0.0	0.0	0.0	0.0	0.0	0.0	0.0	0.0	0.0	0.0	0.0	0.0	0.0	0.0	0.0	0.0	0.0	0.0	0.07836	0.0	0.0322	0.0	0.06134	0.0	0.0	0.0	0.0	0.0	0.0	0.0	0.0	0.0	0.0	0.0	0.0	0.0	0.0	0.0	0.0	0.0	0.0	0.0	0.0	0.0	0.0	0.0	0.0	0.0	0.0	0.0	3.54677	0.0	0.0	0.0	0.0	0.0	3.96079	0.0	0.0	0.0	0.0	0.0	0.0	0.0	0.0	0.0	0.0	0.0	0.6184	49.86466	0.0	0.0	0.0	0.0	0.0	0.0	0.0	0.0	0.0	0.0	0.0	0.0	0.0	0.0	0.0	0.0	0.0	0.0	0.0	0.0	0.0	0.0	0.0	0.0	0.0	0.0	0.0	0.0	1.19994	0.0	0.0	0.0	0.02755	0.0	0.0	0.0	0.0	0.0	0.0	0.0	0.02047	0.0	0.0	0.0	0.0	0.0	0.0	0.00157	0.0	0.0	0.0	0.0	0.0	0.0	0.0	0.0	0.0	0.0	0.0	0.0	0.0	0.0	0.12617	0.0	0.0	0.0	0.0	0.00319	0.0	0.0	0.0	0.0	0.0	0.0	0.0	0.0	0.0	0.0	0.0
SRR26718127	0.0	0.0	0.0	0.0	0.0	0.0	0.0	0.0	0.10186	0.0	0.0	1.91506	0.0	0.0	0.0	0.0	0.0	0.0	0.0	0.0	0.0	0.03262	0.0	0.0	0.0	0.0	0.0	0.0	0.0	0.0	0.0	0.0	0.0	0.0	0.0	0.0	0.0	47.1505	0.0	0.0	0.0	0.0	0.0	0.0	0.00844	0.0	0.0	0.23877	0.0	0.0	0.0	0.0	0.0	0.0	0.0	0.0	0.0	0.0	0.0	0.0	0.0	0.0	0.0	0.0	0.0	0.0	0.0	0.0	0.0	0.0	0.0	0.0	0.0	0.0	0.0	0.27807	0.0	0.0	0.0	0.0	0.0	0.0	0.0	0.0	0.03943	0.0	0.0	0.0	0.0	0.0	0.0	0.0	0.1108	0.0	0.05475	0.0	0.0	0.0	0.0	0.0	0.0	0.00069	0.0	0.0	0.0	0.0	0.0	0.0	0.00902	0.0	0.0	0.0	0.0	0.00855	0.0	0.0	0.0	0.0	0.86503	0.0	0.0	0.0	0.0	0.0	0.0	0.0	0.0	0.00771	0.0	0.0	0.0	0.0	0.13499	0.0	0.0	0.0	0.0	0.0	0.00374	0.0	0.0	0.0	0.0	0.08847	0.0	0.0	0.05497	0.0	0.0	0.0	0.0	0.0	0.0	0.0	0.0	0.0	0.0	0.0	0.0	0.03006	0.0	0.0	0.0	0.0	0.03062	1.92433	0.0	0.13642	0.0	0.0	0.0	0.0	0.0	0.0	0.0	0.0	0.0	0.0	0.0	0.0	0.0	0.0	0.0	0.0	0.0	0.0	0.0	0.0	0.0	0.0	0.0	0.0	0.0	0.0	0.0	0.0	0.0	0.0	0.0	0.0	0.0	0.08681	0.0	0.0	0.0	0.0	0.0	0.0	0.0	0.0	0.0	0.0	0.0	0.0	0.0	0.0	0.0	0.0	0.0	0.0	0.0	0.0	0.0	0.0	0.0	0.0	0.0	0.0	0.0	0.0	0.0	0.0	0.0	1.88836	0.0	0.0	0.0	0.0	0.0	0.0	0.0	0.0	0.0	0.0	0.0	0.0	0.0	0.0	0.0	0.0	0.0	0.0	42.40868	0.0	0.0	0.0	0.0	0.0	0.0	0.00107	0.0	0.0	0.0	0.0	0.0	0.0	0.0	0.0	0.0	0.0	0.0	0.0	0.0	0.0	0.0	0.0	0.0	0.0	0.0	0.0	0.0	0.86447	0.0	0.0	0.0876	0.0	0.0	0.0	0.0	0.0	0.0	0.0	0.0	0.0	0.0	0.0	0.05225	0.0	0.0	0.0	0.03318	0.0	1.08611	0.0	0.0	0.0	0.07091	0.0	0.0	0.0	0.0	0.0	0.0	0.0	0.05037	0.10378	0.0	0.0	0.0	0.0	0.0	0.0	0.0	0.0	0.0	0.0	0.04152	0.0	0.0	0.0	0.0	0.0
SRR26718128	0.0	0.0	0.0	0.0	0.0	0.0	0.0	0.0	0.0	0.02605	0.0	0.0	0.0	0.0	0.0	0.0	0.13636	0.0	0.0	0.0	0.0	0.13975	0.0	0.0	0.0	0.0	0.0	0.0	0.0183	0.01127	0.0	0.0	0.0	0.0	0.0	0.0	0.0	16.75595	0.0	0.0	0.0	0.0	0.0	0.01392	0.03964	0.0	0.0	0.7467	0.0	0.0	0.0	0.0	0.0	0.0	0.0	0.0	0.0	0.0	0.0	0.0	0.0	0.0	0.0	0.0	0.0	0.0	0.0	0.0	0.0041	0.0	0.0	0.0	0.0	0.0	0.0	0.0	0.0	0.0	0.0	0.0	0.0	0.0	0.0	0.0	0.0	0.0	0.0	0.0	0.0	0.0	0.0	0.0	0.11753	0.0	0.0	0.0	0.0	0.0	0.0	0.0	0.0	0.0	0.0	0.0	0.0	0.0	0.0	0.0	0.02041	0.0	0.0	0.0	0.04538	0.0	0.0	0.0	0.0	0.0	0.81059	0.0	0.0	0.0	0.0	0.0	0.0	0.0	0.0	0.00204	0.0	0.0	0.0	0.0	0.0	0.00855	0.0	0.0	0.0	0.0	0.0	0.0	0.0	0.0	0.0	0.02582	0.0	0.0	0.0473	0.0	0.20718	0.0	0.0	0.0	0.0	0.0	0.0	0.0	0.0	0.0	0.0	0.0	0.0	0.0	0.0	0.0	0.38593	0.0	0.0	0.0	0.0	0.0	0.0	0.0	0.0	0.0	0.0	0.0	0.0	0.0	0.0	0.0	0.0	0.0	0.0	0.0	0.0	0.0	0.0	0.0	0.0	0.0	0.0	0.0	0.0	0.0	0.0	0.0	0.0	0.0	0.0	0.0	0.0	0.16223	0.0	0.0	0.0	0.0	0.0	0.0	0.0	0.0	0.0	0.0	0.0	0.0	0.0	0.0	0.0	0.0	0.0	0.0	0.0	0.0	0.0	0.0	0.0	0.0	0.0	0.0	0.0	0.0	0.0	0.0	0.0	0.0	0.0	0.0	0.0	0.0	0.0	0.0	0.0	0.0	0.0	0.0	0.0	0.0	0.0	0.0	0.0	0.0	0.0	0.0	78.26815	0.0	0.0	0.0	0.0	0.0	0.04259	0.00464	0.0	0.0	0.0	0.0	0.0	0.0	0.0	0.0	0.0	0.0	0.0	0.0	0.0	0.0	0.0	0.0	0.0	0.0	0.0	0.0	0.0	0.0	0.0	0.0	0.0	0.00144	0.0	0.0	0.0	0.0	0.0	0.0	0.0	0.0	0.0	0.0	0.0	0.0	0.0	0.0	0.03749	0.0	1.19114	0.0089	0.0	0.0	0.29001	0.0	0.0	0.0	0.00936	0.0	0.0	0.0	0.0573	0.3554199999999999	0.0	0.0	0.0	0.0	0.00855	0.0	0.0	0.0	0.0	0.0	0.0	0.0	0.0	0.0	0.0	0.0
SRR26718129	0.0	0.0	0.0	0.0	0.0	0.0	0.0	0.0	0.0	0.0	0.0	0.0	0.0	0.0	0.0	0.0	0.0	0.0	0.0	0.0	0.0	0.0	0.0	0.0	0.0	0.0	0.0	0.0	0.10919	0.0	0.0	0.0	0.0	0.0	0.0	0.0	0.0	34.73381	0.0	0.0	0.0	0.0	0.0	3.18598	0.0	0.0	0.0	0.20485	0.0	0.0	0.0	0.0	0.0	0.0	0.0	0.0	0.0	0.0	0.0	0.0	0.0	0.0	0.0	0.0	0.0	0.0	0.0	0.0	0.0	0.0	0.0	0.0	0.0	0.0	0.0	0.20122	0.0	0.0	0.0	0.0	0.0	0.0	0.0	0.0	0.0	0.0	0.0	0.0	0.0	0.0	0.0	0.0	0.22573	0.0	0.0	0.0	0.0	0.00822	0.0	0.0	0.0	0.0	0.0	0.0	0.0	0.0	0.0	0.0	0.01551	0.0	0.0	0.0	8.25133	0.0	0.0	0.0	0.0	0.06574	5.60953	0.0	0.0	0.0	0.0	0.0	0.0	0.0	0.0	0.56305	0.0	0.0	0.0	0.0	0.0	0.32164	0.0	0.0	0.0	0.0	0.0	0.0	0.0	0.0	0.0	0.1743	0.0	0.0	0.0	0.0	0.04079	0.0	0.0	0.0	0.0	0.0	0.0	0.0	0.0	0.0	0.0	0.1991	0.0	0.0	0.0	0.0	0.01288	0.90239	0.0	1.44209	0.0	0.0	0.0	0.0	0.0	0.0	0.0	0.0	0.0	0.0	0.0	0.0	0.0	0.0	0.0	0.0	0.0	0.0	0.0	0.0	0.0	0.0	0.0	0.0	0.0	0.0	0.0	0.0	0.0	0.0	0.0	0.0	0.0	0.07381	0.0	0.0	0.0	0.0	0.0	0.0	0.0	0.0	0.0	0.0	0.0	0.0	0.0	0.0	0.0	0.0	0.0	0.0	0.0	0.0	0.0	0.0	0.0	0.0	0.0	0.0	0.0	0.0	0.0	0.0	0.0	0.0	0.0	0.0	0.0	0.0	0.0	3.96965	0.0	0.0	0.0	0.0	0.0	0.0	0.0	0.0	0.0	0.0	0.0	0.0	35.86247	0.0	0.0	0.0	0.0	0.0	0.0	0.0	0.0	0.0	0.0	0.0	0.0	0.0	0.0	0.0	0.0	0.0	0.0	0.0	0.0	0.0	0.0	0.0	0.0	0.0	0.0	0.0	0.0	1.67809	0.0	0.0	0.0	0.02617	0.0	0.0	0.0	0.0	0.0	0.0	0.0	0.0	0.0	0.0	0.0	0.0	0.0	0.0	0.34612	0.0	0.0	0.0	0.0	0.0	0.0	0.0	0.0	0.0	0.0	0.0	0.0	0.0	0.02327	1.49931	0.0	0.0	0.0	0.0	0.25375	0.0	0.0	0.0	0.0	0.0	0.0	0.0	0.0	0.0	0.0	0.0
SRR26718130	0.0	0.0	0.0	0.0	0.0	0.0	0.05572	0.0	0.00374	0.0	0.0	2.91244	0.0	2.97844	0.0	0.0	0.0	0.0	0.0	0.0	0.0	0.0291	0.0	0.0	0.00041	0.0	0.00084	0.0	0.12989	0.0	0.06166	0.0	0.0	0.0	0.0	0.0	0.0	57.11085	0.0	0.0	0.02264	0.0	0.00016	0.12939	0.30238	0.0	0.0	0.07611	0.0	0.0	0.0	0.0	0.0	0.0	0.0	0.0	0.0	0.0	0.05487	0.0	0.0	0.0	0.0	0.0	0.0	0.0	0.0	0.0	0.0	0.0	0.0	0.0	0.0	0.0	0.0	0.07219	0.0	0.0	0.06602	0.0	0.0	0.0	0.0	1.69568	0.01991	0.0	0.0	0.0	0.0	0.0	0.0	0.0	0.1514	0.0	0.0	0.0	0.0	0.00211	0.0	0.0	0.0	0.16571	0.0	0.0	0.0	0.01573	0.0	0.0	0.00906	0.0	0.0	0.0	0.28609	0.01123	0.0	0.0	0.0	0.0	0.49143	0.02808	0.01759	0.0	0.0	0.0	0.0	0.0	0.0	0.11141	0.0	0.0	0.0	0.0	0.06535	0.0	0.0	0.0	0.0	0.0	0.08287	0.0	0.0	0.0	0.0	0.0	0.0	0.0	0.01947	0.0	0.23924	0.01677	0.00864	0.0	0.01299	0.01249	0.0	0.0	0.04162	0.0	0.0	0.0	0.0	0.0	0.0	0.0	0.02108	0.14996	0.0	0.02352	0.0	0.0	0.0	0.0	0.0	0.0	0.0	0.0	0.0	0.0468	0.0	0.0	0.0	0.0	0.0	0.0	0.0	0.0	0.0	0.0	0.0	0.0177	0.0	0.0	0.0	0.0	0.0	0.0	0.0	0.02922	0.0	0.0	0.0	0.08028	0.0	0.0	0.0	0.0	0.0	0.0	0.0	0.0	0.0	0.0	0.0	0.0	0.0	0.0	0.0	0.0	0.0	0.0	0.0	0.38644	0.0	0.0	0.0	0.0	0.21989	0.0	0.0	0.0	0.07918	0.0	0.0	5.86374	0.0	0.0	0.0	0.0	0.0	1.37639	0.0	0.0	0.0	0.0	0.0	0.0	0.0	0.0	0.0	0.0	0.0	0.0	0.68349	0.0	0.0	0.0	0.0	0.0	0.0	0.0	0.0	0.0	0.0	0.00527	0.0	0.0	0.0	0.19966	0.0	0.0	4.92979	0.0	0.0	0.0	0.0	0.0	0.0	0.0	0.0	0.0	0.0	0.21977	0.0	0.0	1.30715	0.10167	0.0	0.0	0.0	0.0	0.0	0.0	0.0	0.0462	0.0	0.0	0.06916	0.02897	0.0	0.0	0.0443	0.0	0.0	0.0	0.0	0.0	0.0581	0.0	0.0	0.0	0.0	0.0	0.0	0.0	0.00206	15.58175	0.0	0.0	0.0	0.0	0.0	0.18526	0.0	0.73148	0.0	0.0	0.0	0.0	0.0	0.0	0.0	0.0
SRR26718131	0.0	0.0	0.0	0.0	0.0	0.0	0.0	0.0	0.0	0.0	0.0	0.0	0.0	1.00536	0.0	0.0	0.0	0.0	0.0	0.0	0.0	0.0	0.0	0.0	0.0	0.0	0.0	0.0	0.48282	0.0	0.1411	0.0	0.0	0.0	0.0	0.0	0.0	50.46642	0.0	0.0	0.0	0.0	0.0	1.18954	0.32923	0.0	0.0	0.01947	0.0	0.0	0.0	0.0	0.0	0.0	0.0	0.0	0.0	0.0	0.0	0.0	0.0	0.0	0.0	0.0	0.0	0.0	0.0	0.0	0.0	0.0	0.0	0.0	0.0	0.0	0.0	0.06527	0.0	0.0	0.0	0.0	0.0	0.0	0.0	0.0	0.0	0.0	0.0	0.0	0.0	0.0	0.0	0.0	0.0	0.0	0.0	0.0	0.0	0.05669	0.0	0.0	0.0	0.27364	0.00584	0.57233	0.0	0.0	0.0	0.0	0.59156	0.0	0.0	0.0	3.94127	0.0	0.0	0.0	0.0	0.02358	0.53873	0.0	0.0	0.0	0.0	0.0	0.0	0.0	0.0	0.4279	0.0	0.0	0.0	0.0	0.0	0.11018	0.0	0.0	0.0	0.0	0.0	0.0	0.0	0.0	0.0	0.0	0.0	0.0	0.17305	0.0	0.40526	0.0	0.0	0.0	0.0	0.0	0.0	0.0	0.0	0.0	0.0	0.0	0.0	0.0	0.0	0.0	0.56813	0.05487	0.0	0.0	0.0	0.0	0.0	0.0	0.0	0.0	0.0	0.0	0.0	0.0	0.0	0.0	0.0	0.0	0.0	0.0	0.0	0.0	0.0	0.0	0.0	0.93558	0.0	0.0	0.0	0.0	0.0	0.0	0.0	0.0	0.0	0.0	0.0	0.63165	0.09717	0.0	0.0	0.0	0.0	0.0	0.0	0.0	0.0	0.0	0.0	0.0	0.0	0.0	0.0	0.0	0.0	0.0	0.0	0.0	0.0	0.0	0.0	0.0	0.00551	0.0	0.0	0.0	0.05635	0.12494	0.0	4.62591	0.0	0.0	0.0	0.0	0.0	0.0	0.0	0.0	0.0	0.0	0.0	0.0	0.0	0.0	0.0	0.0	0.0	1.93191	20.24716	0.0	0.0	0.0	0.0	0.0	0.0	0.0	0.0	0.0	0.0	0.0	0.0	0.0	0.0	0.0	0.0	0.0	0.0	0.0	0.0	0.0	0.0	0.0	0.0	0.0	0.0	0.0	0.0	0.164	0.0	0.0	0.40822	0.77708	0.0	0.0	0.0	0.0	0.0	0.0	0.0	0.0	0.0	0.0	0.0	0.0	0.0	0.0	0.0	0.0	1.30919	0.0	0.0	0.0	0.4335	0.0	0.0	0.0	0.0	0.0	0.0	0.0	3.224	3.58559	0.0	0.0	0.0	0.0	0.0	0.0	0.0	0.0	0.0	0.0	0.0	0.0	0.0	0.0	0.0	0.0
SRR26718132	0.0	0.0	0.0	0.0	0.0	0.0	0.0	0.0	0.0	0.0	0.0	0.46079	0.0	0.22001	0.0	0.0	0.0	0.0	0.0	0.0	0.0	0.0	0.0	0.0	0.0	0.0	0.0	0.0	0.0	0.42646	0.21577	0.0	0.0	0.0	0.0	0.0	0.0	68.12728	0.0	0.0	0.0	0.0	0.0	0.0	0.0	0.0	0.0	0.48221	0.0	0.0	0.0	0.0	0.0	0.0	0.0	0.0	0.0	0.0	0.0	0.0	0.0	0.0	0.0	0.0	0.0	0.0	0.0	0.0	0.0	0.0	0.0	0.0	0.0	0.0	0.0	1.60886	0.0	0.0	0.0	0.0	0.0	0.0	0.0	0.0	0.0	0.0	0.0	0.0	0.0	0.0	0.0	0.0	0.46027	0.0	0.0	0.0	0.0	0.0	0.0	0.0	0.02057	0.0	0.0	0.02526	0.0	0.0	0.0	0.0	1.52509	0.0	0.0	0.0	0.03992	0.19078	0.0	0.0	0.0	0.0	0.0	0.0	0.0	0.0	0.0	0.0	0.0	0.0	0.0	0.29646	0.0	0.0	0.0	0.0	0.0	0.0	0.0	0.0	0.0	0.0	0.0	0.0	0.0	0.0	0.0	0.0	0.0	0.0	0.0	0.0	0.5637	0.0	0.0	0.0	0.0	0.0	0.0	0.0	0.0	0.0	0.0	0.0	0.0	0.0	0.0	0.0	0.56237	1.23575	0.0	0.0	0.0	0.0	0.0	0.0	0.0	0.0	0.0	0.0	0.0	0.0	0.0	0.0	0.0	0.0	0.0	0.0	0.0	0.0	0.0	0.0	0.0	0.49406	0.0	0.0	0.0	0.0	0.0	0.0	0.0	0.0	0.0	0.0	0.0	0.13518	0.0	0.0	0.0	0.0	0.0	0.0	0.0	0.0	0.0	0.0	0.0	0.0	0.0	0.0	0.0	0.0	0.0	0.0	0.0	0.0	0.0	0.0	0.0	0.0	0.0	0.0	0.0	0.0	0.02292	0.0	0.0	0.0	0.0	0.0	0.0	0.0	0.0	1.99403	0.0	0.0	0.0	0.0	0.0	0.0	0.0	0.0	0.0	0.0	0.0	0.0	20.51536	0.0	0.0	0.0	0.0	0.0	0.0	0.0	0.0	0.0	0.0	0.0	0.0	0.0	0.0	0.0	0.0	0.0	0.0	0.0	0.0	0.0	0.0	0.0	0.0	0.0	0.0	0.0	0.0	0.0	0.0	0.0	0.0	0.00576	0.0	0.0	0.0	0.0	0.0	0.0	0.0	0.0	0.0	0.0	0.0	0.0	0.0	0.0	0.0	0.0	0.0	0.0	0.0	0.0	0.06433	0.0	0.0	0.0	0.0	0.0	0.0	0.0	0.24545	0.05857	0.0	0.0	0.0	0.0	0.0028	0.0	0.0	0.0	0.0	0.0	0.0	0.0	0.0	0.0	0.0	0.0
SRR26718133	0.0	0.0	0.0	0.0	0.0	0.0	0.0	0.0	0.06834	0.0	0.0	0.01291	0.0	3.14881	0.0032	0.0	0.0	0.0	0.0	0.0	0.0	0.04772	0.0	0.0	0.0	0.0	0.0	0.0	0.07269	0.1102	0.05229	0.0	0.0	0.0	0.0	0.0	0.0	15.11855	0.0	0.0	0.0	0.0	0.0	0.03958	0.19673	0.0	0.0	0.32715	0.0	0.0	0.0	0.0	0.0	0.0	0.57396	0.0	0.0	0.0	0.27353	0.0	0.0	0.0	0.0	0.0	0.0	0.0	0.0	0.0	0.0	0.0	0.0	0.0	0.0	0.0	0.0	0.40441	0.0	0.0	0.01414	0.0	0.0	0.0	0.0	0.0	0.00644	0.0	0.0	0.0	0.0	0.0	0.0	0.34494	0.0	0.0	0.00984	0.0	0.0	0.06225	0.0	0.0	0.0	0.19869	0.0	0.0	0.0	0.0	0.0	0.0	0.0135	0.0	0.0	0.0	0.0	0.05108	0.0033	0.0	0.0	0.05147	1.03763	0.0	0.0	0.0	0.0	0.0	0.0	0.0	0.0	0.09996	0.0	0.0	0.0	0.00123	0.38159	0.0	0.0	0.0	0.0	0.0	0.20376	0.0	0.0	0.0	0.0	0.01148	0.0	0.0	0.05603	0.0	0.02818	0.0107	0.12086	0.0	0.0	0.01005	0.0	0.0	0.0	0.0	0.0	0.0	0.0	0.0	0.0	0.0	0.20829	0.87906	0.00728	0.60275	0.0	0.0	0.0	0.0	0.0	0.0	0.0	0.0	0.0	0.05344	0.0	0.0	0.0	0.0	0.0	0.0	0.0	0.0	0.0	0.0	0.0	0.0	0.0	0.0	0.0	0.0	0.0	0.0	0.0	0.0	0.0	0.0	0.0	0.24502	0.0	0.0	0.0	0.00914	0.0	0.0	0.0	0.0	0.0	0.0	0.0	0.0	0.0	0.0	0.0	0.0	0.0	0.0	0.18689	0.0	0.0	0.0	0.0	0.0	0.0	0.0	0.0	0.0	0.08902	0.01587	0.0	1.00289	0.0	0.0	0.0	0.0	0.0	3.7342	0.0	0.0	0.0	0.0	0.0	0.0	0.0	0.0	0.0	0.0	0.0	0.0	35.86573	0.0	0.0	0.0	0.0	0.0	0.0	0.0	0.0	0.0	0.0	0.0	0.0	0.0	0.0	0.09621	0.0	0.0	0.0	0.0	0.0	0.0	0.0	0.0	0.0	0.0	0.0	0.0	0.0	1.87275	0.0	0.0	1.13758	0.00019	0.0	0.0	0.0	0.0	0.0	0.0	0.0	0.00041	0.0	0.0	5.64694	0.0	0.0	0.0	0.07253	0.0	0.0	0.0	0.0	0.0	0.0	0.0	0.0	0.0	0.0	0.0	0.0	0.0	0.0	24.90876	0.0	0.0	0.0	0.0	0.00174	0.19611	0.0	0.0	0.0	0.0	0.0	0.0	0.0	0.0	0.0	0.0
SRR26718134	0.0	0.0	0.0	0.0	0.0	0.0	0.0	0.0	0.01473	0.0	0.0	0.0	0.0	3.62699	0.0	0.0	0.0	0.0	0.0	0.0	0.0	0.01595	0.0	0.0	0.0	0.0	0.0	0.02826	0.04846	0.007	0.04781	0.0	0.0	0.0	0.0	0.0	0.0	46.84136	0.0	0.0	0.0	0.0	0.0	0.30863	0.0	0.0	0.0	0.14231	0.0	0.0	0.0	0.0	0.0	0.0	0.0	0.0	0.0	0.0	0.0	0.0	0.0	0.0	0.0	0.0	0.0	0.0	0.0	0.0	0.0	0.0	0.0	0.0	0.0	0.0	0.0	0.64249	0.0	0.0	0.0	0.0	0.0	0.0	0.0	0.0	0.0	0.0	0.0	0.0	0.0	0.0	0.0	0.0	0.0	0.0	0.01384	0.0	0.0	0.02017	0.0	0.0	0.0	0.27984	0.0	0.0	0.0	0.0	0.0	0.0	0.01637	0.0	0.0	0.0	0.0	0.00316	0.0	0.0	0.0	0.04035	2.07907	0.0	0.0	0.0	0.0	0.0	0.0	0.0	0.0	0.13291	0.0	0.0	0.0	0.0	0.07647	0.0	0.0	0.0	0.0	0.0	0.08363	0.0	0.0	0.0	0.00672	0.0	0.0	0.0	0.0422	0.0	0.0	0.0	0.10949	0.0	0.0	0.00428	0.0	0.0	0.00346	0.0	0.0	0.0	0.0	0.0	0.0	0.0	0.16127	0.0	0.0	0.23169	0.0	0.0	0.0	0.0	0.0	0.0	0.0	0.0	0.0	0.09976	0.0	0.0	0.0	0.0	0.0	0.0	0.0	0.0	0.0	0.0	0.0	0.0	0.0	0.0	0.0	0.0	0.0	0.0	0.0	0.0	0.0	0.0	0.0	0.0	0.0	0.0	0.0	0.0	0.0	0.0	0.0	0.0	0.0	0.0	0.0	0.0	0.0	0.0	0.0	0.0	0.0	0.0	0.0	0.0	0.0	0.0	0.0	0.0	0.0	0.0	0.00149	0.0	0.07798	0.04505	0.0	2.62693	0.0	0.0	0.0	0.0	0.0	1.86017	0.0	0.0	0.0	0.0	0.0	0.0	0.0	0.0	0.0	0.0	0.0	0.74876	32.21079	0.0	0.0	0.0	0.0	0.0	0.0	0.0	0.0	0.0	0.0	0.01489	0.0	0.0	0.0	0.0	0.0	0.0	0.0	0.0	0.0	0.0	0.0	0.0	0.0	0.0	0.0	0.0	0.0	2.4052	0.0	0.0	0.25306	0.06514	0.0	0.0	0.0	0.0	0.0	0.0	0.0	0.0	0.0	0.0	3.05638	0.0	0.0	0.0	0.0	0.0	0.0	0.0	0.0	0.0	0.0	0.0	0.0	0.0	0.0	0.0	0.0	0.0	0.00415	1.44234	0.0	0.0	0.0	0.0	0.0	0.05899	0.0	0.0	0.0	0.0	0.0	0.0	0.0	0.0	0.0	0.0
SRR26718135	0.0	0.0	0.0	0.0	0.0	0.0	0.0	0.0	0.05936	0.0	0.0	0.0	0.0	0.0	0.0	0.0	0.0	0.0	0.0	0.0	0.0	0.15974	0.0	0.0	0.0	0.0	0.0	0.0	0.21741	0.04572	0.00717	0.0	0.0	0.0	0.0	0.0	0.0	21.17569	0.0	0.0	0.0	0.0	0.0	0.06208	0.28819	0.0	0.0	0.40045	0.0	0.0	0.0	0.0	0.0	0.0	0.0	0.0	0.0	0.0	0.0	0.0	0.0	0.0	0.0	0.0	0.0	0.0	0.0	0.0	0.0	0.0	0.0	0.0	0.0	0.0	0.0	0.74986	0.0	0.0	0.0	0.0	0.0	0.0	0.0	0.0	0.0	0.0	0.0	0.0	0.0	0.0	0.0	0.0	0.0	0.0	0.0	0.0	0.0	0.08195	0.0	0.0	0.0	0.0	0.0	0.0	0.0	0.0	0.0	0.0	0.02242	0.0	0.0	0.0	0.00092	0.04217	0.0	0.0	0.0	0.07246	0.93229	0.0	0.0	0.0	0.0	0.0	0.0	0.0	0.0	0.19024	0.0	0.0	0.0	0.0	0.18155	0.0211	0.0	0.0	0.0	0.0	0.0	0.0	0.0	0.0	0.0	0.01099	0.0	0.0	0.07373	0.0	0.0114	0.0	0.0	0.0	0.0	0.00868	0.0	0.0	0.01188	0.0	0.0	0.0	0.0	0.0	0.0	0.0	0.03522	0.60454	0.0	1.05115	0.0	0.0	0.0	0.0	0.0	0.0	0.0	0.0	0.0	0.02255	0.0	0.0	0.0	0.0	0.0	0.0	0.0	0.0	0.0	0.0	0.0	0.0	0.0	0.0	0.0	0.0	0.0	0.0	0.0	0.0	0.00757	0.0	0.0	0.07359	0.0	0.0	0.0	0.0	0.0	0.0	0.0	0.0	0.0	0.0	0.0	0.0	0.0	0.0	0.0	0.0	0.0	0.0	0.0	0.0	0.0	0.0	0.0	0.0	0.0	0.0	0.0	0.0	0.0	0.0	0.0	3.25344	0.0	0.0	0.0	0.0	0.0	1.44231	0.0	0.0	0.0	0.0	0.0	0.0	0.0	0.0	0.0	0.0	0.0	0.59803	52.22985	0.0	0.0	0.0	0.0	0.0	0.0	0.0012	0.0	0.0	0.0	0.0	0.0	0.0	0.0	0.0	0.0	0.0	0.0	0.0	0.0	0.0	0.0	0.0	0.0	0.0	0.0	0.0	0.0	3.13823	0.0	0.0	0.19436	0.07105	0.0	0.0	0.0	0.0	0.0	0.0	0.0	0.0	0.0	0.0	0.19728	0.0	0.0	0.0	0.00167	0.0	0.0	0.0	0.0	0.0	0.00173	0.0	0.0	0.0	0.0	0.0	0.0	0.0	0.0	11.04756	0.0	0.0	0.0	0.0	0.02922	0.0	0.0	1.17196	0.0	0.0	0.0	0.0	0.0	0.0	0.0	0.0
SRR26718136	0.0	0.0	0.0	0.0	0.0	0.0	0.0	0.0	0.02308	0.0	0.0	0.08383	0.0	4.8857	0.0	0.00479	0.0	0.0	0.0	0.0	0.0	0.0	0.0	0.0	0.0	0.0	0.0	0.0	0.15828	0.03014	0.01926	0.0	0.0	0.0	0.0	0.0	0.0	43.94302	0.0	0.0	0.0	0.0	0.0	1.12121	0.13479	0.0	0.0	0.13591	0.0	0.0	0.0	0.0	0.0	0.0	0.52257	0.0	0.0	0.0	0.0	0.0	0.0	0.0	0.0	0.0	0.0	0.0	0.0	0.0	0.0	0.0	0.0	0.0	0.0	0.0	0.0	0.07295	0.0	0.0	0.11617	0.0	0.0	0.0	0.0	0.0	0.0	0.0	0.0	0.0	0.0	0.0	0.0	0.0	0.0	0.0	0.0	0.0	0.0	0.0	0.0	0.0	0.0	0.09742	0.0	0.01867	0.0	0.0	0.0	0.0	0.0298	0.0	0.0	0.0	0.10348	0.10659	0.0	0.0	0.0	0.0	0.82285	0.0	0.0	0.0	0.0	0.0	0.0	0.0	0.0	0.09585	0.0	0.0	0.0	0.0	0.58328	0.00669	0.0	0.0	0.0	0.0	1.09184	0.0	0.0	0.00062	0.0	0.00955	0.0	0.0	0.03361	0.0	0.09398	0.0	0.03242	0.0	0.0	0.0	0.0	0.0	0.0	0.0	0.0	0.0	0.0	0.0	0.0	0.0	0.15542	0.0	0.0	0.0	0.0	0.0	0.0	0.0	0.0	0.0	0.0	0.0	0.0	0.0	0.0	0.0	0.0	0.0	0.0	0.0	0.07171	0.0	0.0	0.0	0.0	0.0	0.0	0.0	0.0	0.0	0.0	0.0	0.0	0.0	0.0	0.0	0.0	0.44725	0.0	0.0	0.0	0.0	0.0	0.0	0.0	0.0	0.0	0.0	0.0	0.0	0.0	0.0	0.0	0.0	0.0	0.00185	0.0	0.0	0.0	0.0	0.0	0.0	0.0	0.0	0.0	0.0	0.04118	0.01304	0.0	1.29377	0.0	0.0	0.0	0.0	0.0	0.78827	0.0	0.0	0.0	0.0	0.0	0.0	0.0	0.0	0.0	0.0	0.0	1.0091	30.1076	0.0	0.0	0.0	0.0	0.0	0.00217	0.06381	0.0	0.0	0.0	0.0	0.0	0.0	0.0	0.0	0.0	0.0	0.0	0.0	0.0	0.0	0.0	0.0	0.0	0.0	0.0	0.0	0.0	0.0	0.0	0.0	8.28611	0.05072	0.0	0.0	0.0	0.0	0.0	0.0	0.0	0.10553	0.0	0.0	0.1058	0.0	0.0	0.0	0.1861	0.0	0.0	0.0	0.0	0.0	0.24596	0.0	0.0	0.0	0.0	0.0	0.0	0.0	0.24425	2.39878	0.0	0.0	0.0	0.0	0.00321	0.0	0.0	0.0	0.0	0.0	0.0	0.0	0.0	0.0	0.0	0.0
SRR26718137	0.0	0.0	0.0	0.0	0.0	0.0	0.0	0.0	0.08156	0.0	0.0	0.0	0.0	17.05962	0.0	0.00885	0.0	0.0	0.0	0.0	0.0	0.0	0.0	0.0	0.00075	0.0	0.0028	0.0	0.10679	0.01288	0.11628	0.0	0.0	0.0	0.0	0.0	0.0	29.34981	0.0	0.0	0.0	0.0	0.00104	2.00247	0.60957	0.0	0.0	0.03066	0.0	0.0	0.0	0.0	0.0	0.0	0.0	0.0	0.0	0.0	0.58214	0.0	0.0	0.0	0.0	0.0	0.0	0.0	0.0	0.0	0.0	0.0	0.0	0.0	0.0	0.0	0.0	0.02639	0.0	0.0	0.08232	0.0	0.0	0.0	0.0	0.0	0.0	0.0	0.0	0.0	0.0	0.0	0.0	0.0	0.09383	0.0	0.0	0.0	0.0	0.0	0.0	0.0	0.0	0.25114	0.00115	0.02029	0.0	0.00597	0.0	0.0	3.42161	0.0	0.0	0.0	1.44112	0.42202	0.0	0.0	0.0	0.0084	0.37501	0.01655	0.0	0.01046	0.0	0.0	0.0	0.0	0.0	0.93085	0.0	0.0	0.0	0.0	0.20835	0.0	0.0	0.0	0.0	0.0	0.10646	0.0	0.0	0.0	0.0	0.12905	0.0	0.0	0.15768	0.0	0.00415	0.0	0.0	0.0	0.00374	0.0	0.0	0.0	0.0	0.0	0.0	1.41344	0.0	0.0	0.0	0.0	0.19715	0.2862	0.0	0.0	0.0	0.0	0.0	0.0	0.0	0.0	0.0	0.0	0.0	0.0	0.0	0.0	0.0	0.0	0.0	0.0	0.0104	0.0	0.0	0.0	0.0	0.0	0.0	0.0	0.0	0.0	0.0	0.0	0.0	0.0	0.0	0.0	0.0	0.60122	0.0	0.28611	0.0	0.0	0.0	1.93536	0.0	0.0	0.0	0.0	0.0	0.0	0.0	0.0	0.0	0.0	0.0	0.0	0.0	0.0	0.0	0.0	0.0	0.0	0.0	0.0	0.0	0.0	0.0	0.0	0.0	3.00302	0.0	0.0	0.0	0.0	0.0	5.57551	0.0	0.0	0.0	0.0	0.0	0.0	0.0	0.0	0.0	0.0	0.0	0.0	1.0174	0.0	0.0	0.0	0.0	0.0	0.00662	0.21479	0.0	0.0	0.0	0.0	0.0	0.0	0.0	0.0	0.0	0.0	0.0	0.0	0.0	0.0	0.0	0.0	0.0	0.0	0.0	0.0	0.0	0.12852	0.0	0.0	9.36917	0.11374	0.0	0.0	0.0	0.0	0.0	0.0	0.0	0.08425	0.0	0.0	0.00288	0.0	0.0	0.0	0.00964	0.0	0.0	0.0	0.0	0.0	0.00101	0.0	0.0	0.0	0.0	0.0	0.0	0.0	0.10177	17.95387	0.0	0.0	0.0	0.0	0.0	0.0	0.0	0.00619	0.0	0.0	0.0	0.0	0.0	0.0	0.0	0.0
SRR26718138	0.0	0.0	0.0	0.0	0.0	0.0	0.0	0.0	0.00107	0.0	0.0	0.00532	0.0	0.0	0.0	0.0	0.0	0.0	0.0	0.0	0.0	0.01554	0.0	0.0	0.0	0.0	0.0	0.0	0.04595	0.00285	0.0	0.0	0.0	0.0	0.0	0.0	0.0	3.32375	0.0	0.0	0.0	0.0	0.0	0.41942	0.02386	0.0	0.0	0.02768	0.0	0.0	0.0	0.0	0.0	0.0	0.17324	0.0	0.0	0.0	0.0	0.0	0.0	0.0	0.0	0.0	0.0	0.0	0.0	0.0	0.0	0.0	0.0	0.0	0.0	0.0	0.0	0.38592	0.0	0.0	0.00273	0.0	0.0	0.0	0.0	0.0	0.0	0.0	0.0	0.0	0.0	0.0	0.0	0.0	0.0	0.0	0.0	0.0	0.0	0.0	0.0	0.0	0.0	0.00693	0.0	0.0	0.0	0.0	0.0	0.0	0.00235	0.0	0.0	0.0	0.0	0.0	0.0	0.0	0.0	0.0	3.13023	0.0	0.0	0.0	0.0	0.0	0.0	0.0	0.0	0.0155	0.0	0.0	0.0	0.0	0.02585	0.00658	0.0	0.0	0.0	0.0	0.08699	0.0	0.0	0.0	0.0	0.00583	0.0	0.04216	0.02942	0.0	0.00029	0.0	0.00279	0.0	0.0	0.0	0.0	0.0	0.0	0.0	0.0	0.0	0.0	0.0	0.0	0.0	0.04895	0.0	0.0	0.0	0.0	0.0	0.0	0.0	0.0	0.0	0.0	0.0	0.0	0.00171	0.0	0.0	0.0	0.0	0.0	0.0	0.0	0.0	0.0	0.0	0.0	0.0	0.0	0.0	0.0	0.0	0.0	0.0	0.0	0.0	0.0	0.0	0.0	0.0	0.19629	0.0	0.0	0.0	0.0	0.0	0.0	0.0	0.0	0.0	0.0	0.0	0.0	0.0	0.0	0.0	0.0	0.0	0.0	0.0	0.0	0.0	0.0	0.0	0.0	0.0	0.0	0.0	0.0	0.0	0.0	1.7255	0.0	0.0	0.0	0.0	0.0	0.0	0.0	0.0	0.0	0.0	0.0	0.0	0.0	0.0	0.0	0.0	0.0	0.54962	3.38064	0.0	0.0	0.0	0.0	0.0	0.0	0.0	0.0	0.0	0.0	0.0	0.0	0.0	0.0	0.0	0.0	0.0	0.0	0.0	0.0	0.0	0.0	0.0	0.0	0.0	0.0	0.0	0.0	3.48004	0.0	0.0	0.0	0.0	0.0	0.0	0.0	0.0	0.0	0.0	75.25654	0.0	0.0	0.0	0.0	0.0	0.0	0.0	0.0	0.0	0.99321	0.0	0.0	0.0	0.0	0.0	0.0	0.0	0.0	0.0	0.0	0.0	0.0	6.56961	0.0	0.0	0.0	0.0	0.0043	0.01137	0.0	0.0	0.0	0.0	0.0	0.0	0.0	0.0	0.0	0.0
SRR26718139	0.0	0.0	0.0	0.0	0.0	0.0	0.0	0.0	0.0	0.0	0.0	0.0	0.0	0.00041	0.0	0.0	0.0	0.0	0.0	0.0	0.0	0.0	0.0	0.0	0.0	0.0	0.0	0.0	0.18633	0.04519	0.0	0.0	0.0	0.0	0.0	0.0	0.0	40.4765	0.0	0.0	0.0	0.0	0.0	0.02435	0.1286	0.0	0.0	0.07345	0.0	0.0	0.0	0.0	0.0	0.0	0.0	0.0	0.0	0.0	0.0	0.0	0.0	0.0	0.0	0.0	0.0	0.0	0.0	0.0	0.0	0.0	0.0	0.0	0.0	0.0	0.0	0.7592	0.0	0.0	0.01574	0.0	0.0	0.0	0.0	0.0	0.0	0.0	0.0	0.0	0.0	0.0	0.0	0.0	0.0	0.0	0.00147	0.0	0.0	0.0	0.0	0.60057	0.0	0.0	0.0	0.00612	0.0	0.0	0.0	0.0	0.03516	0.0	0.0	0.0	0.40327	0.35453	0.0	0.0	0.0	0.0	1.1526	0.0	0.0	0.0	0.0	0.0	0.0	0.0	0.0	0.04218	0.0	0.0	0.0	0.0	0.0894	0.72819	0.0	0.0	0.0	0.0	0.0	0.0	0.0	0.0	0.0	0.0	0.0	0.0	0.0	0.0	0.3444	0.0	0.0	0.0	0.0	0.0	0.0	0.0	0.0	0.0	0.0	0.0	0.0	0.0	0.0	0.0	0.04544	2.52691	0.0	0.45711	0.0	0.0	0.0	0.0	0.0	0.0	0.0	0.0	0.0	0.0	0.0	0.0	0.0	0.0	0.0	0.0	0.0	0.0	0.0	0.0	0.0	0.0	0.0	0.0	0.0	0.0	0.0	0.0	0.0	0.0	0.0	0.0	0.0	0.39537	0.0	0.0	0.0	0.0	0.0	0.0	0.0	0.0	0.10362	0.0	0.0	0.0	0.0	0.0	0.0	0.0	0.0	0.0	0.0	0.0	0.0	0.0	0.0	0.0	1.28829	0.0	0.0	0.0	0.05128	0.0	0.0	2.85728	0.0	0.0	0.0	0.0	0.0	0.0	0.0	0.0	0.0	0.0	0.0	0.0	0.0	0.0	0.0	0.0	0.0	1.60905	40.06424	0.0	0.0	0.0	0.0	0.0	0.0	0.0	0.0	0.0	0.0	0.0	0.0	0.0	0.0	0.0	0.0	0.0	0.0	0.0	0.0	0.0	0.0	0.0	0.0	0.0	0.0	0.0	0.0	0.57221	0.0	0.0	0.36659	0.01699	0.0	0.0	0.0	0.0	0.0	0.0	0.0	0.01312	0.0	0.0	0.0	0.0	0.0	0.0	0.0	0.0	0.0	0.0	0.0	0.0	0.24742	0.0	0.0	0.0	0.0	0.0	0.0	0.0	0.01779	3.3782	0.0	0.0	0.0	0.0	0.36887	0.0	0.0	0.15254	0.0	0.0	0.0	0.0	0.0	0.0	0.0	0.0
SRR26718140	0.0	0.0	0.0	0.0	0.0	0.0	0.0	0.0	0.00838	0.0	0.0	3.39176	0.0	3.67225	0.0	0.0	0.0	0.0	0.0	0.0	0.0	0.0	0.0	0.0	0.0	0.0	0.0	0.0	0.0	0.02685	0.00461	0.0	0.0	0.0	0.0	0.0	0.0	70.20863	0.0	0.0	0.0	0.0	0.0	0.08947	0.28072	0.0	0.0	0.03188	0.0	0.0	0.0	0.0	0.0	0.0	0.0	0.0	0.0	0.0	0.0	0.0	0.0	0.0	0.0	0.0	0.0	0.0	0.0	0.0	0.0	0.0	0.0	0.0	0.0	0.0	0.0	0.1906	0.0	0.12992	0.0	0.0	0.0	0.0	0.03711	0.0	0.02077	0.0	0.02606	0.0	0.0	0.0	0.0	0.0	0.00053	0.0	0.0	0.0	0.0	0.0	0.0	0.0	0.0	0.03333	0.0	0.0	0.0	0.0	0.0	0.09042	0.17473	0.00155	0.0	0.0	0.38724	0.0456	0.0	0.0	0.0	0.0	2.22332	0.02179	0.0	0.0	0.0	0.0	0.0	0.0	0.0	0.31169	0.0	0.0	0.0	0.0	0.18423	0.0	0.0	0.0	0.0	0.0	0.0	0.0	0.0	0.0	0.0	0.06398	0.0	0.0	0.03875	0.0	0.07375	0.0	0.0	0.0	0.0	0.0	0.0	0.0	0.0	0.0	0.0	1.31529	0.0	0.0	0.0	0.0	0.10782	0.16201	0.0	0.2075	0.0	0.0	0.0	0.0	0.0	0.0	0.0	0.0	0.0	0.0	0.0	0.0	0.0	0.0	0.0	0.0	0.0	0.0	0.0	0.0	0.0	0.06111	0.0	0.0	0.0	0.0	0.0	0.0	0.00194	0.0	0.0	0.0	0.0	0.75011	2.10867	0.0	0.0	0.0	0.0	0.0	0.0	0.0	0.0	0.0	0.0	0.0	0.0	0.0	0.0	0.0	0.0	0.0	0.0	0.0	0.0	0.0	0.0	0.0	1.30903	0.0	0.0	0.0	0.03409	0.0	0.0	4.13368	0.0	0.0	0.0	0.0	0.0	1.28294	0.0	0.0	0.0	0.0	0.0	0.0	0.0	0.0	0.0	0.0	0.0	0.0	0.0	0.0	0.0	0.0	0.0	0.0	0.0	0.0	0.0	0.0	0.0	0.0	0.0	0.0	0.0	0.00784	0.0	0.0	0.0	0.0	0.0	0.0	0.0	0.0	0.0	0.0	0.0	0.0	0.0	1.56522	0.0	0.0	2.87435	0.53192	0.0	0.0	0.0	0.0	0.0	0.0	0.0	0.7541	0.0	0.0	0.09544	0.0	0.0	0.0	0.0	0.0	0.0	0.0	0.0	0.0	0.01265	0.0	0.0	0.0	0.0	0.0	0.0	0.0	0.09255	0.71743	0.0	0.0	0.0	0.0	0.00358	0.08111	0.0	0.00605	0.0	0.0	0.0	0.0	0.0	0.0	0.0	0.01363
SRR26718141	0.0	0.0	0.0	0.0	0.0	0.0	0.0	0.0	0.00657	0.0	0.0	0.0	0.0	10.57114	0.0	0.0	0.0	0.0	0.0	0.0	0.0	0.0	0.0	0.0	0.0	0.0	0.0	0.0	0.34746	0.33344	0.80203	0.0	0.0	0.0	0.0	0.0	0.0	10.43574	0.0	0.0	0.0	0.0	0.0	2.85676	0.0	0.0	0.0	0.48945	0.0	0.0	0.0	0.0	0.0	0.0	0.0	0.0	0.0	0.0	0.0	0.0	0.0	0.0	0.0	0.00168	0.0	0.0	0.0	0.0	0.0	0.0	0.0	0.0	0.0	0.0	0.00875	2.75813	0.0	0.0	0.0	0.0	0.0	0.0	0.0	0.0	0.0	0.0	0.0	0.0	0.0	0.0	0.0	0.0	0.24902	0.0	0.10606	0.0	0.0	0.0	0.0	0.0	0.0	1.49905	0.03812	0.14754	0.0	0.0	0.0	0.0	1.66817	0.0	0.0	0.0	0.47105	0.02942	0.0	0.0	0.0	0.0	0.29378	0.0	0.0	0.0	0.0	0.0	0.0	0.0	0.0	1.18075	0.0	0.0	0.0	0.0	0.0	0.0	0.0	0.0	0.0	0.0	0.0	0.0	0.0	0.0	0.0	0.0	0.0	0.0	0.0	0.0	2.05473	0.01591	0.0	0.0	0.0	0.0	0.0	0.0	0.0	0.0	0.0	0.0	0.0	0.0	0.0	0.0	0.79931	0.0	0.0	0.0	0.0	0.0	0.0	0.0	0.0	0.0	0.0	0.0	0.0	0.0	0.0	0.0643	0.0	0.0	0.0	0.0	0.0	0.0	0.0	0.0	0.0	0.0	0.0	0.0	0.0	0.0	0.0	0.0	0.0	0.0	0.0	0.0	0.0	0.58067	0.0	0.0	0.0	0.0	0.08753	0.0	0.0	0.0	0.0	0.0	0.0	0.0	0.0	0.0	0.0	0.0	0.0	0.0	0.0	0.0	0.0	0.0	0.0	0.0	0.0	0.0	0.0	0.0	0.0	0.0	0.0	18.97168	0.0	0.0	0.0	0.0	0.0	0.0	0.0	0.0	0.0	0.0	0.0	0.0	0.0	0.0	0.0	0.0	0.0	0.0	39.14458	0.0	0.0	0.0	0.0	0.0	0.0	0.0	0.0	0.0	0.0	0.0	0.0	0.0	0.0	0.0	0.0	0.0	0.0	0.0	0.0	0.0	0.0	0.0	0.0	0.0	0.0	0.0	0.0	0.0319	0.0	0.0	0.66371	1.01795	0.0	0.0	0.0	0.0	0.0	0.0	0.0	0.14041	0.0	0.0	0.0	0.0	0.0	0.0	0.04037	0.0	0.0	0.0	0.0	0.0	0.31925	0.0	0.0	0.0	0.0	0.0	0.0	1.21152	0.18443	0.37764	0.0	0.0	0.0	0.0	0.0	0.0	0.0	0.0	0.0	0.0	0.0	0.0	0.0	0.0	0.0	0.0
SRR26718142	0.0	0.0	0.0	0.0	0.0	0.0	0.0	0.0	0.0	0.0	0.0	0.0	0.0	0.0	0.0	0.0	0.0	0.0	0.0	0.0	0.0	0.0	0.0	0.0	0.0	0.0	0.0	0.0	0.0	0.0	0.0	0.0	0.0	0.0	0.0	0.0	0.0	0.0	0.0	0.0	0.0	0.0	0.0	0.0	0.0	0.0	0.0	0.0	0.0	0.0	0.0	0.0	0.0	0.0	0.0	0.0	0.0	0.0	0.0	0.0	0.0	0.0	0.0	0.0	0.0	0.0	0.0	0.0	0.0	0.0	0.0	0.0	0.0	0.0	0.0	0.0	0.0	0.0	0.0	0.0	0.0	0.0	0.0	0.0	0.0	0.0	0.0	0.0	0.0	0.0	0.0	0.0	0.0	0.0	0.0	0.0	0.0	0.0	0.0	0.0	0.0	0.0	0.0	0.0	0.0	0.0	0.0	0.0	0.0	0.0	0.0	0.0	0.0	0.0	0.0	0.0	0.0	0.0	7.18621	0.0	0.0	0.0	0.0	0.0	0.0	0.0	0.0	0.0	0.0	0.0	0.0	0.0	0.0	0.0	0.0	0.0	0.0	0.0	0.0	0.0	0.0	0.0	0.0	0.0	0.0	0.0	0.0	0.0	0.0	0.0	0.0	0.0	0.0	0.0	0.0	0.0	0.0	0.0	0.0	0.0	0.0	0.0	0.0	0.0	0.0	0.0	0.0	0.0	0.0	0.0	0.0	0.0	0.0	0.0	0.0	0.0	0.0	0.0	0.0	0.0	0.0	0.0	0.0	0.0	0.0	0.0	0.0	0.0	0.0	0.0	0.0	0.0	0.0	0.0	0.0	0.0	0.0	0.0	0.0	0.0	0.0	0.0	0.0	0.0	0.0	0.0	0.0	0.0	0.0	0.0	0.0	0.0	0.0	0.0	0.0	0.0	0.0	0.0	0.0	0.0	0.0	0.0	0.0	0.0	0.0	0.0	0.0	0.0	0.0	0.0	0.0	0.0	0.0	0.0	0.0	0.0	0.0	0.0	0.0	0.0	0.0	0.0	0.0	0.0	0.0	0.55987	0.0	0.0	0.0	0.0	0.0	0.0	0.0	0.0	0.0	0.0	0.0	0.0	0.0	0.0	0.0	0.0	0.0	0.0	0.0	0.0	0.0	0.0	0.0	0.0	0.0	0.0	0.0	0.0	0.0	0.0	0.0	0.0	0.0	0.0	0.0	0.0	0.0	0.0	1.3403	0.0	0.0	0.0	0.0	0.0	0.0	0.0	0.0	0.47828	0.0	0.0	0.0	0.0	0.0	0.0	0.0	0.0	0.0	0.0	0.0	0.0	0.0	0.0	0.0	0.0	0.0	0.0	0.0	0.0	0.0	90.41007	0.0	0.0	0.0	0.0	0.0	0.02529	0.0	0.0	0.0	0.0	0.0	0.0	0.0	0.0	0.0	0.0
SRR26718143	0.0	0.0	0.0	0.0118	0.0	0.0	0.0	0.0	0.04772	0.0	0.0	0.0	0.0	0.15663	0.0	0.0	0.0	0.0	0.0	0.0	0.0	0.0	0.0	0.0	0.0	0.0	0.0	0.0	0.25925	0.34807	0.0	0.0	0.0	0.0	0.0	0.0	0.0	13.05056	0.0	0.0	0.0	0.0	0.0	0.41365	0.0	0.0	0.0	0.17372	0.0	0.0	0.0	0.0	0.0	0.0	0.0	0.0	0.0	0.0	0.0	0.0	0.0	0.0	0.0	0.0	0.0	0.0	0.0	0.0	0.0	0.0	0.0	0.29785	0.0	0.0	0.0	0.20272	0.0	0.0	0.0	0.0	0.0	0.0	0.0	0.0	0.0	0.0	0.0	0.0	0.0	0.0	0.0	0.0	1.10788	0.0	0.0	0.0	0.0	0.0	0.0	0.0	0.0	0.0	0.0	0.0	0.0	0.0	0.0	0.0	0.11273	0.0	0.0	0.0	0.0067	0.0	0.0	0.0	0.0	0.0	2.61329	0.0	0.0	0.0	0.0	0.0	0.0	0.0	0.0	0.01099	0.0	0.0	0.0	0.0	0.0	0.39776	0.0	0.0	0.0	0.0	0.0	0.0	0.0	0.0	0.0	0.0	0.0	0.0	0.0	0.0	0.0	0.0	0.0	0.0	0.0	0.0	0.0	0.0	0.0	0.0	0.0	0.0	0.0	0.0	0.0	0.0	0.39984	0.18935	0.0	0.0	0.0	0.0	0.0	0.0	0.0	0.0	0.0	0.0	0.0	0.0	0.0	0.0	0.0	0.0	0.0	0.0	0.0	0.0	0.0	0.0	0.0	0.0	0.0	0.0	0.0	0.0	0.0	0.0	0.0	0.0	0.0	0.0	0.0	0.73627	0.0	0.0	0.0	0.0	0.0	0.0	0.0	0.0	0.0	0.0	0.0	0.0	0.0	0.0	0.0	0.0	0.0	0.0	0.0	0.0	0.0	0.0	0.0	0.0	0.0	0.0	0.0	0.0	0.0	0.0	0.0	5.96786	0.0	0.0	0.0	0.0	0.0	0.0	0.0	0.0	0.0	0.0	0.0	0.0	0.0	0.0	0.0	0.0	0.0	0.0	67.04223	0.0	0.0	0.0	0.0	0.0	0.0	0.0	0.0	0.0	0.0	0.0	0.0	0.0	0.0	0.0	0.0	0.0	0.0	0.0	0.0	0.0	0.0	0.0	0.0	0.0	0.0	0.0	0.0	2.94423	0.0	0.0	0.52614	0.00835	0.0	0.0	0.0	0.0	0.0	0.0	0.0	0.0	0.0	0.0	0.0	0.0	0.0	0.0	0.02573	0.0	0.4563	0.0	0.0	0.0	0.09112	0.0	0.0	0.0	0.0	0.0	0.0	0.0	0.41043	1.54214	0.0	0.0	0.0	0.0	0.0	0.0	0.0	0.44874	0.0	0.0	0.0	0.0	0.0	0.0	0.0	0.0
SRR26718144	0.0	1.5322	0.0	0.0	0.0	0.0	0.0	0.0	0.03192	0.00851	0.0	0.00641	0.0	2.11757	0.0	0.0	0.0	0.0	0.0	0.0	0.0	0.00717	0.0	0.0	0.0	0.0	0.0	0.0	0.00531	0.0	0.0	0.0	0.0	0.0	0.0	0.0	0.0	5.51999	0.0	0.0	0.0	0.0	0.0	0.04302	0.29059	0.0	0.0	0.04222	0.0	0.0	0.0	0.0	0.0	0.0	0.0	0.0	0.0	0.0	0.748	0.0	0.0	0.0	0.0	0.0	0.0	0.0	0.0	0.0	0.0	0.0	0.0	0.0	0.0	0.0	0.0	0.66625	0.0	0.0	0.00659	0.0	0.0	0.0	0.0	0.0	0.0	0.0	0.0	0.0	0.0	0.0	0.0	0.0	1.26789	0.0	0.0	0.0	0.0	0.02777	0.0	0.0	0.0	0.10436	0.0	0.0	0.0	0.0	0.0	0.0	0.30662	0.0	0.0	0.0	0.65833	0.12439	0.0	0.0	0.0	0.13455	0.44002	0.02339	0.0	0.00886	0.0	0.0	0.0	0.0	0.0	0.03107	0.0	0.0	0.0	0.0	0.02365	0.0	0.0	0.0	0.0	0.0	0.05184	0.0	0.0	0.0	0.0	0.07986	0.0	0.0	0.00179	0.0	0.0	0.0	0.0	0.0	0.00459	0.0	0.0	0.0	0.00935	0.0	0.0	0.0	0.0	0.0	0.0	0.0	0.0	0.82071	0.0	0.21883	0.0	0.0	0.0	0.0	0.0	0.0	0.0	0.0	0.0	0.0	0.0	0.0	0.0	0.0	0.0	0.0	0.0	0.0	0.0	0.0	0.0	0.0	0.0	0.0	0.0	0.0	0.0	0.0	0.0	0.0	0.0	0.0	0.0	0.16976	0.0	0.0	0.0	0.01924	0.0	0.0	0.0	0.0	0.0	0.0	0.0	0.0	0.0	0.0	0.0	0.0	0.0	0.0	0.0	0.0	0.0	0.0	0.0	0.0	0.0	0.0	0.0	0.0	0.0	0.0	0.0	4.12742	0.0	0.0	0.0	0.0	0.0	2.03692	0.0	0.0	0.0	0.0	0.0	0.0	0.0	0.0	0.0	0.0	0.0	1.15933	72.05137	0.0	0.0	0.0	0.0	0.0	0.0	0.0	0.0	0.0	0.0	0.0	0.0	0.0	0.0	0.00126	0.0	0.0	0.0	0.0	0.0	0.0	0.0	0.0	0.0	0.0	0.0	0.0	0.0	1.45623	0.0	0.0	1.32613	0.00787	0.0	0.0	0.0	0.0	0.0	0.0	0.0	0.0	0.0	0.0	0.0164	0.0	0.0	0.0	0.0204	0.0	0.0	0.0	0.0	0.0	0.0	0.0	0.0	0.0	0.0	0.0	0.0	0.0	0.0	2.09899	0.0	0.0	0.0	0.0	0.11518	0.0	0.0	0.02988	0.0	0.0	0.0	0.0	0.0	0.0	0.0	0.0
SRR26718145	0.0	0.0	0.0	0.0	0.0	0.0	0.0	0.0	0.00287	0.0	0.0	0.25388	0.0	0.0	0.0	0.0	0.0	0.0	0.0	0.0	0.0	0.0	0.0	0.0	0.0	0.0	0.0	0.0	0.05291	0.02544	0.14001	0.0	0.0	0.0	0.0	0.0	0.0	72.23319	0.0	0.0	0.0	0.0	0.0	0.11201	0.06962	0.0	0.0	0.05929	0.0	0.0	0.0	0.0	0.0	0.0	0.0	0.0	0.0	0.0	0.06276	0.0	0.0	0.0	0.0	0.0	0.0	0.0	0.0	0.0	0.0	0.0	0.0	0.0	0.0	0.0	0.0	0.00474	0.0	0.0	0.0	0.0	0.0	0.0	0.0	0.0	0.03225	0.0	0.0	0.0	0.0	0.0	0.0	0.0	0.0	0.0	0.0	0.0	0.0	0.00079	0.0	0.0	0.0	0.15032	0.0	0.0	0.0	0.0	0.0	0.03737	0.00682	0.0	0.0	0.0	0.07672	0.00806	0.0	0.0	0.0	0.0	0.44298	0.0	0.0	0.0	0.0	0.0	0.0	0.0	0.0	0.09565	0.0	0.0	0.0	0.0	0.14732	0.0	0.0	0.0	0.0	0.0	0.29642	0.0	0.0	0.0	0.0	0.07208	0.0	0.0	0.03355	0.0	0.00929	0.0	0.0	0.0	0.0	0.05082	0.0	0.0	0.0	0.0	0.0	0.0	0.0	0.0	0.0	0.0	0.04141	0.411	0.0	0.47385	0.0	0.0	0.0	0.0	0.0	0.0	0.0	0.0	0.0	0.01624	0.0	0.0	0.0	0.0	0.0	0.0	0.0	0.0	0.0	0.0	0.00592	0.0	0.0	0.0	0.0	0.0	0.0	0.0	0.0	0.0	0.0	0.0	0.0	0.03254	0.0	0.0	0.0	0.04595	0.0	0.0	0.0	0.0	0.0	0.0	0.0	0.0	0.0	0.0	0.0	0.0	0.0	0.0	0.0	0.0	0.0	0.0	0.0	0.0	0.0	0.0	0.0	0.0	0.13705	0.0	0.0	12.70845	0.0	0.0	0.0	0.0	0.0	2.29718	0.0	0.0	0.0	0.0	0.0	0.0	0.0	0.0	0.0	0.0	0.0	0.98192	0.0	0.0	0.0	0.0	0.0	0.0	0.0	0.0	0.0	0.0	0.0	0.0	0.0	0.0	0.0	0.0	0.0	0.0	0.0	0.0	0.0	0.0	0.0	0.0	0.0	0.0	0.0	0.0	0.0	0.49829	0.0	0.0	1.55359	0.0712	0.0	0.0	0.0	0.0	0.0	0.0	0.0	0.0	0.0	0.0	0.0	0.0	0.0	0.0	0.17799	0.0	0.0	0.0	0.0	0.0	0.0029	0.0	0.0	0.0	0.0	0.0	0.0	0.0	0.01397	4.98215	0.0	0.0	0.0	0.0	0.03392	0.01491	0.0	1.0224	0.0	0.0	0.0	0.0	0.0	0.0	0.0	0.0
SRR26718146	0.0	0.0	0.0	0.0	0.0	0.0	0.0	0.0	0.01527	0.0	0.0	8.1968	0.0	0.75137	0.0	0.0	0.0	0.0	0.0	0.0	0.0	0.0	0.0	0.0	0.0	0.0	0.0069	0.0	0.0	0.06068	0.0	0.0	0.0	0.0	0.0	0.0	0.0	32.97917	0.0	0.0	0.0	0.0	0.0	1.10551	0.12866	0.0	0.0	0.82084	0.0	0.0	0.0	0.0	0.0	0.0	0.0	0.0	0.0	0.0	0.89365	0.0	0.0	0.0	0.0	0.0	0.0	0.0	0.0	0.0	0.0	0.0	0.00023	0.0	0.0	0.0	0.0	0.15434	0.0	0.0	0.10939	0.0	0.0	0.0	0.03876	0.0	0.0	0.0	0.0	0.0	0.0	0.0	0.0	0.0	0.22774	0.0	0.0	0.0	0.0	0.0	0.0	0.0	0.0	0.05236	0.0	0.02604	0.0	0.0	0.0	0.0	0.02656	0.0	0.0	0.0	0.55307	0.01223	0.0	0.0	0.0	0.0	1.17071	0.0	0.0	0.0	0.0	0.0	0.0	0.0	0.0	0.05275	0.0	0.0	0.0	0.0	0.29609	0.0	0.0	0.0	0.0	0.0	0.0	0.0	0.0	0.0	0.0	0.01314	0.0	0.0	0.03374	0.0	0.01589	0.0	0.0	0.0	0.0	0.0	0.0	0.0	0.0	0.0	0.0	0.0	0.0	0.0	0.0	0.0	0.04248	0.21302	0.0	0.50658	0.0	0.0	0.0	0.0	0.0	0.0	0.0	0.0	0.0	0.0	0.0	0.03011	0.0	0.0	0.0	0.0	0.0	0.0	0.0	0.0	0.0	0.0	0.0	0.0	0.0	0.0	0.0	0.0	0.0	0.0	0.0	0.0	0.0	0.47988	0.11275	0.27843	0.0	0.0	0.01912	0.15031	0.0	0.0	0.0	0.0	0.0	0.0	0.0	0.0	0.0	0.0	0.0	0.0	0.0	0.0	0.0	0.0	0.0	0.0	0.0	0.0	0.0	0.0	0.04002	0.0	0.0	0.50969	0.0	0.0	0.0	0.0	0.0	1.43651	0.0	0.0	0.0	0.0	0.0	0.0	0.0	0.0	0.0	0.0	0.0	0.24761	26.41293	0.0	0.0	0.0	0.0	0.0	0.02287	0.23607	0.0	0.0	0.0	0.0	0.0	0.0	0.0	0.0	0.0	0.0	0.0	0.0	0.0	0.0	0.0	0.0	0.0	0.0	0.0	0.0	0.0	0.59327	0.0	0.0	8.86855	0.0002	0.0	0.0	0.0	0.0	0.0	0.0	0.0	0.16949	0.0	0.0	0.01762	0.0	0.0	0.0	0.19207	0.0	0.0	0.0	0.0	0.0	0.19053	0.0	0.0	0.0	0.0	0.0	0.0	0.0	0.37207	10.40786	0.0	0.0	0.0	0.0	0.024	0.65218	0.0	0.00369	0.0	0.0	0.0	0.0	0.0	0.0	0.0	0.00169
SRR26718147	0.0	0.0	0.0	0.0	0.0	0.0	0.0	0.0	0.00231	0.0	0.0	0.31658	0.0	0.48429	0.00517	0.0	0.0	0.0	0.0	0.0	0.0	0.01883	0.0	0.0	0.0	0.0	0.0	0.0	0.08425	0.04471	0.03202	0.0	0.0	0.0	0.0	0.0	0.0	53.8873	0.0	0.0	0.0	0.0	0.0	0.06636	0.2038	0.0	0.0	0.06846	0.0	0.0	0.0	0.0	0.0	0.0	0.0	0.0	0.0	0.0	0.0	0.0	0.0	0.0	0.0	0.0	0.0	0.0	0.0	0.0	0.0	0.0	0.0	0.0	0.0	0.0	0.0	0.0	0.0	0.0	0.02509	0.0	0.0	0.0	0.0	0.0	0.0	0.0	0.0	0.0	0.0	0.0	0.0	0.01172	0.16449	0.0	0.0	0.0	0.0	0.00995	0.0	0.0	0.0	0.0	0.0	0.0	0.0	0.0	0.0	0.0	0.17914	0.0	0.0	0.0	0.28712	0.0	0.0	0.0	0.0	0.0	0.0	0.0	0.0	0.0029	0.0	0.0	0.0	0.0	0.0	0.36601	0.0	0.0	0.0	0.0	0.33267	0.78641	0.0	0.0	0.0	0.0	0.25812	0.0	0.0	0.0	0.0	0.02386	0.0	0.0	0.0	0.0	0.10379	0.0	0.0	0.0	0.00157	0.0	0.0	0.0	0.0	0.0	0.0	0.02067	0.0	0.0	0.0	0.0	0.67198	0.00224	0.0	0.0	0.0	0.0	0.0	0.0	0.0	0.0	0.0	0.0	0.0	0.0	0.0	0.0	0.0	0.0	0.0	0.0	0.0	0.0	0.0	0.0	0.0	0.0	0.0	0.0	0.0	0.0	0.0	0.0	0.0	0.0	0.0	0.0	0.0	0.64519	0.0	0.0	0.0	0.08609	0.0	0.0	0.0	0.0	0.0	0.0	0.0	0.0	0.0	0.0	0.0	0.0	0.0	0.0	0.0	0.0	0.0	0.0	0.0	0.0	0.0	0.0	0.0	0.0	0.0	0.0	0.0	2.15921	0.0	0.0	0.0	0.0	0.0	2.35486	0.0	0.0	0.0	0.0	0.0	0.0	0.0	0.0	0.0	0.0	0.00578	0.59214	34.40035	0.0	0.0	0.0	0.0	0.0	0.0	0.0	0.0	0.0	0.0	0.0	0.0	0.0	0.0	0.0	0.0	0.0	0.0	0.0	0.0	0.0	0.0	0.0	0.0	0.0	0.0	0.0	0.0	0.35162	0.0	0.0	0.18399	0.012	0.0	0.0	0.0	0.0	0.0	0.0	0.0	0.0035	0.0	0.0	0.0	0.0	0.0	0.0	0.0	0.0	0.0	0.0	0.0	0.0	0.02525	0.0	0.0	0.0	0.0	0.0	0.0	0.0	0.1752	0.0238999999999999	0.0	0.0	0.0	0.0	0.00432	0.0	0.0	0.51478	0.0	0.0	0.0	0.0	0.0	0.0	0.0	0.0
SRR26718148	0.0	0.0	0.0	0.0	0.0	0.0	0.0	0.0	0.00238	0.0	0.0	0.47805	0.0	3.68807	0.0	0.0	0.0	0.0	0.0	0.0	0.0	0.08617	0.0	0.0	0.0	0.0	0.0	0.0	0.26362	0.01817	0.02058	0.0	0.0	0.0	0.0	0.0	0.0	41.67393	0.0	0.0	0.0	0.0	0.0	0.06092	0.16903	0.0	0.0	0.73311	0.0	0.0	0.0	0.0	0.0	0.0	0.0	0.0	0.0	0.08155	0.0	0.0	0.0	0.0	0.0	0.05385	0.0	0.0	0.0	0.0	0.0	0.0	0.0	0.0	0.0	0.01829	0.0	0.29413	0.0	0.0	0.0	0.0	0.0	0.01287	0.0	0.0	0.24393	0.0	0.0	0.0	0.0	0.0	0.0	0.0	0.01315	0.0	0.00819	0.0	0.0	0.00878	0.0	0.0	0.0	0.09603	0.0	0.03345	0.0	0.0481	0.0	0.0	0.00929	0.0	0.0	0.0	0.00521	1.33638	0.0	0.0	0.0	0.0	0.55462	0.00864	0.0	0.0	0.0	0.0	0.0	0.0	0.0	0.14777	0.0	0.0	0.0	0.0	0.24119	0.0	0.0	0.0	0.0	0.0	0.0962	0.0	0.0	0.0	0.01555	0.0	0.0	0.0	0.0	0.0	0.27353	0.00507	0.00174	0.0	0.0	0.01041	0.0	0.0	0.0	0.0	0.0	0.0	0.0	0.0	0.0	0.0	0.09295	0.56118	0.0	0.3152	0.0	0.0	0.0	0.0	0.0	0.0	0.0	0.0	0.0	0.0	0.0	0.00868	0.0	0.0	0.0	0.0	0.0	0.0	0.0	0.0	0.0	0.0	0.0	0.0	0.0	0.0	0.0	0.0	0.0	0.0	0.0	0.0	0.0	0.41705	0.0	0.1135	0.0	0.0	0.035	0.78528	0.0	0.0	0.0	0.0	0.0	0.0	0.0	0.0	0.0	0.0	0.0	0.0	0.0	0.0	0.0	0.0	0.0	0.0	0.0	0.0	0.0	0.0	0.00267	0.02276	0.0	3.77829	0.0	0.0	0.0	0.0	0.0	0.0	0.0	0.0	0.0	0.0	0.0	0.0	0.0	0.0	0.0	0.0	0.0	0.40445	30.77899	0.0	0.0	0.0	0.0	0.0	0.0	0.00017	0.0	0.0	0.0	0.0	0.0	0.0	0.0	0.0	0.0	0.0	0.0	0.0	0.0	0.0	0.0	0.0	0.0	0.0	0.0	0.0	0.0	1.09896	0.0	0.0	7.46992	0.03654	0.0	0.0	0.0	0.0	0.0	0.0	0.0	0.02958	0.0	0.0	0.01663	0.0	0.0	0.0	0.00632	0.0	0.0	0.0	0.0	0.0	0.05363	0.0	0.0	0.0	0.0	0.0	0.0	0.0	0.10304	2.97874	0.0	0.0	0.0	0.0	0.0	0.0	0.0	0.07855	0.0	0.0	0.0	0.0	0.0	0.0	0.0	0.0
SRR26718149	0.0	0.0	0.0	0.0	0.0	0.0	0.0	0.0	0.0	0.0	0.0	0.0	0.0	0.39217	0.0	0.0	0.0	0.0	0.0	0.0	0.0	0.0	0.0	0.0	0.0	0.0	0.0	0.0	0.0	0.01195	0.00883	0.0	0.0	0.0	0.0	0.0	0.0	50.57679	0.0	0.0	0.0	0.0	0.0	1.23238	0.22458	0.0	0.0	0.03456	0.0	0.0	0.0	0.0	0.0	0.04523	0.35879	0.0	0.0	0.0	0.0	0.0	0.0	0.0	0.0	0.0	0.0	0.0	0.0	0.0	0.0	0.0	0.0	0.0	0.0	0.0	0.0	0.03555	0.0	0.0	0.0	0.0	0.0	0.0	0.18616	0.0	0.0	0.0	0.0	0.0	0.0	0.0	0.0	0.0	0.04394	0.0	0.02949	0.02972	0.0	0.0	0.0	0.0	0.0	0.17275	0.0	0.15666	0.0	0.0	0.0	0.0	0.84101	0.0	0.0	0.0	0.32428	0.0	0.0	0.0	0.0	0.0	2.61076	0.01722	0.0	0.0	0.0	0.0	0.0	0.0	0.0	0.28046	0.0	0.0	0.0	0.0	0.0	1.31977	0.0	0.0	0.0	0.0	0.0	0.0	0.0	0.0	0.0	0.0	0.0	0.0	0.0	0.0	0.37708	0.0	0.0	0.0	0.0	0.0	0.0	0.0	0.0	0.0	0.0	0.0	0.0	0.0	0.0	0.0	0.17826	0.0	0.0	0.0	0.0	0.0	0.0	0.0	0.00128	0.0	0.0	0.0	0.0	0.0	0.0	0.01688	0.0	0.0	0.0	0.0	0.0	0.0	0.0	0.0	0.0	0.0	0.0	0.0	0.0	0.0	0.0	0.0	0.0	0.00254	0.00961	0.0	0.0	1.93182	0.0	0.0	0.0	0.0	0.00547	0.0	0.0	0.0	0.0	0.0	0.0	0.0	0.0	0.0	0.0	0.0	0.0	0.00545	0.0	0.0	0.0	0.0	0.0	0.0	0.0	0.0	0.0	0.0	0.0	0.0	0.0	5.09176	0.0	0.0	0.0	0.0	0.0	0.34495	0.0	0.0	0.0	0.0	0.0	0.0	0.0	0.0	0.0	0.0	0.0	0.0	28.29471	0.0	0.0	0.0	0.0	0.0	0.0	0.0	0.0	0.0	0.0	0.0	0.0	0.0	0.0	0.0	0.0	0.0	0.0	0.0	0.0	0.0	0.0	0.0	0.0	0.0	0.0	0.0	0.0	0.0	0.0	0.0	0.0	0.82507	0.0	0.0	0.0	0.0	0.0	0.0	0.0	0.0	0.0	0.0	0.0	0.0	0.0	0.0	0.1401	0.0	0.0	0.0	0.0	0.0	2.28053	0.0	0.0	0.0	0.0	0.0	0.0	0.0	0.61149	0.29152	0.0	0.0	0.0	0.0	0.65846	0.0	0.0	0.0	0.0	0.0	0.0	0.0	0.0	0.0	0.0	0.0
SRR26718150	0.0	0.0	0.0	0.0	0.0	0.0	0.0	0.0	0.0	0.0	0.0	0.0	0.0	1.26997	0.0	0.0	0.0	0.0	0.0	0.0	0.0	0.0	0.0	0.0	0.0	0.0	0.0	0.0	1.53345	0.48796	0.00021	0.0	0.0	0.0	0.0	0.0	0.0	29.92775	0.0	0.0	0.0	0.0	0.0	3.45707	0.37333	0.0	0.0	0.44091	0.0	0.0	0.0	0.0	0.0	0.0	0.0	0.0	0.0	0.0	0.0	0.0	0.0	0.0	0.0	0.0	0.0	0.0	0.0	0.0	0.0	0.0	0.0	0.0	0.0	0.0	0.0	0.47299	0.0	0.0	0.41779	0.0	0.0	0.0	0.21395	0.0	0.0	0.0	0.0	0.0	0.0	0.0	0.0	0.03328	0.0	0.0	0.0	0.0	0.0	0.05961	0.0	0.0	0.0	0.24234	0.00598	0.0	0.0	0.0	0.0	0.0	0.33727	0.0	0.0	0.0	0.01986	0.03438	0.0	0.0	0.0	0.0	0.5299	0.0	0.0	0.0	0.0	0.0	0.0	0.0	0.0	0.77857	0.0	0.0	0.0	0.0	0.04751	0.0	0.0	0.0	0.0	0.0	0.0	0.0	0.0	0.0	0.0	0.0	0.0	0.0	0.0	0.0	0.34182	0.10588	0.0	0.0	0.0	0.0	0.0	0.0	0.0	0.0	0.0	0.0	0.0	0.0	0.0	0.0	0.21182	0.0	0.0	0.00942	0.0	0.0	0.0	0.0	0.0	0.0	0.0	0.0	0.0	0.0	0.0	0.0	0.0	0.0	0.0	0.0	0.0	0.0	0.0	0.0	0.0	0.0	0.0	0.0	0.0	0.0	0.0	0.0	0.0	0.0	0.0	0.0	0.0	3.62606	0.0	0.0	0.0	0.0	0.0	0.0	0.0	0.0	0.0	0.0	0.0	0.0	0.0	0.0	0.0	0.0	0.0	0.0	0.0	0.0	0.0	0.0	0.0	0.0	0.0	0.08674	0.0	0.0	0.0	0.0	0.0	2.9777	0.0	0.0	0.0	0.0	0.0	1.58638	0.0	0.0	0.0	0.0	0.0	0.0	0.0	0.0	0.0	0.0	0.0	0.0	46.71314	0.0	0.0	0.0	0.0	0.0	0.0	0.0	0.0	0.0	0.0	0.0	0.0	0.0	0.0	0.0	0.0	0.0	0.0	0.0	0.0	0.0	0.0	0.0897	0.0	0.0	0.0	0.0	0.0	0.0	0.0	0.0	0.02177	1.3017	0.0	0.0	0.0	0.0	0.0	0.0	0.0	0.0	0.0	0.0	0.0	0.0	0.0	0.0	0.00417	0.0	0.0	0.0	0.0	0.0	0.32987	0.0	0.0	0.0	0.0	0.0	0.0	0.0	0.25757	0.97068	0.0	0.0	0.0	0.0	0.6815	0.0	0.0	0.0	0.0	0.0	0.0	0.0	0.0	0.0	0.0	0.0
SRR26718151	0.0	0.0	0.0	0.0	0.0	0.0	0.0	0.0	0.0	0.0	0.0	0.0	0.0	0.03168	0.0	0.0	0.0	0.0	0.0	0.0	0.0	0.0	0.0	0.0	0.0	0.0	0.0	0.0	0.01914	0.05451	0.0	0.0	0.0	0.0	0.0	0.0	0.0	60.59957	0.0	0.0	0.0	0.0	0.0	0.03125	0.07161	0.0	0.0	0.08007	0.0	0.0	0.0	0.0	0.0	0.0	0.0	0.0	0.0	0.0	0.02382	0.0	0.0	0.0	0.0	0.0	0.0	0.0	0.0	0.0	0.0	0.0	0.0	0.0	0.0	0.0	0.0	0.35713	0.0	0.0	0.0	0.0	0.0	0.0	0.0	0.0	0.0	0.0	0.0	0.0	0.0	0.0	0.0	0.01208	0.15537	0.0	0.0	0.0	0.0	0.0	0.0	0.0	0.0	0.0	0.0	0.0	0.0	0.0	0.0	0.0	0.00739	0.0	0.0	0.0	0.0	0.0	0.0	0.0	0.0	0.07737	0.03923	0.03163	0.0	0.0	0.0	0.0	0.0	0.0	0.0	0.00363	0.0	0.0	0.0	0.0	0.00944	1.17225	0.0	0.0	0.0	0.0	0.0	0.0	0.0	0.0	0.0	0.03877	0.0	0.0	0.0	0.0	0.0	0.0	0.0	0.0	0.0	0.0	0.0	0.0	0.0	0.0	0.0	0.0	0.0	0.0	0.0	0.0	0.00468	0.4616	0.0	0.09129	0.0	0.0	0.0	0.0	0.0	0.0	0.0	0.0	0.0	0.0	0.0	0.0	0.0	0.0	0.0	0.0	0.0	0.0	0.0	0.0	0.0	0.0	0.0	0.0	0.0	0.0	0.0	0.0	0.0	0.0	0.0	0.0	0.0	0.05244	0.0	0.0	0.0	0.0	0.0	0.0	0.0	0.0	0.0	0.0	0.0	0.0	0.0	0.0	0.0	0.0	0.0	0.0	0.0	0.0	0.0	0.0	0.0	0.0	0.0	0.0	0.0	0.0	0.0	0.0	0.0	1.48412	0.0	0.0	0.0	0.0	0.0	0.23911	0.0	0.0	0.0	0.0	0.0	0.0	0.0	0.0	0.0	0.0	0.0	0.0	28.80876	0.0	0.0	0.0	0.0	0.0	0.0	0.0	0.0	0.0	0.0	0.0	0.0	0.0	0.0	0.0	0.0	0.0	0.0	0.0	0.0	0.0	0.0	0.0	0.0	0.0	0.0	0.0	0.0	1.69384	0.0	0.0	0.08468	0.0	0.0	0.0	0.0	0.0	0.0	0.0	0.0	0.09277	0.0	0.0	0.18287	0.0	0.0	0.0	0.0	0.02984	1.11749	0.0	0.0	0.0	0.0	0.0	0.0	0.0	0.0	0.0	0.0	0.0	0.0	2.82268	0.0	0.0	0.0	0.0	0.0	0.0	0.0	0.01788	0.0	0.0	0.0	0.0	0.0	0.0	0.0	0.0
SRR26718152	0.0	0.0	0.0	0.0	0.0	0.0	0.0	0.0	0.01944	0.0	0.0	4.8325	0.0	2.56413	0.0	0.0	0.0	0.0	0.0	0.0	0.0	0.0174	0.0	0.0	0.0	0.0	0.0	0.0	0.0	0.0	0.10251	0.0	0.0	0.0	0.0	0.00965	0.0	22.87482	0.0	0.0	5.57985	0.0	0.11532	2.02979	0.2211	0.0	0.0	0.36905	0.0	0.0	0.0	0.0	0.0	0.0	1.50551	0.0	0.10597	0.0	0.0749	0.0	0.0	0.0	0.0	0.0	0.0	0.0	0.0	0.0	0.0	0.0	0.00785	0.0	0.0	0.0	0.0	0.38676	0.0	0.0	0.36073	0.0	0.0	0.0	0.03874	0.19697	0.05481	0.0	0.0	0.0	0.0	0.0	0.0	0.04665	0.01132	0.0	0.0	0.0	0.0	0.3849	0.0	0.0	0.0	0.50021	0.0017	0.06038	0.0	0.0	0.0	0.0	0.06968	0.0	0.0	0.0	0.54355	0.05151	0.0	0.0	0.0	0.04807	0.39739	0.0	0.0	0.0	0.02754	0.0	0.12358	0.0	0.0	0.27074	0.0	0.0	0.0	0.0	0.27694	0.41867	0.0	0.0	0.0	0.0	0.26156	0.0	0.0	0.0	0.0	0.0	0.0	0.0	0.0849	0.0	0.17979	0.0	0.03037	0.0	0.0	0.07384	0.0	0.0	0.0	0.0	0.0	0.00771	0.0	0.0	0.0	0.0	0.41158	0.10555	0.01147	0.10187	0.0	0.0	0.0	0.0	0.0	0.0	0.0	0.0	0.0	0.0	0.0	0.08819	0.0	0.0	0.0	0.0	0.04705	0.0	0.0	0.0	0.0	0.0	0.0	0.0	0.0	0.0	0.0	0.0	0.0	0.00119	0.0	0.0	0.0	0.24798	0.00279	0.0	0.0	0.00231	0.0	0.0	0.0	0.0	0.0	0.0	0.00096	0.0	0.0	0.0	0.0	0.0	0.0	0.0	0.0	0.0	0.0	0.0	0.0	0.0	1.25251	0.0	0.0	0.0	0.53043	0.18744	0.0	3.77564	0.0	0.0	0.0	0.0	0.0	0.13684	0.0	0.0	0.0	0.0	0.0	0.0	0.0	0.0	0.0	0.0004	0.0	1.05747	22.84491	0.0	0.0	0.0	0.0	0.0	0.15873	0.45736	0.0	0.0	0.0	0.02645	0.0	0.0	0.0	0.0	0.0	0.0	0.0	0.0	0.99338	0.0	0.0	0.0	0.0	0.0	0.0	0.0	0.0	0.01182	0.0	0.0	4.46843	0.17374	0.0	0.0	0.0	0.0	0.0	0.01884	0.0	0.09937	0.0	0.0	0.00714	0.05444	0.02253	0.0	0.00659	0.0	1.62364	0.0	0.0	0.0	0.30387	0.0	0.0	0.0	0.0	0.0	0.0	0.0	1.47124	13.48607	0.0	0.0	0.0	0.0	0.0	0.44888	0.0	0.00951	0.00645	0.0	0.0	0.0	0.0	0.0	0.0	0.00612
SRR26718153	0.0	0.0	0.0	0.0	0.0	0.0	0.0	0.0	0.0	0.0	0.0	0.41103	0.0	0.49465	0.0	0.0	0.0	0.0	0.0	0.0	0.0	0.00856	0.0	0.0	0.0	0.0	0.03925	0.0	0.06339	0.02757	0.05246	0.0	0.0	0.0	0.0	0.0	0.0	36.10106	0.0	0.0	0.0	0.0	0.0	0.29277	0.0	0.0	0.0	0.07676	0.0	0.0	0.0	0.0	0.0	0.0	0.0	0.0	0.0	0.0	0.0	0.0	0.0	0.0	0.0	0.0	0.0	0.0	0.0	0.0	0.0	0.0	0.00125	0.0	0.0	0.06878	0.0	0.82627	0.0	0.0	0.0	0.0	0.0	0.0	2.63741	0.0	0.0	0.0	0.0	0.0	0.0	0.0	0.0	0.05607	0.62479	0.0	0.01088	0.0	0.0	0.03017	0.01915	0.0	0.0	0.69566	0.00307	0.49566	0.0	0.13982	0.0	0.0	0.67397	0.0	0.0	0.0	0.12007	0.24149	0.0	0.0	0.0	0.0	0.20312	0.0	0.0	0.0	0.0	0.0	0.0	0.0	0.0	0.03589	0.0	0.0	0.0	0.0	0.02238	0.0	0.0	0.0	0.0	0.0	0.11183	0.0	0.0	0.0	0.0	0.0	0.0	0.0	0.12238	0.0	2.22012	0.0	0.0022	0.0	0.0	0.0	0.0	0.0	0.0	0.0	0.0	0.0	0.0	0.0	0.0	0.0	0.26464	0.91735	0.0	0.0	0.0	0.0	0.0	0.0	0.0	0.0	0.0	0.0	0.0	0.0	0.0	0.0	0.0	0.0	0.0	0.0	0.0	0.0	0.0	0.0	0.0	0.0	0.0	0.0	0.0	0.0	0.0	0.0	0.0	0.0	0.01626	0.0	0.0	0.65032	0.0	0.0	0.0	0.0	0.0	0.0	0.0	0.0	0.0	0.0	0.0	0.0	0.0	0.0	0.0	0.0	0.0	0.0	1.5214	0.0	0.0	0.0	0.0	0.0	0.0	0.0	0.0	0.0	0.0	0.0	0.0	2.03655	0.0	0.0	0.0	0.0	0.0	0.0	0.0	0.0	0.0	0.0	0.0	0.00041	0.0	0.0	0.0	0.0	0.0	0.0	31.31729	0.0	0.0	0.0	0.0	0.0	0.0	0.0	0.0	0.0	0.0	0.0	0.0	0.0	0.0	0.0	0.0	0.0	0.0	0.0	0.0	0.0	0.0	0.0	0.0	0.0	0.0	0.0	0.0	0.43131	0.0	0.0	0.43239	0.0307	0.0	0.0	0.0	0.0	0.0	0.0	0.045	0.0	0.0	0.0	0.0	0.0	0.0	0.0	0.0	0.0	0.0	0.0	0.0	0.0	0.6426	0.0	0.0	0.0	0.0	0.0	0.0	0.0	0.21524	14.54219	0.0	0.0	0.0	0.0	0.0	0.0	0.0	0.00646	0.0	0.0	0.0	0.0	0.0	0.0	0.0	0.0
SRR26718154	0.0	0.0	0.0	0.0	0.0	0.0	0.0	0.0	0.05828	0.0	0.0	1.41823	0.0	15.90591	0.01561	0.0	0.0	0.0	0.0	0.01196	0.0	0.0	0.0	0.0	0.0	0.0	0.00405	0.0	0.03597	0.02755	0.08936	0.0	0.0	0.0	0.0	0.0	0.0	33.11863	0.0	0.0	0.0	0.0	0.0	2.30669	0.84968	0.0	0.0	0.69198	0.0	0.0	0.0	0.0	0.0	0.0	0.0	0.0	0.0	0.0	0.0	0.0	0.0	0.0	0.0	0.02821	0.0	0.0	0.0	0.0	0.0	0.0	0.0009	0.0	0.0	0.0	0.0	0.24729	0.0	0.0	0.0	0.0	0.0	0.0	0.0	0.0	0.02417	0.0	0.00502	0.0	0.0	0.0	0.0	0.00068	0.0	0.0	0.0	0.0	0.0	0.02585	0.0	0.0	0.0	0.3625	0.01646	0.01586	0.0	0.0	0.0	0.00201	0.12702	0.0	0.0	0.0	0.04325	0.04432	0.0	0.0	0.0	0.0	0.7049	0.0	0.0	0.0	0.0	0.0	0.0	0.0	0.0	0.41226	0.0	0.0	0.0	0.0	1.14089	0.05179	0.0	0.0	0.0	0.0	0.28586	0.0	0.0	0.0	0.0	0.00854	0.0	0.0	0.15208	0.0	0.14559	0.0	0.04273	0.0	0.0	0.01222	0.0	0.0	0.11874	0.0	0.0	0.16443	0.0	0.0	0.0	0.0	0.44964	2.01705	0.0	0.12344	0.0	0.0	0.0	0.0	0.0	0.0	0.0	0.0	0.0	0.0	0.0	0.00079	0.0	0.0	0.0	0.0	0.0	0.0	0.0	0.0	0.0	0.0	0.0	0.0	0.0	0.0	0.0	0.0	0.0	0.0	0.0	0.0	0.0	0.59735	0.0	0.60484	0.0	0.0008	0.0	0.166	0.0	0.0	0.0	0.0	0.0	0.0	0.0	0.0	0.0	0.0	0.0	0.0	0.0	0.0	0.0	0.0	0.0	0.0	1.49147	0.0	0.0	0.0	0.13817	0.0	0.0	11.33509	0.0	0.0	0.0	0.0	0.0	1.28502	0.0	0.0	0.0	0.0	0.0	0.0	0.0	0.0	0.0	0.0	0.0	0.0	0.0	0.0	0.0	0.0	0.0	0.0	0.0	0.0	0.0	0.0	0.0	0.0	0.0	0.00511	0.0	0.0	0.0	0.0	0.0	0.0	0.0	0.0	0.0	0.0	0.0	0.0	0.0	0.0	0.0	1.20251	0.0	0.0	16.34301	0.21736	0.0	0.0	0.0	0.0	0.0	0.0	0.0	0.04596	0.0	0.0	0.14961	0.0	0.0	0.0	0.0168	0.0	0.0	0.0	0.0	0.0	0.205	0.0	0.0	0.0	0.0	0.0	0.0	0.0	0.03989	4.13728	0.0	0.0	0.0	0.0	0.0	0.18503	0.0	0.49773	0.0	0.0	0.0	0.0	0.0	0.0	0.0	0.02757
SRR26718156	0.0	0.74187	0.0	0.0	0.0	0.0	0.0	0.0	0.0	0.0	0.0	0.00049	0.0	7.13853	0.0	0.0	0.0	0.0	0.0	0.0	0.0	0.0	0.0	0.0	0.0	0.0	0.0	0.0	0.01005	0.0	0.0	0.0	0.0	0.0	0.0	0.0	0.0	34.3351	0.0	0.0	0.0	0.0	0.0	0.19908	0.18853	0.0	0.0	0.10181	0.0	0.0	0.0	0.0	0.0	0.0	0.0	0.0	0.0	0.0	0.28172	0.0	0.0	0.0	0.0	0.0	0.0	0.0	0.0	0.0	0.0	0.0	0.0	0.0	0.0	0.0	0.0	0.09527	0.0	0.0	0.02616	0.0	0.0	0.0	0.0	0.0	0.0036	0.0	0.0	0.0	0.0	0.05115	0.0	0.0	0.07147	0.0	0.0	0.0	0.0	0.00049	0.0	0.0	0.0	0.08821	0.0	0.0	0.0	0.0	0.0	0.0287	0.0	0.0	0.0	0.0	0.02727	0.0	0.0	0.0	0.0	0.0	0.10966	0.02018	0.0	0.0	0.0	0.0	0.0	0.0	0.0	0.00063	0.0	0.0	0.0	0.00059	0.1412	0.0	0.0	0.0	0.0	0.0	0.06767	0.0	0.0	0.0	0.0	0.00311	0.0	0.0	0.0	0.0	0.0	0.0	0.0	0.0	0.0	0.00533	0.0	0.0	0.0	0.0	0.0	0.18619	0.0	0.0	0.0	0.0	0.0	0.07466	0.0	0.11628	0.0	0.0	0.0	0.0	0.0	0.0	0.0	0.0	0.0	0.0	0.0	0.0	0.0	0.0	0.0	0.0	0.0	0.0	0.0	0.0	0.0	0.0	0.0	0.0	0.0	0.0	0.0	0.0	0.0	0.0	0.0	0.0	0.0	0.08873	0.0	0.0	0.0	0.0	0.0	0.63975	0.0	0.0	0.0	0.0	0.0	0.0	0.0	0.0	0.0	0.0	0.0	0.0	0.0	0.0	0.0	0.0	0.0	0.0	0.0	0.0	0.0	0.0	0.0	0.0	0.0	13.22831	0.0	0.0	0.0	0.0	0.0	0.0	0.0	0.0	0.0	0.0	0.0	0.0	0.0	0.0	0.0	0.0	0.0	0.0	38.40869	0.0	0.0	0.0	0.0	0.0	0.0	0.0	0.0	0.0	0.0	0.0	0.0	0.0	0.0	0.0	0.0	0.0	0.0	0.0	0.0	0.0	0.0	0.0	0.0	0.0	0.0	0.0	0.0	0.64866	0.0	0.0	1.45785	0.00693	0.0	0.03995	0.0	0.0	0.0	0.0	0.0	0.0	0.0	0.0	0.13149	0.0	0.0	0.0	0.10461	0.0	0.0	0.0	0.0	0.0	0.0	0.0	0.0	0.0	0.0	0.0	0.0	0.0	0.0	1.08027	0.0	0.0	0.0	0.0	0.02909	0.00448	0.0	0.01618	0.0	0.0	0.0	0.0	0.0	0.0	0.0	0.0
SRR26718157	0.0	0.0	0.0	0.0	0.0	0.0	0.0	0.0	0.02554	0.0	0.0	0.0	0.0	0.0	0.0	0.0	0.0	0.0	0.0	0.0	0.0	0.0	0.0	0.0	0.0	0.0	0.0	0.0	0.5179	0.18179	0.0	0.0	0.0	0.0	0.0	0.0	0.0	15.85114	0.0	0.0	0.0	0.0	0.0	0.73322	0.15929	0.0	0.0	0.1576	0.0	0.0	0.0	0.0	0.0	0.0	0.0	0.0	0.0	0.0	0.0	0.0	0.0	0.0	0.0	0.0	0.0	0.0	0.0	0.0	0.0	0.0	0.0	0.0	0.0	0.0	0.0	1.09372	0.0	0.0	0.0	0.0	0.0	0.0	0.0	0.0	0.0	0.0	0.0	0.0	0.0	0.0	0.0	0.0	0.0	0.0	0.04344	0.0	0.0	0.0	0.0	0.0	0.0	0.11923	0.0	0.0048	0.0	0.0	0.0	0.0	0.05394	0.0	0.0	0.0	0.1659	0.0	0.0	0.0	0.0	0.0	0.18017	0.0	0.0	0.0	0.0	0.0	0.03571	0.0	0.0	0.16823	0.0	0.0	0.0	0.0	0.05523	0.0	0.0	0.0	0.0	0.0	0.0	0.0	0.0	0.0	0.0	0.0	0.0	0.0	0.0	0.0	0.03079	0.0	0.0	0.0	0.0	0.0	0.0	0.0	0.0	0.0	0.0	0.05879	0.0	0.0	0.0	0.0	0.00443	0.0	0.0	0.00291	0.0	0.0	0.0	0.0	0.0	0.0	0.0	0.0	0.0	0.0	0.0	0.0	0.0	0.0	0.0	0.0	0.0	0.0	0.0	0.0	0.0	0.0	0.0	0.0	0.0	0.0	0.0	0.0	0.0	0.0	0.0	0.0	0.0	0.31343	0.0	0.40359	0.0	0.0	0.0	0.0	0.0	0.0	0.0	0.0	0.0	0.0	0.0	0.0	0.0	0.0	0.0	0.0	0.0	0.0	0.0	0.0	0.0	0.0	0.0	0.0	0.0	0.0	0.0	0.0	0.0	1.50424	0.0	0.0	0.0	0.0	0.0	0.0	0.0	0.0	0.0	0.0	0.0	0.0	0.0	0.0	0.0	0.0	0.0	0.0	74.47553	0.0	0.0	0.0	0.0	0.0	0.0	0.1591	0.0	0.0	0.0	0.0	0.0	0.0	0.0	0.0	0.0	0.0	0.0	0.0	0.0	0.0	0.0	0.0	0.0	0.0	0.0	0.0	0.0	0.43274	0.0	0.0	0.0	0.0	0.0	0.05286	0.0	0.0	0.0	0.0	0.0	0.04095	0.0	0.0	0.0	0.0	0.0	0.0	0.0	0.0	0.43877	0.0	0.0	0.0	0.10925	0.0	0.0	0.0	0.0	0.0	0.0	0.0	0.24908	1.54533	0.0	0.0	0.0	0.0	0.63137	0.0	0.0	0.0	0.0	0.0	0.0	0.0	0.0	0.0	0.0	0.0
SRR26718158	0.0	0.0	0.0	0.0	0.0	0.0	0.0	0.0	0.02428	0.0	0.0	1.10055	0.0	3.42327	0.0	0.0	0.0	0.0	0.0	0.0	0.0	0.00721	0.0	0.0	0.0	0.0	0.0	0.0	0.15749	0.159	0.03464	0.0	0.0	0.0	0.0	0.0	0.0	30.54463	0.0	0.0	0.0	0.0	0.0	2.53448	0.6312	0.0	0.0	0.3021	0.0	0.0	0.0	0.0	0.0	0.0	1.18532	0.0	0.0	0.0	0.0	0.0	0.0	0.0	0.0	0.0	0.0	0.0	0.0	0.0	0.0	0.0	0.0	0.0	0.0	0.0	0.0	1.06038	0.0	0.0	0.05434	0.0	0.0	0.0	0.0	0.0	0.0	0.0	0.0	0.0	0.0	0.0	0.0	0.0	0.0	0.0	0.0	0.0	0.0	0.02971	0.0	0.0	0.0	0.04754	0.0	0.0	0.0	0.0	0.0	0.0	0.06607	0.0	0.0	0.0	0.00724	0.05065	0.00471	0.0	0.0	0.0	7.01424	0.0	0.0	0.0	0.0	0.0	0.0	0.0	0.0	0.09643	0.0	0.0	0.0	0.0	0.38954	0.0	0.0	0.0	0.0	0.0	0.35601	0.0	0.0	0.0	0.0	0.1288	0.0	0.0	0.08566	0.0	0.02163	0.0	0.1751	0.0	0.0	0.28859	0.0	0.0	0.0	0.0	0.0	0.0	0.0	0.0	0.0	0.0	0.05849	2.82976	0.0	0.79151	0.0	0.0	0.0	0.0	0.0	0.0	0.0	0.0	0.0	0.05363	0.0	0.0	0.0	0.0	0.0	0.0	0.0	0.0	0.0	0.0	0.0	0.0	0.0	0.0	0.0	0.0	0.0	0.0	0.0	0.0	0.0	0.0	0.0	0.14181	0.05196	0.0	0.0	0.16045	0.0	0.97809	0.0	0.0	0.0	0.0	0.0	0.0	0.0	0.0	0.0	0.0	0.0	0.0	0.0	0.0	0.0	0.0	0.0	0.0	0.0	0.02753	0.0	0.0	0.08104	0.0	0.0	0.60193	0.0	0.0	0.0	0.0	0.0	0.63515	0.0	0.0	0.0	0.0	0.0	0.0	0.0	0.0	0.0	0.0	0.0	1.1133	24.41606	0.0	0.0	0.0	0.0	0.0	0.0	0.0	0.0	0.0	0.0	0.0	0.0	0.0	0.0	0.0	0.0	0.0	0.0	0.0	0.0	0.0	0.0	0.0	0.0	0.0	0.0	0.0	0.0	5.19558	0.0	0.0	0.37548	0.07676	0.0	0.01632	0.0	0.0	0.0	0.0	0.0	0.0	0.0	0.0	0.41533	0.0	0.0	0.0	0.10329	0.0	0.0	0.0	0.0	0.0	0.0	0.0	0.0	0.0	0.0	0.0	0.0	0.0	0.0	10.52637	0.0	0.0	0.0	0.0	0.04001	0.03802	0.0	1.13107	0.0	0.0	0.0	0.0	0.0	0.0	0.0	0.0
SRR26718159	0.0	0.0	0.0	0.0	0.0	0.0	0.0	0.0	0.06663	0.0	0.0	0.0	0.0	3.79131	0.0	0.0	0.0	0.0	0.0	0.0	0.0	0.00858	0.0	0.0	0.0	0.0	0.0	0.0	1.03012	0.24994	0.03444	0.0	0.0	0.0	0.0	0.0	0.0	49.69238	0.0	0.0	0.0	0.0	0.0	0.0	0.98774	0.0	0.0	0.2787	0.0	0.0	0.0	0.0	0.0	0.0	0.0	0.0	0.0	0.0	0.0	0.0	0.0	0.0	0.0	0.0	0.0	0.0	0.0	0.0	0.0	0.0	0.0	0.0	0.0	0.0	0.0	0.07922	0.0	0.0	0.0	0.0	0.0	0.0	0.0	0.0	0.0	0.0	0.0	0.0	0.0	0.0	0.0	0.0	0.0	0.0	0.0	0.0	0.0	0.0	0.0	0.0	0.0	0.39581	0.0038	0.00639	0.0	0.0	0.0	0.0	0.15445	0.0	0.0	0.0	0.00779	0.0	0.05981	0.0	0.0	0.0	2.40935	0.08507	0.0	0.0	0.0	0.0	0.0	0.0	0.0	0.60284	0.0	0.0	0.0	0.0	0.1719	0.12423	0.0	0.0	0.0	0.0	0.0004	0.0	0.0	0.0	0.0	0.0	0.0	0.0	0.00407	0.0	0.08088	0.04737	0.04334	0.0	0.0	0.14772	0.0	0.0	0.0	0.0	0.0	0.06832	0.0	0.0	0.0	0.0	0.13066	0.212	0.0	0.48852	0.0	0.0	0.0	0.0	0.0	0.0	0.0	0.0	0.0	0.19771	0.0	0.0	0.0	0.0	0.0	0.0	0.0	0.0	0.0	0.0	0.0	0.0	0.0	0.0	0.0	0.0	0.0	0.0	0.0	0.0	0.0	0.0	0.0	0.29044	0.0	0.0	0.0	0.07587	0.0	0.0	0.0	0.0	0.0	0.0	0.0	0.0	0.0	0.0	0.0	0.0	0.0	0.0	0.0	0.0	0.0	0.0	0.0	0.0	0.0	0.0	0.0	0.0	0.30023	0.0	0.0	2.12026	0.0	0.0	0.0	0.0	0.0	0.0	0.0	0.0	0.0	0.0	0.0	0.0	0.0	0.0	0.0	0.0	0.0	0.62853	30.13183	0.0	0.0	0.0	0.0	0.0	0.0	0.0	0.0	0.0	0.0	0.0	0.0	0.0	0.0	0.00454	0.0	0.0	0.0	0.0	0.03114	0.0	0.0	0.0	0.0	0.0	0.0	0.0	0.0	0.24119	0.0	0.0	0.58955	0.65864	0.0	0.06068	0.0	0.0	0.0	0.0	0.0	0.00769	0.0	0.0	0.0	0.0	0.0	0.0	0.00697	0.0	0.0	0.0	0.0	0.0	0.0565	0.0	0.0	0.0	0.0	0.0	0.0	0.0	0.56441	2.35358	0.0	0.0	0.0	0.0	0.0	0.21645	0.0	0.0	0.0	0.0	0.0	0.0	0.0	0.0	0.0	0.0
SRR26718160	0.0	0.0	0.0	0.0	0.0	0.0	0.0	0.0	0.0	0.0	0.0	0.02308	0.0	0.22873	0.0	0.0	0.0	0.0	0.0	0.0	0.0	0.0	0.0	0.0	0.0	0.0	0.0	0.0	0.0	0.0	0.0	0.0	0.0	0.0	0.0	0.0	0.0	4.81896	0.0	0.0	0.05438	0.0	0.0	0.14821	0.02747	0.0	0.0	0.0701	0.0	0.0	0.0	0.0	0.0	0.0	0.04548	0.0	0.0	0.0	1.51212	0.0	0.0	0.0	0.0	0.0	0.0	0.0	0.0	0.0	0.0	0.0	0.0	0.0	0.0	0.0	0.0	0.0756	0.0	0.0	0.0	0.0	0.0	0.0	0.0	0.0	0.0	0.0	0.0	0.0	0.0	0.0	0.0	0.0	0.0	0.0	0.0	0.0	0.0	0.0	0.0	0.0	0.0	0.0044	0.0	0.0	0.0	0.0	0.0	0.0	0.0	0.0	0.0	0.0	0.01162	0.01165	0.0	0.0	0.0	0.0	0.44394	0.0	0.0	0.0	0.0	0.0	0.0	0.0	0.0	0.0	0.0	0.0	0.0	0.0	0.02433	0.0	0.0	0.0	0.0	0.0	0.0	0.0	0.0	0.0	0.0	0.0	0.0	0.0	0.0	0.0	0.0	0.0	0.0	0.0	0.0	0.0	0.0	0.0	0.0	0.0	0.0	0.0	0.0	0.0	0.0	0.0	0.0	0.08236	0.0	0.15237	0.0	0.0	0.0	0.0	0.0	0.0	0.0	0.0	0.0	0.0	0.0	0.0	0.0	0.0	0.0	0.0	0.0	0.0	0.0	0.0	0.0	0.0	0.0	0.0	0.0	0.0	0.0	0.0	0.0	0.0	0.0	0.0	0.0	0.0347	0.0	0.0	0.0	0.0	0.0	0.0	0.0	0.0	0.00061	0.0	0.0	0.0	0.0	0.0	0.0	0.0	0.0	0.0	0.0	0.0	0.0	0.0	0.0	0.0	0.0	0.0	0.0	0.0	0.0	0.0	0.0	0.68494	0.0	0.0	0.0	0.0	0.0	0.38406	0.0	0.0	0.0	0.0	0.0	0.66483	0.0	0.0	0.0	0.0	0.0	0.47318	3.84367	0.0	0.0	0.0	0.0	0.0	0.0	83.31111	0.0	0.0	0.0	0.0	0.0	0.0	0.0	0.0	0.0	0.0	0.0	0.0	0.0	0.0	0.0	0.0	0.0	0.0	0.0	0.0	0.0	0.05348	0.0	0.0	1.24458	0.0	0.0	0.0	0.0	0.0	0.0	0.0	0.0	0.0	0.0	0.0	0.0	0.0	0.0	0.0	0.0	0.0	0.0	0.0	0.0	0.0	0.0	0.0	0.0	0.0	0.0	0.0	0.0	0.0	0.0069	1.56314	0.0	0.0	0.0	0.0	0.0	0.0	0.0	0.0	0.0	0.0	0.0	0.0	0.0	0.0	0.0	0.0
SRR26718161	0.0	0.0	0.0	0.0	0.0	0.0	0.0	0.0	0.02259	0.0	0.0	4.01125	0.0	6.13012	0.0	0.0	0.0	0.0	0.0	0.0	0.0	0.00964	0.0	0.0	0.0	0.0	0.0	0.0	0.00711	0.0	0.00747	0.0	0.0	0.0	0.0	0.0	0.0	8.3716	0.0	0.0	0.0	0.0	0.0	0.08159	0.0	0.0	0.0	0.02912	0.0	0.0	0.0	0.0	0.0	0.0	1.00576	0.0	0.0	0.0	0.19242	0.0	0.0	0.0	0.0	0.0	0.0	0.0	0.0	0.0	0.0	0.0	0.0	0.0	0.0	0.0	0.0	0.23633	0.0	0.05682	0.00251	0.0	0.0	0.0	0.0	0.0	0.0	0.0	0.0	0.0	0.0	0.0	0.0	0.14201	0.148	0.0	0.00534	0.0	0.0	0.00369	0.0	0.0	0.0	0.23302	0.0	0.0	0.0	0.0	0.0	0.0	0.0	0.0	0.0	0.0	0.46054	0.03206	0.00303	0.0	0.0	0.01027	2.20071	0.0	0.0	0.0	0.0	0.0	0.0	0.0	0.0	0.11782	0.0	0.0	0.0	0.0	0.02863	0.0	0.0	0.0	0.0	0.0	0.0	0.0	0.0	0.0	0.0	0.00321	0.0	0.0	0.00124	0.0	0.0	0.0	0.05567	0.0	0.0	0.08357	0.0	0.0	0.0	0.0	0.0	0.0	0.0	0.0	0.0	0.0	0.0	1.70575	0.0	0.15841	0.0	0.0	0.0	0.0	0.0	0.0	0.0	0.0	0.0	0.03002	0.0	0.0	0.0	0.0	0.0	0.0	0.0	0.0	0.0	0.0	0.0	0.0	0.0	0.0	0.0	0.0	0.0	0.0	0.0	0.0	0.0	0.0	0.0	0.09275	0.0	0.0	0.0	0.00812	0.0	0.0	0.0	0.0	0.0	0.0	0.0	0.0	0.0	0.0	0.0	0.0	0.0	0.0	0.0	0.0	0.0	0.0	0.0	0.0	0.6133	0.0	0.0	0.0	0.02993	0.0	0.0	2.29081	0.0	0.0	0.0	0.0	0.0	0.71646	0.0	0.0	0.0	0.0	0.0	0.0	0.0	0.0	0.0	0.0	0.0	0.0	19.04124	0.0	0.0	0.0	0.0	0.0	0.0	0.0	0.0	0.0	0.0	0.0	0.0	0.0	0.0	0.0	0.0	0.0	0.0	0.0	0.0	0.0	0.0	0.0	0.0	0.0	0.0	0.0	0.0	1.52196	0.0	0.0	0.07418	0.02989	0.0	0.03285	0.0	0.0	0.0	0.0	38.10727	0.0	0.0	0.0	1.83898	0.0	0.0	0.0	0.00031	0.0	0.0	0.0	0.0	0.0	0.0	0.0	0.0	0.0	0.0	0.0	0.0	0.0	0.0	9.91784	0.0	0.0	0.0	0.0	0.0	0.04843	0.0	0.0	0.0	0.0	0.04837	0.0	0.0	0.0	0.0	0.0
SRR26718162	0.0	0.0	0.0	0.0	0.0	0.0	0.0	0.0	0.10235	0.0	0.0	0.0	0.0	0.0	0.0	0.0	0.0	0.0	0.0	0.0	0.0	0.0	0.0	0.0	0.0	0.01671	0.0	0.0	0.02174	0.0	0.0	0.0	0.0	0.0	0.0	0.0	0.0	55.47	0.0	0.0	0.0	0.0	0.0	1.08451	0.44398	0.0	0.0	0.55929	0.0	0.0	0.0	0.0	0.0	0.0366	0.0	0.0	0.0	0.0	0.0	0.0	0.0	0.0	0.0	0.0	0.0	0.0	0.0	0.0	0.0	0.0	0.0	0.0	0.0	0.0	0.0	0.33362	0.0	0.0	0.0	0.0	0.0	0.0	0.0	0.0	0.0	0.0	0.0	0.0	0.0	0.0	0.0	0.0	0.02457	0.0	0.0	0.0	0.0	0.0	0.0	0.0	0.0	0.0	0.0	0.0	0.0	0.0	0.0	0.0	0.03807	0.0	0.0	0.0	1.45326	0.0	0.0	0.0	0.0	0.0	4.45284	0.0	0.0	0.15812	0.0	0.0	0.0	0.0	0.0	0.1219	0.0	0.0	0.0	0.0	0.44631	0.00573	0.0	0.0	0.0	0.0	0.76765	0.0	0.0	0.0	0.0	0.09143	0.0	0.0	0.0	0.0	0.03252	0.0	0.0	0.0	0.0	0.0	0.0	0.0	0.0	0.0	0.0	0.0	0.0	0.0	0.0	0.0	0.0181	0.0	0.0	1.47464	0.0	0.0	0.0	0.0	0.0	0.03637	0.0	0.0	0.0	0.0	0.0	0.0	0.0	0.0	0.0	0.0	0.0	0.0	0.0	0.0	0.0	0.05375	0.0	0.0	0.0	0.0	0.0	0.0	0.0	0.0	0.0	0.0	0.0	0.30717	0.0	0.01854	0.0	0.0	0.0	0.0	0.0	0.0	0.0	0.0	0.0	0.0	0.0	0.0	0.0	0.0	0.0	0.0	0.0	0.0	0.0	0.0	0.0	0.0	0.0	0.0	0.0	0.0	0.0	0.0	0.0	3.64082	0.0	0.0	0.0	0.0	0.0	2.83388	0.0	0.0	0.0	0.0	0.0	0.0	0.0	0.0	0.0	0.0	0.00017	1.99559	23.18635	0.0	0.0	0.0	0.0	0.0	0.0	0.03141	0.0	0.0	0.0	0.0	0.0	0.0	0.0	0.0	0.0	0.0	0.0	0.0	0.0	0.0	0.0	0.0	0.0	0.0	0.0	0.0	0.0	0.557	0.0	0.0	0.0	0.0	0.0	0.03495	0.0	0.0	0.0	0.0	0.0	0.0	0.0	0.0	0.0	0.0	0.0	0.0	0.04719	0.0	0.0	0.0	0.0	0.0	0.05364	0.0	0.0	0.0	0.0	0.0	0.0	0.0	0.0	0.02015	0.0	0.0	0.0	0.0	0.02908	0.0	0.0	0.0	0.0	0.0	0.0	0.0	0.0	0.0	0.0	0.0
SRR26718163	0.0	0.47054	0.0	0.0	0.0	0.0	0.0	0.0	0.01983	0.0	0.0	1.76748	0.0	0.22556	0.0	0.0	0.0	0.0	0.0	0.0	0.0	0.0	0.0	0.0	0.0	0.0	0.0	0.0	0.52319	0.05441	0.01587	0.0	0.0	0.0	0.0	0.0	0.0	17.70109	0.0	0.0	0.0	0.0	0.0	0.07038	0.26722	0.0	0.0	0.63716	0.0	0.0	0.0	0.0	0.0	0.0	0.0	0.0	0.0	0.0	0.10088	0.0	0.0	0.0	0.0	0.0	0.0	0.0	0.0	0.0	0.0	0.0	0.0	0.0	0.0	0.0	0.0	0.37294	0.0	0.0	0.0	0.0	0.0	0.0	0.0	0.0	0.0	0.0	0.0	0.0	0.0	0.0	0.0	0.01572	0.02815	0.0	0.0	0.0	0.0	0.04526	0.0	0.0	0.0	0.09177	0.0	0.0	0.0	0.0	0.0	0.0	0.21467	0.0	0.0	0.0	0.09903	0.0	0.0	0.0	0.0	0.07664	4.68218	0.0	0.0	0.02334	0.0	0.0	0.0	0.0	0.0	0.23557	0.0	0.0	0.0	0.0	0.25952	0.0	0.0	0.0	0.0	0.0	0.0	0.0	0.0	0.0	0.0	0.06513	0.0	0.0	0.07714	0.0	0.00644	0.0	0.00823	0.0	0.0	0.0	0.0	0.0	0.0	0.0	0.0	0.0	0.0	0.0	0.0	0.0	0.10893	0.42594	0.0	0.72128	0.0	0.0	0.0	0.0	0.0	0.0	0.0	0.0	0.0	0.0	0.0	0.0	0.0	0.0	0.0	0.0	0.0	0.0	0.0	0.0	0.0	0.0	0.0	0.0	0.0	0.0	0.0	0.0	0.0	0.0	0.00249	0.0	0.0	0.36462	0.0	0.04677	0.0	0.04781	0.0	0.00639	0.0	0.0	0.0	0.0	0.0	0.0	0.0	0.0	0.0	0.0	0.0	0.0	0.2197	0.0	0.0	0.0	0.0	0.0	0.0	0.0	0.0	0.0	0.06822	0.0	0.0	5.63019	0.0	0.0	0.0	0.0	0.0	1.49374	0.0	0.0	0.0	0.0	0.0	0.0	0.0	0.0	0.0	0.0	0.0	2.96068	47.24977	0.0	0.0	0.0	0.0	0.0	0.0	0.0	0.0	0.0	0.0	0.0	0.0	0.0	0.0	0.0	0.0	0.0	0.0	0.0	0.0	0.0	0.0	0.0	0.0	0.0	0.0	0.0	0.0	0.4638	0.0	0.0	0.45403	0.0673	0.0	0.0	0.0	0.0	0.0	0.0	0.0	0.0	0.0	0.0	0.01479	0.0	0.0	0.0	0.02454	0.0	0.0	0.0	0.0	0.0	0.00195	0.0	0.0	0.0	0.0	0.0	0.0	0.0	0.19373	11.23696	0.0	0.0	0.0	0.0	0.02365	0.01742	0.0	0.0	0.0	0.0	0.0	0.0	0.0	0.0	0.0	0.0
SRR26718164	0.0	0.0	0.0	0.0	0.0	0.0	0.0	0.0	0.19425	0.0	0.0	0.0	0.0	0.1164	0.0	0.03424	0.18052	0.0	0.0	0.0	0.0	0.00693	0.0	0.0	0.0	0.0	0.0	0.0	0.90829	0.0	0.001	0.0	0.0	0.0	0.0	0.0	0.0	58.21186	0.0	0.0	0.0	0.0	0.0	0.21296	0.0	0.0	0.0	0.30427	0.0	0.0	0.0	0.0	0.0	0.0	0.0	0.0	0.00131	0.0	0.0	0.0	0.0	0.0	0.0	0.0	0.0	0.0	0.0	0.0	0.0	0.0	0.0	0.0	0.0	0.0	0.0	1.07674	0.0	0.0	0.0	0.0	0.0	0.0	0.0	0.0	0.05938	0.0	0.0	0.0	0.0	0.0	0.0	0.0	0.19976	0.0	0.18107	0.0	0.0	0.0	0.0	0.0	0.0	0.0	0.00758	0.0	0.0	0.0	0.0	0.0	0.06855	0.0	0.0	0.0	0.73784	0.18624	0.0	0.0	0.0	0.0	0.81894	0.0	0.0	0.0	0.0	0.0	0.0	0.0	0.0	1.57659	0.0	0.0	0.0	0.0	0.68813	1.20206	0.0	0.0	0.0	0.0	0.93909	0.0	0.0	0.0	0.0	0.01383	0.0	0.0	0.07806	0.0	0.17572	0.0	0.0	0.0	0.0	0.0	0.0	0.0	0.0	0.0	0.0	0.0	0.0	0.0	0.0	0.0	0.25939	14.20803	0.0	0.0	0.0	0.0	0.0	0.0	0.0	0.0	0.0	0.0	0.0	0.0	0.0	0.0	0.0	0.0	0.0	0.0	0.0	0.0	0.0	0.0	0.0	0.0	0.0	0.0	0.0	0.0	0.0	0.0	0.0	0.0	0.0	0.0	0.0	0.27879	0.0	0.0	0.0	0.0	0.0	0.0	0.0	0.0	0.0	0.0	0.0	0.0	0.0	0.0	0.0	0.0	0.0	0.0	0.0	0.0	0.0	0.0	0.0	0.0	0.0	0.0	0.0	0.0	0.0	0.0	0.0	1.71753	0.0	0.0	0.0	0.0	0.0	1.95306	0.0	0.0	0.0	0.0	0.0	0.0	0.0	0.0	0.0	0.0	0.0	0.0	5.76823	0.0	0.0	0.0	0.0	0.0	0.0	0.05226	0.0	0.0	0.0	0.0	0.0	0.0	0.0	0.0	0.0	0.0	0.0	0.0	0.0	0.0	0.0	0.0	0.0	0.0	0.0	0.0	0.0	4.55485	0.00687	0.0	0.32754	0.0	0.0	0.0	0.0	0.0	0.0	0.0	0.0	0.0	0.0	0.0	0.0	0.0	0.0	0.0	0.01804	0.0	0.0	0.0	0.0	0.0	0.04123	0.0	0.0	0.0	0.0	0.0	0.0	0.0	0.0	2.06495	0.0	0.0	0.0	0.0	0.01867	0.0	0.0	0.54893	0.0	0.0	0.0	0.0	0.0	0.0	0.0	0.0
SRR26718165	0.0	0.0	0.0	0.0	0.0	0.0	0.0	0.0	0.01215	0.0	0.0	0.18762	0.0	1.4788	0.0	0.0	0.0	0.0	0.0	0.0	0.0	0.04436	0.0	0.0	0.0	0.0	0.0	0.0	0.01635	0.15539	0.0	0.0	0.0	0.0	0.0	0.0	0.0	28.89208	0.0	0.0	0.0	0.0	0.0	0.01326	0.15801	0.0	0.0	0.28736	0.0	0.0	0.0	0.0	0.0	0.0	0.60575	0.0	0.0	0.0	0.0	0.0	0.0	0.0	0.0	0.0	0.0	0.0	0.0	0.0	0.0	0.0	0.0	0.0	0.0	0.0	0.0	0.43537	0.0	0.0	0.02568	0.0	0.0	0.0	0.0	0.0	0.01003	0.0	0.0	0.0	0.0	0.0	0.0	0.02257	0.0	0.0	0.0	0.0	0.0	0.0	0.0	0.0	0.0	0.03264	0.0	0.0	0.0	0.0	0.0	0.0	0.00385	0.0	0.0	0.0	0.0	0.0	0.0	0.0	0.0	0.00156	0.62213	0.0	0.0	0.0	0.0	0.0	0.0	0.0	0.0	0.23742	0.0	0.0	0.0	0.0	0.00407	1.18122	0.0	0.0	0.0	0.0	0.0	0.0	0.0	0.0	0.0	0.09852	0.0	0.00193	0.01141	0.0	0.0	0.0	0.0	0.0	0.0	0.0	0.0	0.0	0.0	0.0	0.0	0.0	0.0	0.0	0.0	0.0	0.15182	1.04814	0.0	0.34113	0.0	0.0	0.0	0.0	0.0	0.0	0.0	0.0	0.0	0.00694	0.0	0.0	0.0	0.0	0.0	0.0	0.0	0.0	0.0	0.0	0.0	0.0	0.0	0.0	0.0	0.0	0.0	0.0	0.0	0.0	0.0	0.0	0.0	0.00077	0.06681	0.0	0.0	0.0	0.0	0.0	0.0	0.0	0.0	0.0	0.0	0.0	0.0	0.0	0.0	0.0	0.0	0.0	0.0	0.0	0.0	0.0	0.0	0.0	0.0	0.0	0.0	0.0	0.0	0.0	0.0	4.33665	0.0	0.0	0.0	0.90578	0.0	0.0066	0.0	0.0	0.0	0.0	0.0	0.0	0.0	0.0	0.0	0.0	0.0	0.86187	52.21713	0.0	0.0	0.0	0.0	0.0	0.0	0.0	0.0	0.0	0.0	0.0	0.0	0.0	0.0	0.00827	0.0	0.0	0.0	0.0	0.0	0.0	0.0	0.00727	0.0	0.0	0.0	0.0	0.0	0.08848	0.0	0.0	0.0	0.01378	0.0	0.0	0.0	0.0	0.0	0.0	0.0	0.0	0.0	0.0	0.45118	0.0	0.0	0.0	0.0	0.0	1.62208	0.0	0.0	0.0	0.0	0.0	0.0	0.0	0.0	0.0	0.0	0.0	0.0344	0.59495	0.0	0.0	0.0	0.0	0.04643	0.00032	0.0	2.6497	0.0	0.0	0.0	0.0	0.0	0.0	0.0	0.0
SRR26718166	0.0	0.0	0.0	0.0	0.0	0.0	0.0	0.0	0.13255	0.0	0.0	0.0	0.0	1.26769	0.0	0.0	0.0	0.0	0.0	0.03884	0.0	0.33265	0.0	0.0	0.0	0.0	0.0	0.0	0.0	0.21691	0.0	0.0	0.0	0.0	0.0	0.0	0.0	70.26477	0.0	0.0	0.0	0.0	0.0	0.2373	0.82161	0.0	0.0	0.26372	0.0	0.0	0.0	0.0	0.0	0.0	0.94364	0.0	0.0	0.0	0.0107	0.0	0.0	0.0	0.0	0.0	0.0	0.0	0.0	0.0	0.0	0.0	0.0	0.0	0.0	0.0	0.0	0.09247	0.0	0.0	0.0	0.0	0.0	0.0	0.0	0.0	0.0	0.0	0.0	0.0	0.0	0.0	0.0	0.0	0.0	0.0	0.0	0.0	0.0	0.0	0.0	0.0	0.0	0.13798	0.0	0.19383	0.0	0.0	0.0	0.0	0.02428	0.0	0.0	0.0	0.21126	0.01973	0.0	0.0	0.0	0.30479	0.15144	0.0	0.0	0.0	0.0	0.0	0.01416	0.0	0.0	0.4941	0.0	0.0	0.0	0.0	2.27442	0.218	0.0	0.0	0.0	0.0	0.0	0.0	0.0	0.0	0.0	0.0	0.0	0.0	0.02446	0.0	0.02457	0.01961	0.02388	0.0	0.0	0.0	0.0	0.0	0.0	0.0	0.0	0.0	0.0	0.0	0.0	0.0	0.17922	0.25909	0.0	1.90919	0.0	0.0	0.0	0.0	0.0	0.0	0.0	0.0	0.0	0.0	0.0	0.04125	0.0	0.0	0.0	0.0	0.0	0.0	0.0	0.0	0.0	0.0	0.0	0.01219	0.0	0.0	0.0	0.0	0.0	0.0	0.0	0.0	0.0	0.44817	0.0	0.0	0.0	0.12719	0.0	0.0	0.0	0.0	0.0	0.0	0.0	0.0	0.0	0.0	0.0	0.0	0.0	0.0	0.0	0.0	0.0	0.0	0.0	0.0	0.0	0.0	0.0	0.0	0.00887	0.0	0.0	10.07531	0.0	0.0	0.0	0.0	0.0	0.09798	0.0	0.0	0.0	0.0	0.0	0.0	0.0	0.0	0.0	0.0	0.0	2.86768	0.0	0.0	0.0	0.0	0.0	0.0	0.01139	0.03963	0.0	0.0	0.0	0.0	0.0	0.0	0.0	0.0	0.0	0.0	0.0	0.0	0.0	0.0	0.0	0.0	0.0	0.0	0.0	0.0	0.0	0.62137	0.0	0.0	0.18543	0.14434	0.0	0.0	0.0	0.0	0.0	0.0	0.0	0.0	0.0	0.0	0.0	0.0	0.0	0.0	0.0	0.0	0.72397	0.0	0.0	0.0	0.0	0.0	0.0	0.0	0.0	0.0	0.0	0.0	0.97522	2.51317	0.0	0.0	0.0	0.0	0.0	0.0	0.0	0.0	0.0	0.0	0.0	0.0	0.0	0.0	0.0	0.0
SRR26718167	0.0	0.0	0.0	0.0	0.0	0.0	0.0	0.0	0.0	0.0	0.0	0.0	0.0	12.41769	0.0	0.0	0.0	0.0	0.0	0.0	0.0	0.0	0.0	0.0	0.0	0.0	0.0	0.0	0.03684	0.02136	0.0	0.0	0.0	0.0	0.0	0.0	0.0	15.67116	0.0	0.0	0.0	0.0	0.0	0.04676	0.18605	0.0	0.0	0.11836	0.0	0.0	0.0	0.0	0.0	0.0	0.0	0.0	0.0	0.0	0.01254	0.0	0.0	0.0	0.0	0.0	0.0	0.0	0.0	0.0	0.0	0.0	0.0	0.0	0.0	0.0	0.0	0.44744	0.0	0.0	0.0	0.0	0.0	0.0	0.0	0.0	0.01269	0.0	0.0	0.0	0.0	0.0	0.0	0.0	0.0	0.0	0.0	0.0	0.0	0.05036	0.0	0.0	0.0	0.0	0.0	0.0	0.0	0.0	0.0	0.0	0.11593	0.0	0.0	0.0	0.07002	0.02825	0.0	0.0	0.0	0.0	0.26561	0.0	0.0	0.0	0.0	0.0	0.0	0.0	0.0	0.00851	0.0	0.0	0.0	0.0	0.00086	0.0	0.0	0.0	0.0	0.0	0.10393	0.0	0.0	0.0	0.0	0.20118	0.0	0.0	0.0	0.0	0.0	0.0	0.03277	0.0	0.0	0.0	0.0	0.0	0.0	0.0	0.0	0.0	0.0	0.0	0.0	0.0	0.0	0.88974	0.0	0.22893	0.0	0.0	0.0	0.0	0.0	0.0	0.0	0.0	0.0	0.0	0.0	0.0	0.0	0.0	0.0	0.0	0.0	0.0	0.0	0.0	0.0	0.0	0.0	0.0	0.0	0.0	0.0	0.0	0.0	0.0	0.0	0.0	0.0	0.01795	0.01592	0.0	0.0	0.0	0.0	0.0	0.0	0.0	0.0	0.0	0.0	0.0	0.0	0.0	0.0	0.0	0.0	0.0	0.0	0.0	0.0	0.0	0.0	0.0	0.0	0.0	0.0	0.0	0.57958	0.0	0.0	3.6358	0.0	0.0	0.0	0.0	0.0	0.04344	0.0	0.0	0.0	0.0	0.0	0.0	0.0	0.0	0.0	0.0	0.0	0.0	6.61525	0.0	0.0	0.0	0.0	0.0	0.0	0.0	0.0	0.0	0.0	0.0	0.0	0.0	0.0	0.0	0.0	0.0	0.0	0.0	0.0	0.0	0.0	0.0	0.0	0.0	0.0	0.0	0.0	0.83252	0.0	0.0	1.67975	0.0	0.0	0.0	0.0	0.0	0.0	0.0	36.37236	0.0	0.0	0.0	2.17371	0.0	0.0	0.0	0.07025	0.0	3.4334	0.00502	0.0	0.0	0.0	0.0	0.0	0.0	0.0	0.0	0.0	0.0	0.0	13.30553	0.0	0.0	0.0	0.0	0.0	0.0	0.0	0.10953	0.0	0.0	0.12955	0.0	0.0	0.0	0.0	0.0
SRR26718168	0.0	0.00891	0.0	0.0	0.0	0.0	0.0	0.0	0.26224	0.0	0.0	0.0	0.0	0.0	0.0	0.0	0.0	0.0	0.0	0.0	0.0	0.0	0.0	0.0	0.0	0.0	0.0	0.0	0.00715	0.0	0.0	0.0	0.0	0.0	0.0	0.0	0.0	84.20612	0.0	0.0	0.0	0.0	0.0	1.08865	0.0	0.0	0.0	0.00319	0.0	0.0	0.0	0.0	0.0	0.0	0.0	0.0	0.0	0.0	0.0	0.0	0.0	0.0	0.0	0.0	0.0	0.0	0.0	0.0	0.0	0.0	0.0	0.0	0.0	0.0	0.0	0.01008	0.0	0.0	0.0	0.0	0.0	0.0	0.00103	0.0	0.0	0.0	0.0	0.0	0.0	0.0	0.0	0.0	0.05715	0.0	0.0	0.0	0.0	0.14483	0.0	0.0	0.0	0.0	0.00575	0.0	0.0	0.0	0.0	0.09088	0.02808	0.0	0.0	0.0	0.05399	0.01742	0.0	0.0	0.0	0.0	2.65849	0.0	0.0	0.00181	0.0	0.0	0.0	0.0	0.0	2.9974	0.0	0.0	0.0	0.0	0.21607	0.56672	0.0	0.0	0.0	0.0	0.0	0.0	0.0	0.0	0.0	0.00624	0.0	0.0	0.0	0.0	0.3429	0.0	0.0	0.0	0.0	0.0	0.0	0.0	0.0	0.0	0.0	0.16974	0.0	0.0	0.0	0.0	0.0	0.66525	0.0	0.0	0.0	0.0	0.0	0.0	0.0	0.0082	0.0	0.0	0.0	0.0	0.0	0.0	0.0	0.0	0.0	0.0	0.0	0.0	0.0	0.0	0.0	0.0	0.0	0.0	0.0	0.0	0.0	0.0	0.0	0.0	0.01077	0.0	0.0	0.16035	0.0	0.0	0.0	0.0	0.0	0.0	0.0	0.0	0.0	0.0	0.0	0.0	0.0	0.0	0.0	0.0	0.0	0.0	0.0	0.0	0.0	0.0	0.0	0.0	0.0	0.0	0.0	0.0	0.0	0.0	0.0	0.49409	0.0	0.0	0.0	0.0	0.0	0.0	0.0	0.0	0.0	0.0	0.0	0.0	0.0	0.0	0.0	0.0	0.0	0.0	0.004	0.0	0.0	0.0	0.0	0.0	0.0	0.45169	0.0	0.0	0.00111	0.0	0.0	0.0	0.0	0.0	0.0	0.0	0.0	0.0	0.0	0.0	0.0	0.0	0.0	0.0	0.0	0.0	0.0	1.22213	0.0	0.0	0.81185	0.0	0.0	0.0	0.0	0.0	0.0	0.0	0.0	0.00628	0.0	0.0	0.0	0.0	0.0	0.0	0.02223	0.0	0.0	0.0	0.0	0.0	0.03332	0.0	0.0	0.0	0.0	0.0	0.0	0.0	0.00108	2.58688	0.0	0.0	0.0	0.0	0.57593	0.0	0.0	0.0	0.0	0.0	0.0	0.0	0.0	0.0	0.0	0.0
SRR26718169	0.0	0.0	0.0	0.0	0.0	0.0	0.0	0.0	0.0102	0.0	0.0	0.94327	0.0	0.0	0.0	0.0	0.0	0.0	0.0	0.0	0.0	0.05326	0.0	0.0	0.0	0.0	0.0	0.0	0.2196	0.03692	0.00328	0.0	0.0	0.0	0.0	0.0	0.0	37.8271	0.0	0.0	0.0	0.0	0.0	0.8788	0.0	0.0	0.0	0.15804	0.0	0.0	0.0	0.0	0.0	0.0	0.0	0.0	0.0	0.0	0.59551	0.0	0.0	0.0	0.0	0.0	0.0	0.0	0.0	0.0	0.0	0.0	0.0	0.0	0.0	0.0	0.0	0.24037	0.0	0.0	0.03144	0.0	0.0	0.0	0.0	0.0	0.13117	0.0	0.0	0.0	0.0	0.0	0.0	0.17052	1.44789	0.0	0.0	0.0	0.0	0.0	0.0	0.0	0.0	0.18266	0.0	0.0	0.0	0.0	0.0	0.0	0.00346	0.0	0.0	0.0	0.0	0.83258	0.0	0.0	0.0	0.02181	2.39315	0.25297	0.0	0.0	0.0	0.0	0.0	0.0	0.0	0.12534	0.0	0.0	0.0	0.0	0.1754	0.0	0.0	0.0	0.0	0.0	0.25155	0.0	0.0	0.0	0.0	0.0	0.0	0.0	0.08591	0.0	0.04829	0.0	0.00377	0.0	0.0	0.005	0.0	0.0	0.62099	0.0	0.0	0.0	0.0	0.0	0.0	0.0	0.08043	0.73791	0.0	1.11303	0.0	0.0	0.0	0.0	0.0	0.0	0.0	0.0	0.0	0.0	0.0	0.0	0.0	0.0	0.0	0.0	0.0	0.0	0.0	0.0	0.0	0.0	0.0	0.0	0.0	0.0	0.0	0.0	0.0	0.0	0.0	0.0	0.0	0.0568	0.0	0.0	0.0	0.0	0.0	0.0	0.0	0.0	0.0	0.0	0.0	0.0	0.0	0.0	0.0	0.0	0.0	0.0	0.0	0.0	0.0	0.0	0.0	0.0	0.0	0.0	0.0	0.0	0.15361	0.0	0.0	0.0	0.0	0.0	0.0	0.0	0.0	3.5533	0.0	0.0	0.0	0.0	0.0	0.0	0.0	0.0	0.0	0.0	0.0	0.0	31.41876	0.0	0.0	0.0	0.0	0.0	0.0	0.0	0.0	0.0	0.0	0.0	0.0	0.0	0.0	0.00371	0.0	0.0	0.0	0.0	0.0	0.0	0.0	0.0	0.0	0.0	0.0	0.0	0.0	2.8361	0.0	0.0	3.79657	0.0029	0.0	0.0	0.0	0.0	0.0	0.0	0.00555	0.02723	0.0	0.0	0.06678	0.0	0.0	0.0	0.02319	0.0	0.0	0.0	0.0	0.0	0.0	0.0	0.0	0.0	0.0	0.0	0.0	0.0	0.0	8.09941	0.0	0.0	0.0	0.0	0.01715	0.08409	0.0	0.05222	0.0	0.0	0.121	0.0	0.0	0.0	0.0	0.0
SRR26718170	0.0	0.0	0.0	0.0	0.0	0.0	0.0	0.0	0.04076	0.0	0.0	0.45146	0.0	0.0	0.0	0.0	0.0	0.0	0.0	0.0	0.0	0.10028	0.0	0.0	0.0	0.0	0.0	0.0	0.0	0.00016	0.02028	0.0	0.0	0.0	0.0	0.0	0.0	40.65023	0.0	0.0	0.0	0.0	0.0	1.23939	0.45206	0.0	0.0	0.21364	0.0	0.0	0.0	0.0	0.0	0.0	0.0	0.0	0.00197	0.0	1.20529	0.0	0.0	0.0	0.0	0.0	0.0	0.0	0.0	0.0	0.0	0.0	0.0	0.0	0.0	0.0	0.0	0.16569	0.0	0.0	0.0	0.0	0.0	0.0	0.0	0.0	0.0	0.0	0.0	0.0	0.0	0.0	0.0	0.0	0.00064	0.0	0.0	0.0	0.0	0.03807	0.0	0.0	0.0	0.35716	0.0	0.0	0.0	0.0	0.0	0.0	0.24589	0.0	0.0	0.0	0.0	0.02585	0.0	0.0	0.0	0.0	2.0357	0.00105	0.0	0.0	0.0	0.0	0.0	0.0	0.0	0.46917	0.0	0.0	0.0	0.0	0.21532	0.0	0.0	0.0	0.0	0.0	0.0	0.0	0.0	0.0	0.0	0.02595	0.0	0.0	0.0	0.0	0.03637	0.0	0.13321	0.0	0.0	0.00674	0.0	0.0	0.0	0.0	0.0	0.0	0.0	0.0	0.0	0.0	0.03488	0.42376	0.0	1.31311	0.0	0.0	0.0	0.0	0.0	0.0	0.0	0.0	0.0	0.00248	0.0	0.0	0.0	0.0	0.0	0.0	0.0	0.0	0.0	0.0	0.03594	0.0	0.0	0.0	0.0	0.0	0.0	0.0	0.0	0.0	0.0	0.0	0.0	0.43271	0.0	0.0	0.0	0.03063	0.0	0.0	0.0	0.0	0.0	0.0	0.0	0.0	0.0	0.0	0.0	0.0	0.0	0.0	0.0	0.0	0.0	0.0	0.0	0.0	0.0	0.0	0.0	0.0	0.0	0.0	0.0	4.80276	0.0	0.0	0.0	0.0	0.0	0.0	0.0	0.0	0.0	0.0	0.0	0.0	0.0	0.0	0.0	0.0	0.0	0.55095	38.10592	0.0	0.0	0.0	0.0	0.0	0.0	0.0	0.0	0.0	0.0	0.0	0.0	0.0	0.0	0.0	0.0	0.0	0.0	0.0	0.0	0.0	0.0	0.0	0.0	0.0	0.0	0.0	0.0	3.98468	0.0	0.0	1.11626	0.01841	0.0	0.0	0.0	0.0	0.0	0.0	0.0	0.0	0.0	0.0	0.0	0.0	0.0	0.0	0.08193	0.0	0.0	0.0	0.0	0.0	0.02569	0.0	0.0	0.0	0.0	0.0	0.0	0.0	0.04651	0.85352	0.0	0.0	0.0	0.0	0.00339	0.0	0.0	0.00415	0.0	0.0	0.0	0.0	0.0	0.0	0.0	0.0
SRR26718171	0.0	0.0	0.0	0.0	0.0	0.0	0.0	0.0	0.0	0.0	0.0	0.22621	0.0	0.52835	0.0	0.0	0.0	0.0	0.0	0.0	0.0	0.05648	0.0	0.0	0.0	0.0	0.0	0.0	0.17897	0.03075	0.0	0.0	0.00108	0.0	0.0	0.0	0.0	59.72358	0.0	0.0	0.0	0.0	0.0	0.13174	0.04712	0.0	0.0	0.9105	0.0	0.0	0.0	0.0	0.0	0.0	0.0	0.0	0.0	0.0	0.0	0.0	0.0	0.0	0.0	0.0	0.0	0.0	0.0	0.0	0.0	0.0	0.0	0.0	0.0	0.0	0.0	0.65758	0.0	0.0	0.0	0.0	0.0	0.0	0.0	0.0	0.0	0.0	0.14357	0.0	0.0	0.0	0.0	0.0	0.14823	0.0	0.0	0.0	0.0	0.0	0.0	0.0	0.0	0.08222	0.0	0.0402	0.0	0.0	0.0	0.0	0.01322	0.0	0.0	0.0	1.20214	0.07393	0.0	0.0	0.0	0.149	0.70171	0.0	0.0	0.0	0.0	0.0	0.0	0.0	0.0	0.02188	0.0	0.0	0.0	0.0	0.0408	0.34522	0.0	0.0	0.0	0.0	0.10588	0.0	0.0	0.0	0.0	0.06612	0.0	0.0	0.03836	0.0	0.02572	0.0	0.02199	0.0	0.02109	0.0	0.0	0.0	0.28818	0.0	0.0	0.0	0.0	0.0	0.0	0.0	0.10135	2.64529	0.0	0.0	0.0	0.0	0.0	0.0	0.0	0.0	0.0	0.0	0.0	0.0	0.0	0.0	0.0	0.0	0.0	0.0	0.0	0.0	0.0	0.0	0.0	0.01494	0.0	0.0	0.0	0.0	0.0	0.0	0.0	0.0	0.0	0.0	0.0	0.09357	0.0	0.0	0.0	0.0	0.0	0.0	0.0	0.0	0.0	0.0	0.0	0.0	0.0	0.0	0.0	0.0	0.0	0.0	0.0	0.0	0.0	0.0	0.0	0.0	0.0	0.0	0.0	0.0	0.0171	0.0	0.0	7.76005	0.0	0.0	0.0	0.0	0.0	0.0	0.0	0.0	0.0	0.0	0.0	0.0	0.0	0.0	0.0	0.0	0.0	0.0	0.0	0.0	0.0	0.0	0.0	0.0	0.0	0.793	0.0	0.0	0.0	0.0	0.0	0.0	0.0	0.00662	0.0	0.0	0.0	0.0	0.0	0.0	0.0	0.0	0.0	0.0	0.0	0.0	0.0	4.06725	0.0	0.0	1.55503	0.0	0.0	0.0	0.0	0.0	0.0	0.0	0.0	0.03168	0.0	0.0	0.0	0.0	0.0	0.0	0.10846	0.0	1.39395	0.0	0.0	0.0	0.02195	0.0	0.0	0.0	0.0	0.0	0.0	0.0	0.31192	14.39567	0.0	0.0	0.0	0.0	0.03565	0.0	0.0	0.62469	0.0	0.0	0.0	0.0	0.0	0.0	0.0	0.0
SRR26718172	0.0	0.0	0.0	0.0	0.0	0.0	0.0	0.0	0.0023	0.0	0.0	0.0	0.0	7.16752	0.0	0.0	0.0	0.0	0.0	0.0	0.0	0.00436	0.0	0.0	0.0	0.0	0.0	0.0	0.07713	0.07263	0.03236	0.0	0.0	0.0	0.0	0.0	0.0	24.33165	0.0	0.0	0.0	0.0	0.0	0.0	0.0	0.00809	0.0	0.17208	0.0	0.0	0.0	0.0	0.0	0.0	0.0	0.0	0.0	0.0	0.0	0.0	0.0	0.0	0.0	0.0	0.0	0.0	0.0	0.0	0.0	0.0	0.0	0.0	0.0	0.0	0.0	0.56838	0.0	0.0	0.0	0.0	0.0	0.0	0.0	0.0	0.12562	0.0	0.0	0.0	0.0	0.0	0.0	0.0	0.0	0.0	0.0918	0.0	0.0	0.05563	0.0	0.0	0.0	0.33353	0.00601	0.0	0.0	0.0	0.0	0.03868	0.12736	0.0	0.0	0.0	0.0	0.00988	0.0	0.0	0.0	0.0	21.45049	0.0	0.0	0.0	0.0	0.0	0.0	0.0	0.0	0.16641	0.0	0.0	0.0	0.0	0.17802	0.0	0.0	0.0	0.0	0.0	1.20331	0.0	0.0	0.0	0.0	0.07148	0.0	0.0	0.0	0.0	0.07048	0.0	0.0	0.0	0.0	0.01928	0.0	0.0	0.0	0.0	0.0	0.0	0.0	0.0	0.0	0.0	0.1034	0.07724	0.0	0.85621	0.0	0.0	0.0	0.0	0.0	0.0	0.0	0.0	0.0	0.05173	0.0	0.0	0.0	0.0	0.0	0.0	0.0	0.0	0.0	0.0	0.0	0.00742	0.0	0.0	0.0	0.0	0.0	0.0	0.0	0.0	0.0	0.0	0.0	0.21934	0.0	0.0	0.0	0.00599	0.0	0.0	0.0	0.0	0.0	0.0	0.0	0.0	0.0	0.0	0.0	0.0	0.0	0.0	0.0	0.0	0.0	0.0	0.0	0.0	0.0	0.02742	0.0	0.0	0.04567	0.0	0.0	5.08812	0.0	0.0	0.0	0.0	0.0	0.0	0.0	0.0	0.0	0.0	0.0	0.0	0.0	0.0	0.0	0.0	0.0	1.59695	29.72187	0.0	0.0	0.0	0.0	0.0	0.0	0.00397	0.0	0.0	0.0	0.0	0.0	0.0	0.0	0.0	0.0	0.0	0.0	0.0	0.0	0.0	0.0	0.0	0.0	0.0	0.0	0.0	0.0	3.75978	0.0	0.0	0.0	0.11043	0.0	0.04335	0.0	0.0	0.0	0.0	0.0	0.0	0.0	0.0	0.0	0.0	0.0	0.0	0.02454	0.0	0.0	0.0	0.0	0.0	0.03873	0.0	0.0	0.0	0.0	0.0	0.0	0.0	0.02388	1.64427	0.0	0.0	0.0	0.0	0.00677	0.07584	0.0	0.06938	0.01322	0.0	0.0	0.0	0.0	0.0	0.0	0.0
SRR26718173	0.0	0.0	0.0	0.0	0.0	0.0	0.0	0.0	0.00391	0.00562	0.0	0.00741	0.0	2.42263	0.0	0.0	0.0	0.0	0.0	0.0	0.0	0.0	0.0	0.0	0.0	0.0	0.0	0.0	0.02299	0.01087	0.0	0.0	0.0	0.0	0.0	0.0	0.0	20.02014	0.0	0.0	0.82894	0.0	0.0	0.00573	0.09444	0.0	0.0	0.04754	0.0	0.0	0.0	0.0	0.0	0.0	0.03705	0.0	0.0	0.0	0.05099	0.0	0.0	0.0	0.0	0.0	0.0	0.0	0.0	0.0	0.0	0.0	0.0	0.0	0.00926	0.0	0.0	0.77415	0.0	0.00308	0.0	0.0	0.0	0.0	0.0	0.0	0.01848	0.0	0.0	0.0	0.0	0.0	0.0	0.0	0.0	0.0	0.0	0.0	0.0	0.00389	0.0	0.0	0.0	0.00638	0.0	0.0	0.0	0.0	0.0	1.76931	0.05403	0.0	0.0	0.0	3.53837	0.00702	0.0	0.0	0.0	0.07027	0.40334	0.0	0.0	0.0	0.0	0.0	0.0	0.0	0.0	0.00915	0.0	0.0	0.0	0.0	0.07702	2.04719	0.0	0.0	0.0	0.0	0.09718	0.0	0.0	0.0	0.0	0.68598	0.0	0.0	0.0	0.0	0.0	0.0	0.00096	0.0	0.0	0.0	0.0	0.0	0.0	0.0	0.0	4.0113	0.0	0.0	0.0	0.0	0.0	2.24082	0.0	0.35139	0.0	0.0	0.0	0.0	0.0	0.0	0.0	0.0	0.0	0.0	0.10429	0.0	0.0	0.0	0.0	0.0	0.0	0.0	0.0	0.0	0.0	0.0	0.0	0.0	0.0	0.0	0.0	0.0	0.0	0.0	0.0	0.0	0.0	0.05812	0.0	0.0	0.0	0.00015	0.0	0.0	0.0	0.0	0.0	0.0	0.0	0.0	0.0	0.0	0.0	0.0	0.0	0.0	0.0	0.0	0.0	0.0	0.0	0.0	0.87513	0.0162	0.0	0.0	0.03837	0.0	0.0	3.16343	0.0	0.0	0.0	0.0	0.0	0.39449	0.0	0.0	0.0	0.0	0.0	0.0	0.0	0.0	0.0	0.0	0.0	0.78784	46.25934	0.0	0.0	0.0	0.0	0.0	0.0	0.0	0.0	0.0	0.0	0.0	0.0	0.0	0.0	0.0	0.0	0.0	0.0	0.0	0.0	0.0	0.0	0.0	0.0	0.0	0.0	0.0	0.0	2.19703	0.0	0.0	2.13696	0.00486	0.0	0.0239	0.0	0.0	0.0	0.0	0.0	0.0	0.0	0.0	0.01066	0.0	0.0	0.0	0.10401	0.0	0.0	0.0	0.0	0.0	0.0	0.0	0.0	0.0	0.0	0.0	0.1186	0.0	0.01206	3.57216	0.0	0.0	0.0	0.0	0.05552	0.0	0.0	0.33007	0.0	0.0	0.0	0.0	0.0	0.0	0.0	0.0
SRR26718174	0.0	0.0	0.0	0.0	0.0	0.0	0.0	0.0	0.0	0.0	0.0	0.16092	0.0	4.64031	0.0	0.0	0.0	0.0	0.0	0.0	0.0	0.00277	0.0	0.0	0.0	0.0	0.0	0.0	0.16427	0.0	0.0	0.0	0.0	0.0	0.0	0.0	0.0	25.85461	0.0	0.0	0.0	0.0	0.0	0.35594	0.05505	0.0	0.0	0.27153	0.0	0.0	0.0	0.0	0.0	0.0	0.87252	0.0	0.0	0.0	0.19893	0.0	0.0	0.0	0.0	0.0	0.0	0.0	0.0	0.0	0.0	0.0	0.0	0.0	0.0	0.0	0.0	0.32718	0.0	0.0	0.0	0.0	0.0	0.0	0.0	0.0	0.0	0.0	0.0	0.0	0.0	0.0	0.0	0.0	0.00283	0.0	0.0	0.0	0.0	0.02024	0.0	0.0	0.0	0.03598	0.0	0.0	0.0	0.0	0.0	0.0	0.0	0.0	0.0	0.0	0.0	0.06444	0.0	0.0	0.0	0.04095	0.19996	0.0	0.0	0.0	0.0	0.0	0.0	0.0	0.0	0.0	0.0	0.0	0.0	0.0	0.15435	0.15904	0.0	0.0	0.0	0.0	0.0	0.0	0.0	0.0	0.0	0.0	0.0	0.0	0.0	0.0	0.0	0.0	0.0	0.0	0.0	0.0	0.0	0.0	0.0	0.0	0.0	0.0	0.0	0.0	0.0	0.0	0.0	2.24911	0.0	0.30098	0.0	0.0	0.0	0.0	0.0	0.0	0.0	0.0	0.0	0.0	0.0	0.0	0.0	0.0	0.0	0.0	0.0	0.0	0.0	0.0	0.0	0.0	0.0	0.0	0.0	0.0	0.0	0.0	0.0	0.0	0.0	0.0	0.0	0.0	0.01861	0.0	0.0	0.0	0.0	0.0	0.0	0.0	0.0	0.0	0.0	0.0	0.0	0.0	0.0	0.0	0.0	0.0	0.0	0.0	0.0	0.0	0.0	0.0	0.0	0.0	0.0	0.0	0.0	0.0	0.0	9.08164	0.0	0.0	0.0	0.0	0.0	0.07264	0.0	0.0	0.0	0.0	0.0	0.0	0.0	0.0	0.0	0.0	0.0	0.09819	41.9154	0.0	0.0	0.0	0.0	0.0	0.0	0.0	0.0	0.0	0.0	0.0	0.0	0.0	0.0	0.0	0.0	0.0	0.0	0.0	0.0	0.0	0.0	0.0	0.0	0.0	0.0	0.0	0.0	1.30919	0.0	0.0	3.03776	0.00637	0.0	0.10408	0.0	0.0	0.0	0.0	0.0	0.0	0.0	0.0	0.0	0.0	0.0	0.0	0.07292	0.0	0.49114	0.0	0.0	0.0	0.0	0.0	0.0	0.0	0.0	0.0	0.0	0.0	0.0	7.613700000000001	0.0	0.0	0.0	0.0	0.0	0.00538	0.0	0.04108	0.0	0.0	0.0	0.0	0.0	0.0	0.0	0.0
SRR26718175	0.0	0.0	0.0	0.0	0.0	0.0	0.0	0.0	0.0	0.0	0.0	0.0	0.0	0.0	0.0	0.0	0.0	0.0	0.0	0.0	0.0	0.0	0.0	0.0	0.0	0.0	0.0	0.0	0.0	0.033	0.10241	0.0	0.0	0.0	0.0	0.0	0.0	23.30215	0.0	0.0	0.0	0.0	0.0	0.03887	0.16082	0.0	0.0	0.08119	0.0	0.0	0.0	0.0	0.0	0.00613	0.0	0.0	0.0	0.0	0.0	0.0	0.0	0.0	0.0	0.0	0.0	0.0	0.0	0.0	0.0	0.0	0.0	0.0	0.0	0.0	0.0	0.58173	0.0	0.0	0.0	0.0	0.0	0.0	0.0	0.0	0.0	0.0	0.0	0.0	0.0	0.0	0.0	0.0	0.0	0.0	0.10229	0.0	0.0	0.0	0.0	0.0	0.0	0.04441	0.0	0.0	0.0	0.0	0.0	0.0	0.43501	0.0	0.0	0.0	0.37132	0.0	0.0	0.0	0.0	0.0	1.38653	0.0	0.0	0.0	0.0	0.0	0.0	0.0	0.0	0.07552	0.0	0.0	0.0	0.0	0.28395	0.41531	0.0	0.0	0.0	0.0	0.0	0.0	0.0	0.0	0.0	0.01298	0.0	0.0	0.0	0.0	0.9274	0.0	0.0	0.0	0.0084	0.02053	0.0	0.0	0.0	0.0	0.0	0.0	0.0	0.0	0.0	0.0	0.77941	7.6207	0.0	0.0	0.0	0.0	0.0	0.0	0.0	0.0	0.0	0.0	0.0	0.0	0.0	0.0	0.0	0.0	0.0	0.0	0.00044	0.0	0.0	0.0	0.0	0.0	0.0	0.0	0.0	0.0	0.0	0.0	0.0	0.0	0.05007	0.0	0.0	0.39199	0.0	0.0	0.0	0.0	0.0	0.0	0.0	0.0	0.0	0.0	0.0	0.0	0.0	0.0	0.0	0.0	0.0	0.0	0.0	0.0	0.0	0.0	0.0	0.0	0.0	0.0	0.0	0.0	0.0	0.0	0.0	0.0	0.0	0.0	0.0	0.0	0.0	0.0	0.0	0.0	0.0	0.0	0.0	0.0	0.0	0.0	0.0	0.0	0.0	1.33463	57.79038	0.0	0.0	0.0	0.0	0.0	0.0	0.00222	0.0	0.0	0.0	0.0	0.0	0.0	0.0	0.0	0.0	0.0	0.0	0.0	0.0	0.0	0.0	0.0	0.0	0.0	0.0	0.0	0.0	0.7881	0.0	0.0	1.18072	0.09433	0.0	0.05126	0.0	0.0	0.0	0.0	0.0	0.02666	0.0	0.0	0.0	0.0	0.0	0.0	0.05819	0.0	0.0	0.0	0.0	0.0	0.11746	0.0	0.0	0.0	0.0	0.0	0.0	0.0	0.1406	0.2854899999999999	0.0	0.0	0.0	0.0	0.89742	0.0	0.0	0.0	0.0	0.0	0.0	0.0	0.0	0.0	0.0	0.0
SRR26718176	0.0	0.0	0.0	0.0	0.0	0.0	0.0	0.0	0.08431	0.0	0.0	0.0	0.0	0.0	0.0	0.0	0.0	0.0	0.0	0.0	0.0	0.0	0.0	0.0	0.0	0.0	0.0	0.0	0.0	0.0	0.0	0.0	0.0	0.0	0.0	0.0	0.0	80.43976	0.0	0.0	0.0	0.0	0.0	0.0	0.1959	0.0	0.0	0.69727	0.0	0.0	0.0	0.0	0.0	0.0	0.0	0.0	0.0	0.0	0.0	0.0	0.0	0.0	0.0	0.0	0.0	0.0	0.0	0.0	0.0	0.0	0.0	0.0	0.39471	0.0	0.0	0.6049	0.0	0.0	0.0	0.0	0.0	0.0	0.0	0.0	0.0	0.0	0.0	0.0	0.0	0.0	0.0	0.0	0.47668	0.0	0.0	0.0	0.0	0.0	0.0	0.0	0.0	0.32129	0.0	0.0	0.0	0.0	0.0	0.0	0.03284	0.0	0.0	0.0	0.29473	0.05994	0.0	0.0	0.0	0.0	0.10391	0.0	0.0	0.0	0.0	0.0	0.0	0.0	0.0	0.36337	0.0	0.0	0.0	0.0	1.70107	0.00454	0.0	0.0	0.0	0.0	0.04708	0.0	0.0	0.0	0.0	0.0	0.0	0.0	0.0	0.0	0.01533	0.0	0.0	0.0	0.0	0.0	0.0	0.0	0.0	0.0	0.0	0.16543	0.0	0.0	0.0	0.0	0.21912	0.66776	0.0	1.35431	0.0	0.0	0.0	0.0	0.0	0.0	0.0	0.0	0.0	0.0	0.0	0.0	0.0	0.0	0.0	0.0	0.0	0.0	0.0	0.0	0.0	0.0	0.0	0.0	0.0	0.0	0.0	0.0	0.0	0.0	0.0	0.0	0.0	0.37491	0.0	0.03901	0.0	0.0	0.0	0.0	0.0	0.0	0.0	0.0	0.0	0.0	0.0	0.0	0.0	0.0	0.0	0.0	0.00541	0.0	0.0	0.0	0.0	0.0	0.0	0.0	0.0	0.0	0.05608	0.0	0.0	0.0	0.0	0.0	0.0	0.0	0.0	0.0	0.0	0.0	0.0	0.0	0.0	0.0	0.0	0.0	0.0	0.0	0.0	0.0	0.0	0.0	0.0	0.0	0.0	0.0	0.0	0.0	0.0	0.0	0.0	0.0	0.0	0.0	0.0	0.0	0.0	0.0	0.0	0.0	0.0	0.0	0.0	0.0	0.0	0.0	0.0	0.0	0.0	0.08907	0.0	0.0	2.56743	0.0657	0.0	0.21277	0.0	0.0	0.0	0.0	0.0	0.00101	0.0	0.0	0.0	0.0	0.0	0.0	0.0	0.0	0.0	0.0	0.0	0.0	0.00107	0.0	0.0	0.0	0.0	0.0	0.0	0.0	0.0	6.511889999999999	0.0	0.0	0.0	0.0	0.0	0.0	0.0	1.8314	0.0	0.0	0.0	0.0	0.0	0.0	0.0	0.0
SRR26718177	0.0	0.0	0.0	0.0	0.0	0.0	0.0	0.0	0.20736	0.0	0.0	0.0	0.0	0.0	0.0	0.0	0.0	0.0	0.0	0.0	0.0	0.0	0.0	0.0	0.0	0.0	0.0	0.0	0.00174	0.00026	0.11902	0.0	0.0	0.0	0.0	0.0	0.0	22.05233	0.0	0.0	0.0	0.0	0.0	0.05942	0.0	0.0	0.0	0.0862	0.0	0.0	0.0	0.0	0.0	0.0	0.0	0.0	0.0	0.0	0.0	0.0	0.0	0.0	0.0	0.0	0.0	0.0	0.0	0.0	0.0	0.0	0.0	0.0	0.0	0.0	0.0	0.0	0.0	0.0	0.0	0.0	0.0	0.0	0.0	0.0	0.0	0.0	0.0	0.0	0.0	0.0	0.0	0.00204	0.55333	0.0	0.0	0.0	0.0	0.02676	0.0	0.0	0.13295	0.40486	0.0	0.04406	0.0	0.02663	0.0	0.01883	0.38233	0.0	0.0	0.0	1.58833	0.69299	0.0	0.0	0.0	0.0	4.44718	0.0	0.0	0.0	0.0	0.0	0.0	0.0	0.0	0.39226	0.0	0.0	0.0	0.0	0.28147	0.64075	0.0	0.0	0.0	0.0	0.0	0.0	0.0	0.0	0.0	0.05193	0.0	0.0	0.14035	0.0	0.1977	0.0	0.0	0.0	0.0	0.0	0.0	0.0	0.0	0.0	0.0	0.25195	0.0	0.0	0.0	0.0	1.219	0.50234	0.0	0.0	0.0	0.0	0.0	0.0	0.0	0.0	0.0	0.0	0.0	0.0	0.0	0.0	0.0	0.0	0.0	0.0	0.0	0.0	0.0	0.0	0.0	0.14135	0.0	0.0	0.0	0.0	0.0	0.0	0.0	0.0	0.0481	0.0	0.0	0.24242	0.0	0.0	0.0	0.0	0.0	0.0	0.0	0.0	0.0	0.0	0.0	0.0	0.01744	0.0	0.0	0.0	0.0	0.0	0.0	0.0	0.0	0.0	0.0	0.0	0.0	0.0	0.0	0.0	0.0	0.0	0.0	0.0	0.0	0.0	0.0	0.0	0.0	0.0	0.0	0.0	0.0	0.0	0.0	0.0	0.0	0.0	0.0	0.0	0.0	0.0	57.51176	0.0	0.0	0.0	0.0	0.0	0.0	0.0356	0.0	0.0	0.0	0.0	0.0	0.0	0.0	0.0	0.0	0.0	0.0	0.0	0.0	0.0	0.0	0.0	0.0	0.0	0.0	0.0	0.0	1.32541	0.0	0.0	1.87551	0.0	0.0	0.04188	0.0	0.0	0.0	0.0	0.0	0.0	0.0	0.0	0.0	0.0	0.0	0.0	0.07575	0.0	0.0	0.0	0.0	0.0	0.05679	0.0	0.0	0.0	0.0	0.0	0.0	0.0	0.0	3.9956	0.0	0.0	0.0	0.0	0.10801	0.0	0.0	0.0	0.0	0.0	0.0	0.0	0.0	0.0	0.0	0.0
SRR26718178	0.0	0.0	0.0	0.0	0.0	0.0	0.0	0.0	0.0	0.0	0.0	0.0	0.0	0.24886	0.0	0.0	0.0	0.0	0.0	0.0	0.0	0.0	0.0	0.0	0.0	0.0	0.0	0.0	0.0	0.13271	0.0	0.0	0.0	0.0	0.0	0.0	0.0	52.05169	0.0	0.0	0.0	0.0	0.0	0.09645	0.06839	0.0	0.0	1.01244	0.0	0.0	0.0	0.0	0.0	0.0	0.0	0.0	0.02097	0.0	0.0	0.0	0.0	0.0	0.0	0.0	0.0	0.0	0.0	0.0	0.0	0.0	0.0	0.0	0.0	0.0	0.0	0.93292	0.0	0.0	0.0	0.0	0.0	0.0	0.0073	0.0	0.0	0.0	0.0	0.0	0.0	0.0	0.0	0.0	0.18198	0.0	0.0	0.0	0.0	0.0	0.0	0.0	0.0	0.0	0.0	0.04402	0.0	0.0	0.0	0.0	0.24218	0.0	0.0	0.0	0.24874	0.0	0.0	0.0	0.0	0.0	1.51752	0.0	0.0	0.0	0.0	0.0	0.0	0.0	0.0	0.06594	0.0	0.0	0.0	0.0	0.0	2.00775	0.0	0.0	0.0	0.0	0.0	0.0	0.0	0.0	0.0	0.03361	0.0	0.0	0.11436	0.0	0.02707	0.0	0.02965	0.0	0.0054	0.0	0.0	0.0	0.0	0.0	0.0	0.09895	0.0	0.0	0.0	0.0	0.48699	1.21532	0.0	0.0	0.0	0.0	0.0	0.0	0.0	0.0	0.0	0.0	0.0	0.0	0.0	0.0	0.0	0.0	0.0	0.0	0.00608	0.0	0.0	0.0	0.0	0.43227	0.0	0.0	0.0	0.0	0.0	0.0	0.0	0.0	0.0	0.0	0.0	0.54103	0.0	0.0	0.0	0.0	0.0	0.0	0.0	0.0	0.0	0.0	0.0	0.0	0.0	0.0	0.0	0.0	0.0	0.0	0.0	0.0	0.0	0.0	0.0	0.0	0.0	0.0	0.0	0.0	0.0	0.0	0.0	29.52338	0.0	0.0	0.0	0.0	0.0	0.0	0.0	0.0	0.0	0.0	0.0	0.0	0.0	0.0	0.0	0.0	0.0	0.0	0.00133	0.0	0.0	0.0	0.0	0.0	0.0	0.0	0.0	0.0	0.0	0.0	0.0	0.0	0.0	0.0	0.0	0.0	0.0	0.0	0.0	0.0	0.0	0.0	0.0	0.0	0.0	0.0	0.00327	0.0	0.0	0.0	0.95583	0.01339	0.0	0.03945	0.0	0.0	0.0	0.0	0.0	0.0255	0.0	0.0	0.0	0.0	0.0	0.0	0.06649	0.0	2.09966	0.0	0.0	0.0	0.17707	0.0	0.0	0.0	0.0	0.0	0.00491	0.0	0.11491	4.56325	0.0	0.0	0.0	0.0	0.541	0.0	0.0	0.0	0.0	0.0	0.0	0.0	0.0	0.0	0.0	0.0
SRR26718179	0.0	0.0	0.0	0.0	0.0	0.0	0.0	0.0	0.0	0.0	0.0	0.79209	0.0	0.0	0.0	0.0	0.0	0.0	0.0	0.0	0.0	0.03348	0.0	0.0	0.0	0.0	0.0	0.0	0.27677	0.00302	0.02039	0.0	0.0	0.0	0.0	0.0	0.0	64.12152	0.0	0.0	0.0	0.0	0.0	2.11077	0.47794	0.0	0.0	0.38361	0.0	0.0	0.0	0.0	0.0	0.0	0.0	0.0	0.0	0.0	0.0	0.0	0.0	0.0	0.0	0.0	0.0	0.0	0.0	0.0	0.0	0.0	0.0	0.0	0.0	0.0	0.0	0.17601	0.0	0.0	0.54111	0.0	0.0	0.0	0.0	0.0	0.0	0.0	0.0	0.0	0.0	0.0	0.0	0.0	1.04564	0.0	0.0	0.0	0.0	0.0	0.0	0.0	0.0	0.73645	0.0	0.00215	0.0	0.0	0.0	0.0	0.18079	0.0	0.0	0.0	0.05795	0.0	0.0	0.0	0.0	0.0	0.0	0.0	0.0	0.0	0.0	0.0	0.0	0.0	0.0	1.30943	0.0	0.0	0.0	0.0	0.0	0.0	0.0	0.0	0.0	0.0	0.0	0.0	0.0	0.0	0.0	0.0	0.0	0.0	0.0	0.0	0.01441	0.0	0.0	0.0	0.0	0.0	0.0	0.0	0.0	0.0	0.0	0.0	0.0	0.0	0.0	0.0	0.0143	0.14305	0.0	0.59784	0.0	0.0	0.0	0.0	0.0	0.0	0.0	0.0	0.0	0.0	0.0	0.0	0.0	0.0	0.0	0.0	0.0	0.0	0.0	0.0	0.0	0.0	0.0	0.0	0.0	0.0	0.0	0.0	0.0	0.0	0.0	0.0	0.0	0.96846	0.0	0.0	0.0	0.0	0.0	0.0	0.0	0.0	0.0	0.0	0.0	0.0	0.0	0.0	0.0	0.0	0.0	0.0	0.0	0.0	0.0	0.0	0.0	0.0	0.0	0.0	0.0	0.0	0.0	0.0	0.0	3.26679	0.0	0.0	0.0	0.0	0.0	0.0	0.0	0.0	0.0	0.0	0.0	0.0	0.0	0.0	0.0	0.0	0.0	0.0	17.37766	0.0	0.0	0.0	0.0	0.0	0.0	0.0	0.0	0.0	0.0	0.0	0.0	0.0	0.0	0.15681	0.0	0.0	0.0	0.0	0.0	0.0	0.0	0.0	0.0	0.0	0.0	0.0	0.0	0.01044	0.0	0.0	0.16674	0.05183	0.0	0.07793	0.0	0.0	0.0	0.0	0.0	0.04407	0.0	0.0	0.0	0.0	0.0	0.0	0.00983	0.0	3.56618	0.0	0.0	0.0	0.04713	0.0	0.0	0.0	0.0	0.0	0.0	0.0	0.0	1.21741	0.0	0.0	0.0	0.0	0.0	0.0	0.0	0.0	0.0	0.0	0.0	0.0	0.0	0.0	0.0	0.0
SRR26718180	0.0	0.0	0.0	0.0	0.0	0.0	0.0	0.0	0.01138	0.0	0.0	0.0	0.0	0.00546	0.0	0.0	0.0	0.0	0.0	0.0	0.0	0.00856	0.0	0.0	0.0	0.0	0.0	0.0	0.19903	0.05465	0.0	0.0	0.0	0.0	0.0	0.0	0.0	12.54002	0.0	0.0	0.0	0.0	0.0	0.1892	0.0	0.0	0.0	0.50531	0.0	0.0	0.0	0.0	0.0	0.07635	0.0	0.0	0.0	0.0	0.0	0.0	0.0	0.0	0.0	0.0	0.0	0.0	0.0	0.0	0.0	0.0	0.0	0.0	0.53622	0.0	0.0	0.13293	0.0	0.0	0.0	0.0	0.0	0.0	0.0	0.0	0.07329	0.0	0.0	0.0	0.0	0.0	0.0	0.0	0.0	0.0	0.0	0.0	0.0	0.0	0.0	0.0	0.0	0.0	0.0	0.0	0.0	0.0	0.0	0.16561	0.00272	0.0	0.0	0.0	0.0	0.09897	0.0	0.0	0.0	0.09508	0.58329	0.0	0.0	0.04818	0.0	0.0	0.0	0.0	0.0	0.00541	0.0	0.0	0.0	0.0	0.3913	0.0	0.0	0.0	0.0	0.0	0.0	0.0	0.0	0.0	0.0	0.24804	0.0	0.0	0.0	0.0	0.07605	0.0	0.0	0.0	0.0	0.0	0.0	0.0	0.0	0.0	0.0	0.06731	0.08295	0.0	0.0	0.0	0.01356	0.65423	0.0	0.65574	0.0	0.0	0.0	0.0	0.0	0.0	0.0	0.0	0.0	0.0	0.0	0.0	0.0	0.0	0.0	0.0	0.0	0.0	0.0	0.0	0.0	0.01715	0.0	0.0	0.0	0.0	0.0	0.0	0.0	0.0	0.0	0.0	0.0	0.34966	0.0	0.0	0.0	0.0	0.0	0.0	0.0	0.0	0.0	0.0	0.0	0.0	0.0	0.0	0.0	0.0	0.0	0.0	0.0	0.0	0.0	0.0	0.0	0.0	0.11292	0.0	0.0	0.0	0.0	0.0	0.0	0.02163	0.0	0.0	0.0	0.0	0.0	2.67581	0.0	0.0	0.0	0.0	0.0	0.0	0.0	0.0	0.0	0.0	0.0	0.0	76.42238	0.0	0.0	0.0	0.0	0.0	0.0	0.0	0.0	0.0	0.0	0.0	0.0	0.0	0.0	0.0	0.0	0.0	0.0	0.0	0.0	0.0	0.0	0.0	0.0	0.0	0.0	0.0	0.0	0.97307	0.0	0.0	0.03964	0.0	0.0	0.04284	0.0	0.0	0.0	0.0	0.0	0.0	0.0	0.0	0.0	0.0	0.0	0.0	0.06701	0.0	0.0	0.0	0.0	0.0	0.05571	0.0	0.0	0.0	0.0	0.0	0.01572	0.0	0.15637	1.52924	0.0	0.0	0.0	0.0	0.0	0.0	0.0	0.0	0.0	0.0	0.0	0.0	0.0	0.0	0.0	0.0
SRR26718181	0.0	0.0	0.0	0.0	0.0	0.0	0.0	0.0	0.00057	0.0	0.0	0.04364	0.0	0.00724	0.0	0.0	0.0	0.0	0.0	0.0	0.0	0.00589	0.0	0.0	0.0	0.0	0.0	0.0	0.07933	0.08453	0.0	0.0	0.0	0.0	0.0	0.0	0.0	32.1044	0.0	0.0	0.0	0.0	0.0	0.10891	0.23492	0.0	0.0	0.17996	0.0	0.0	0.0	0.0	0.0	0.0	0.0	0.0	0.0	0.0	0.0	0.0	0.0	0.0	0.0	0.0	0.0	0.0	0.0	0.0	0.0	0.0	0.0	0.0	0.0	0.0	0.0	0.33142	0.0	0.0	0.01349	0.0	0.0	0.0	0.0	0.0	0.0	0.0	0.0	0.0	0.0	0.0	0.0	0.0	0.0	0.0	0.0	0.0	0.0	0.23331	0.0	0.0	0.0	0.16953	0.0	0.0	0.0	0.0	0.0	0.0	0.00053	0.0	0.0	0.0	0.0	0.19136	0.0	0.0	0.0	0.0	0.83512	0.07785	0.0	0.0	0.0	0.0	0.0	0.0	0.0	0.13985	0.0	0.0	0.0	0.0	0.29249	0.1445	0.0	0.0	0.0	0.0	0.0	0.0	0.0	0.0	0.0	0.05324	0.0	0.44214	0.04338	0.0	0.00167	0.0	0.11683	0.0	0.0	0.0	0.0	0.0	0.0	0.0	0.0	0.01466	0.0	0.0	0.0	0.0	0.00852	0.6478	0.0	0.0	0.0	0.0	0.0	0.0	0.0	0.0	0.0	0.0	0.0	0.0	0.0	0.0	0.0	0.0	0.0	0.0	0.0	0.0	0.0	0.0	0.0	0.0	0.0	0.0	0.0	0.0	0.0	0.0	0.0	0.0	0.0	0.0	0.0	0.10406	0.53936	0.0	0.0	0.10841	0.0	0.0	0.0	0.0	0.0	0.0	0.0	0.0	0.0	0.0	0.0	0.0	0.0	0.0	0.0	0.0	0.0	0.0	0.0	0.0	0.0	0.0	0.0	0.0	0.0	0.0	0.0	1.43592	0.0	0.0	0.0	0.0	0.0	0.2292	0.0	0.0	0.0	0.0	0.0	0.0	0.0	0.0	0.0	0.0	0.0	0.53495	50.922	0.0	0.0	0.0	0.0	0.0	0.0	0.0	0.0	0.0	0.0	0.0	0.0	0.0	0.0	0.00802	0.0	0.0	0.0	0.0	0.0	0.0	0.0	0.0	0.0	0.0	0.0	0.0	0.0	3.90082	0.0	0.0	0.0	0.1906	0.0	0.08659	0.0	0.0	0.0	0.0	0.0	0.0	0.0	0.0	0.0	0.0	0.0	0.0	0.12406	0.0	1.00771	0.0	0.0	0.0	0.09057	0.0	0.0	0.0	0.0	0.0	0.0	0.0	0.0	1.11287	0.0	0.0	0.0	0.0	0.32853	0.04567	0.0	2.62357	0.0	0.0	0.0	0.0	0.0	0.0	0.0	0.0
SRR26718182	0.0	0.0	0.0	0.0	0.0	0.0	0.0	0.0	0.13829	0.0	0.0	6.40436	0.0	1.51933	0.0	0.0	0.0	0.0	0.0	0.0	0.0	0.18677	0.0	0.0	0.0	0.0	0.0	0.0	0.12071	0.0	0.0055	0.0	0.0	0.0	0.0	0.0	0.0	7.75216	0.0	0.0	0.0	0.0	0.0	0.36401	0.36698	0.0	0.0	1.0322	0.0	0.0	0.0	0.0	0.0	0.0	0.12225	0.0	0.0	0.0	0.81566	0.0	0.0	0.0	0.0	0.0	0.0	0.0	0.0	0.0	0.0	0.0	0.0	0.0	0.0	0.01547	0.0	1.06944	0.0	0.0	0.02691	0.0	0.0	0.0	0.0	0.0	0.0	0.0	0.0	0.0	0.0	0.0	0.0	0.0	0.0	0.0	0.0	0.0	0.0	0.17093	0.0	0.0	0.0	0.04812	0.0	0.01639	0.0	0.06495	0.0	0.01574	0.07989	0.0	0.0	0.0	0.14777	0.05169	0.01941	0.0	0.0	0.0	2.63969	0.0054	0.0	0.0	0.0	0.0	0.0	0.0	0.0	0.0211	0.0	0.0	0.0	0.0	0.885	0.16526	0.0	0.0	0.0	0.0	0.01399	0.0	0.0	0.0	0.0	2.97665	0.0	0.0	0.09419	0.0	0.00318	0.0	0.00223	0.0	0.0141	0.00373	0.0	0.0	0.04196	0.0	0.0	0.0	0.0	0.0	0.0	0.0	0.11232	1.13439	0.0	0.47012	0.0	0.0	0.0	0.0	0.0	0.0	0.0	0.0	0.0	0.0	0.0	0.02015	0.0	0.0	0.0	0.0	0.0	0.0	0.0	0.0	0.0	0.0	0.0	0.0	0.0	0.0	0.0	0.0	0.0	0.0	0.0	0.0	0.0	0.26702	2.20928	0.48604	0.0	0.00402	0.0	0.0	0.0	0.0	0.0	0.0	0.0	0.0	0.0	0.0	0.0	0.0	0.0	0.0	0.42327	0.0	0.0	0.0	0.0	0.0	0.1783	0.0	0.0	0.0	0.0	0.06804	0.0	0.52234	0.00217	0.0	0.0	0.0	0.0	0.0	0.0	0.0	0.0	0.0	0.0	0.0	0.0	0.0	0.0	0.0	0.0	3.64472	35.90322	0.0	0.0	0.0	0.0	0.0	0.0	0.0	0.0	0.0	0.0	0.0	0.0	0.0	0.0	0.0	0.0	0.0	0.0	0.0	0.0	0.0	0.0	0.0	0.0	0.0	0.0	0.0	0.02502	4.46386	0.0	0.0	1.67151	0.02546	0.0	0.0	0.0	0.0	0.0	0.0	0.0	0.0	0.0	0.0	0.0465	0.0	0.0	0.0	0.02798	0.0	0.0	0.0	0.00436	0.0	0.21707	0.0	0.0	0.0	0.0	0.0	0.09761	0.0	0.2794	19.89004	0.0	0.0	0.0	0.0	0.01598	0.0	0.0	0.00543	0.0	0.0	0.32569	0.0	0.0	0.0	0.03044	0.00685
SRR26718183	0.0	0.0	0.0	0.0	0.0	0.0	0.0	0.0	0.01574	0.0	0.0	4.572	0.0	10.01233	0.0	0.0	0.0	0.0	0.0	0.0	0.0	0.0171	0.0	0.0	0.0	0.0	0.0	0.0	0.00694	0.0	0.0	0.0	0.0	0.0	0.0	0.0	0.0	44.4618	0.0	0.0	0.0	0.0	0.0	0.17961	0.43715	0.0	0.0	0.09243	0.0	0.0	0.0	0.0	0.0	0.0	0.0	0.0	0.0	0.0	0.19295	0.0	0.0	0.0	0.0	0.0	0.0	0.0	0.0	0.0	0.0	0.0	0.0	0.0	0.0	0.0	0.0	0.00221	0.0	0.0	0.0	0.0	0.0	0.0	0.0	0.0	0.02429	0.0	0.0	0.0	0.0	0.0	0.0	0.0	0.50588	0.0	0.0	0.0	0.0	0.06749	0.0	0.0	0.0	0.32346	0.0	0.01056	0.0	0.0	0.0	0.0	0.1646	0.0	0.0	0.0	0.0	0.12717	0.0	0.0	0.0	0.0	0.62035	0.0	0.0	0.0	0.0	0.0	0.0	0.0	0.0	0.04391	0.0	0.0	0.0	0.0	0.19	0.0	0.0	0.0	0.0	0.0	0.07493	0.0	0.0	0.0	0.0	0.0	0.0	0.15875	0.02407	0.0	0.11913	0.0	0.0	0.0	0.0	0.05984	0.0	0.0	0.0	0.0	0.0	0.0	0.0	0.0	0.0	0.0	0.01476	0.02409	0.0	0.05109	0.0	0.0	0.0	0.0	0.0	0.0	0.0	0.0	0.0	0.01031	0.0	0.0	0.0	0.0	0.0	0.0	0.0	0.0	0.0	0.0	0.0	0.0	0.0	0.0	0.0	0.0	0.0	0.0	0.0	0.0	0.0	0.0	0.0	0.0	0.00552	0.0	0.0	0.0	0.0	0.02079	0.0	0.0	0.0	0.0	0.0	0.0	0.0	0.0	0.0	0.0	0.0	0.0	0.0	0.0	0.0	0.0	0.0	0.0	2.23529	0.00294	0.0	0.0	1.08472	0.03461	0.0	1.97363	0.0	0.0	0.0	0.0	0.0	0.63708	0.0	0.0	0.0	0.0	0.0	0.0	0.0	0.0	0.0	0.0	0.0	0.0	22.38981	0.0	0.0	0.0	0.0	0.0	0.0	0.0	0.0	0.0	0.0	0.0	0.0	0.0	0.0	0.0	0.0	0.0	0.0	0.0	0.0	0.0	0.0	0.0	0.0	0.0	0.0	0.0	0.0	0.40048	0.0	0.0	0.19563	0.0075	0.0	0.0	0.0	0.0	0.0	0.0	2.73141	0.0	0.0	0.0	0.15355	0.0	0.0	0.0	0.00339	0.0	0.0	0.0	0.0	0.0	0.0	0.0	0.0	0.0	0.0	0.0	0.0	0.0	0.0	4.94696	0.0	0.0	0.0	0.0	0.0	0.39694	0.0	0.16397	0.0	0.0	0.01082	0.0	0.0	0.0	0.0	0.0
SRR26718184	0.0	0.0	0.0	0.0	0.0	0.0	0.0	0.0	0.0	0.0	0.0	0.0239	0.0	2.08883	0.0	0.0	0.0	0.0	0.0	0.0	0.0	0.0	0.0	0.0	0.0	0.0	0.0	0.0	0.0028	0.0	0.0	0.0	0.0	0.0	0.0	0.0	0.0	9.61675	0.0	0.0	0.0	0.0	0.0	0.00424	0.04405	0.0	0.0	0.07448	0.0	0.0	0.0	0.0	0.0	0.0	0.0	0.0	0.0	0.0	0.01046	0.0	0.0	0.0	0.0	0.0	0.0	0.0	0.0	0.0	0.0	0.0	0.0	0.0	0.0	0.0	0.0	0.0235	0.0	0.0	0.0	0.0	0.0	0.0	0.0	0.0	0.0	0.0	0.0	0.0	0.0	0.0	0.0	0.0	0.10974	0.0	0.0	0.0	0.0	0.00596	0.0	0.0	0.0	0.00411	0.0	0.0	0.0	0.0	0.0	0.0	0.01492	0.0	0.0	0.0	0.0	0.07095	0.0	0.0	0.0	0.0	0.12518	0.0	0.0	0.0	0.0	0.0	0.0	0.0	0.0	0.0	0.0	0.0	0.0	0.0	0.03527	0.0	0.0	0.0	0.0	0.0	0.00249	0.0	0.0	0.0	0.0	0.0186	0.0	0.0	0.0	0.0	0.0	0.0	0.00222	0.0	0.0	0.0	0.0	0.0	0.0	0.0	0.0	0.0	0.0	0.0	0.0	0.0	0.0	0.0	0.0	0.05877	0.0	0.0	0.0	0.0	0.0	0.0	0.0	0.0	0.0	0.0	0.0	0.0	0.0	0.0	0.0	0.0	0.0	0.0	0.0	0.0	0.0	0.0	0.0	0.0	0.0	0.0	0.0	0.0	0.0	0.0	0.0	0.0	0.0	0.03075	0.37196	0.0	0.0	0.0	0.0	0.01955	0.0	0.0	0.0	0.0	0.0	0.0	0.0	0.0	0.0	0.0	0.0	0.0	0.0	0.0	0.0	0.0	0.0	0.0	1.15687	0.00429	0.0	0.0	0.0	0.0	0.0	0.55729	0.0	0.0	0.0	0.0	0.0	0.34759	0.0	0.0	0.0	0.0	0.0	0.0	0.0	0.0	0.0	0.0	0.0	0.0	15.2151	0.0	0.0	0.0	0.0	0.0	0.0	0.0	0.0	0.0	0.0	0.0	0.0	0.0	0.0	0.0	0.0	0.0	0.0	0.0	0.0	0.0	0.0	0.0	0.0	0.0	0.0	0.0	0.0	0.78998	0.0	0.0	0.02859	0.01007	0.0	0.0	0.0	0.0	0.0	0.0	66.96061	0.0	0.0	0.0	0.0	0.0	0.0	0.0	0.0027	0.0	0.0	0.0	0.0	0.0	0.0	0.0	0.0	0.0	0.0	0.0	0.0	0.0	0.0	2.14144	0.0	0.0	0.0	0.0	0.0	0.0	0.0	0.02599	0.0	0.0	0.0	0.0	0.0	0.0	0.0	0.0
SRR7057620	0.0	0.0	0.0	0.0	0.0	0.0	0.0	0.0	0.1297599870240013	0.0	0.0	2.526279747372025	0.0	7.94806920519308	0.0	0.0	0.0	0.0	0.0	0.0	0.0	0.001949999805	0.0	0.0	0.0	0.0	0.0	0.0	0.1165199883480011	0.0114199988580001	0.0283399971660001	0.0	0.0	0.0	0.0	0.0	0.0	34.86237651376235	0.0	0.0	0.0	0.0	0.0	0.2356999764300023	1.443209855679014	0.0	0.0	0.3342299665770034	0.0	0.0	0.0	0.0	0.0	0.0	0.0	0.0	0.0	0.0	0.0	0.0	0.0	0.0	0.0	0.0	0.0	0.0	0.0	0.0	0.0	0.0	0.0	0.0	0.0	0.0	0.0	2.913679708632029	0.0	0.0	0.107529989247001	0.003149999685	0.0	0.0	0.0	0.0445199955480004	0.1536999846300015	0.0	0.0	0.0	0.0	0.0	0.0	0.0	0.0	0.0	0.0	0.0480799951920004	0.0	0.0987499901250008	0.0	0.0	0.0	0.2947599705240029	0.0	0.0	0.0	0.0	0.0	0.0	0.1808899819110018	0.0	0.0	0.0	1.418709858129014	0.1536799846320015	0.0459599954040004	0.0	0.0	0.0320099967990003	8.92416910758309	0.3387099661290034	0.0	0.0	0.0	0.0	0.0	0.0	0.0	1.02905989709401	0.0	0.0	0.0	0.0	0.2808999719100027	0.0	0.0	0.0	0.0	0.0	0.2796599720340028	0.0	0.0	0.0	0.0	0.0	0.0	0.0	0.0730999926900007	0.0	0.4652799534720047	0.0	0.0	0.0	0.0	0.0	0.0	0.0	0.0	0.0	0.0	0.004069999593	0.0	0.0	0.0	0.0	0.0379499962050003	0.0	0.0	0.6894699310530069	0.0	0.0	0.0	0.0	0.0	0.0	0.0	0.0	0.0	0.0821699917830008	0.0	0.0152099984790001	0.0	0.0	0.0	0.0	0.0	0.0	0.0	0.0	0.0	0.0	0.0	0.0	0.0	0.0	0.0	0.0	0.0	0.0	0.0	0.0	0.0	0.7461599253840075	0.0	0.0171899982810001	0.0	0.0	0.0	0.0	0.0	0.0	0.0	0.0	0.0	0.0	0.0	0.0	0.0	0.0	0.0	0.0	0.0	0.0	0.0	0.0	0.0	0.0	1.731189826881017	0.0	0.0	0.0	0.0849999915000008	0.0	0.0	5.768529423147058	0.0	0.0	0.0	0.0	0.0	0.0	0.0	0.0	0.0	0.0	0.0	0.0	0.0	0.0	0.0	0.0	0.0	2.797129720287028	12.82946871705313	0.0	0.0	0.0	0.0	0.0	0.0	0.0	0.0	0.0	0.0	0.0	0.0	0.0	0.0	0.0156599984340001	0.0	0.0	0.0	0.0	0.0	0.0	0.0	0.0	0.0	0.0	0.0	0.0	0.0	0.204549979545002	0.0	0.0	0.0270799972920002	1.084749891525011	0.0	0.0	0.0	0.0	0.0	0.0	0.0	0.0	0.0	0.0	0.0390599960940003	0.0	0.0	0.0	0.0580499941950005	0.0	0.0	0.0	0.0	0.0	0.0	0.0	0.0	0.0	0.0	0.0	0.0	0.0	0.0	7.646999235300076	0.0	0.0	0.0	0.0	0.605829939417006	0.9870799012920098	0.0	0.0	0.0	0.0	0.003249999675	0.0	0.0	0.0	0.0	0.0
SRR7057621	0.0	0.0	0.0	0.0	0.0	0.0	0.0	0.0	0.1784499643100071	0.0	0.0	0.0830699833860033	0.0	0.7450698509860298	0.0	0.0	0.0	0.0	0.0	0.0	0.0	0.0154799969040006	0.0	0.0	0.0	0.0	0.000819999836	0.0	0.224559955088009	0.0	0.00214999957	0.0	0.0	0.0	0.0	0.0	0.0	21.13673577265284	0.0	0.0	0.00044999991	0.0	0.0	0.8872298225540355	0.5930698813860238	0.0	0.0	0.5268598946280212	0.0	0.0	0.0	0.0	0.0	0.0	0.1631699673660065	0.0	0.0	0.0	0.0	0.0	0.0	0.0	0.0	0.0	0.0	0.0	0.0	0.0	0.0	0.0	0.0	0.0	0.0	0.0	0.0	0.4942499011500199	0.0	0.1203199759360048	0.1378599724280055	0.0	0.0	0.0	0.0481299903740019	0.0	0.2317999536400093	0.0	0.0	0.0	0.0	0.0	0.0	0.000769999846	0.0144399971120005	0.0	0.0	0.0	0.0	0.1488799702240059	0.0	0.0	0.0	0.1027199794560041	0.0167299966540006	0.0	0.0	0.0	0.0	0.0	0.1048499790300042	0.0	0.0	0.0	7.301208539758293	0.0819499836100032	0.0976799804640039	0.0	0.0	0.0	7.824448435110313	0.0	0.0	0.0	0.0	0.0	0.0	0.0	0.0	0.1217399756520048	0.0	0.0	0.0	0.0	0.1105799778840044	0.0	0.0	0.0	0.0	0.000709999858	0.3962699207460157	0.0	0.0037199992560001	0.0	0.0	0.0	0.0	0.1776099644780071	0.0103399979320004	0.0	2.584959483008104	0.0038399992320001	0.0370199925960014	0.0	0.0109799978040004	0.0097099980580003	0.0144899971020005	0.0	0.0	0.0	0.0	0.0	0.0	0.0	0.0	0.0	0.1040999791800041	0.9403698119260376	0.0	0.1374799725040055	0.0	0.0	0.0	0.0	0.0	0.0	0.0	0.0	0.0	0.0441099911780017	0.0	0.0678999864200027	0.0	0.0	0.0	0.0	0.0	0.0	0.0	0.0	0.0	0.0036099992780001	0.0	0.0	0.0	0.0	0.0	0.0	0.0	0.0	0.0	0.0	0.0	1.977899604420079	0.0	0.0	0.0	0.0	0.0	0.0	0.0	0.0	0.0	0.0	0.0	0.0	0.0	0.0	0.0	0.0	0.0	0.0	0.0	0.0	0.0	0.0	0.0	0.0	0.0660799867840026	0.0	0.0	0.0	0.5145098970980206	0.0	0.0	2.550009489998102	0.0	0.0	0.0	0.0	0.0	0.9831598033680394	0.0	0.0	0.1558799688240062	0.0	0.0	0.0	0.0	0.0	0.0	0.0	0.0	1.917009616598077	5.638248872350226	0.0	0.0	0.0	0.0	0.0	0.0	20.40433591913282	0.0	0.0	0.0	0.0	0.0	0.0	0.0	0.0379599924080015	0.0	0.0	0.0	0.0	0.0	0.0	0.0	0.0	0.0	0.0	0.0	0.0	0.000719999856	0.5503198899360221	0.0	0.0	1.048329790334042	0.0771999845600031	0.0	0.0	0.0	0.0	0.0	0.0	0.0	0.0569799886040022	0.0	0.0	0.0	0.0	0.0	0.0	0.0088299982340003	0.0	0.0	0.0	0.0	0.0	0.0	0.0	0.0	0.0	0.0	0.0	0.0	0.0	1.894179621164076	15.39812692037462	0.0	0.0	0.0	0.0	0.0049699990060001	0.6525598694880261	0.0	0.0	0.0	0.0	0.0	0.0	0.0	0.0	0.0	0.0
SRR7057622	0.0	0.0	0.0	0.0	0.0	0.0	0.0	0.0	0.0	0.0	0.0	0.0	0.0	4.567321397955965	0.0	0.0	0.0	0.0	0.0	0.0	0.0	0.0	0.0	0.0	0.0	0.0	0.0	0.0	0.4850818452455377	0.0694888870795082	0.0081922266472027	0.0	0.0	0.0	0.0	0.0	0.0	41.38980975029013	0.0	0.0	0.810220217855213	0.0	0.0	0.0	0.2042255084932084	0.0	0.0	0.3844044811379733	0.0	0.0	0.0	0.0	0.0	0.0	0.3138553058721361	0.0	0.0	0.0	0.0	0.0	0.0	0.0	0.0	0.0	0.0	0.0	0.0	0.0	0.0	0.0	0.0	0.0	0.0	0.0	0.0	1.520973400570275	0.0	0.0	0.0	0.0	0.0	0.0	0.0	0.1415884837498832	0.0	0.0	0.0	0.0	0.0	0.0	0.0	0.0	0.0	0.0	0.0437718972016594	0.0421214486097321	0.0	0.0300181589355986	0.0	0.0	0.0	0.7033611735669755	0.0	0.272564082917737	0.0	0.1301453735125207	0.0	0.0	1.077782941403474	0.0	0.0	0.0	0.155962390577759	0.0104928519571619	0.0766108228216429	0.0	0.0	0.0	12.06865025914043	0.0	0.0	0.0	0.0	0.0	0.0	0.0	0.0	0.594981716030417	0.0	0.0	0.0	0.0	0.0	0.0	0.0	0.0	0.0	0.0	0.0	0.0	0.0	0.0	0.0	0.0	0.0	0.0	0.0304082649664178	0.0	0.2338935722729437	0.0	0.0842528999382031	0.0	0.0	0.011973254330527	0.0	0.0	0.0	0.0	0.0	0.0040110902143202	0.0	0.0	0.0	0.0	0.0883140037462182	5.815460642202552	0.0140338143907514	0.0	0.0	0.0	0.0	0.0	0.0	0.0	0.0	0.0	0.0	0.022876217755986	0.0	0.0082722483971143	0.0	0.0	0.0	0.0	0.0	0.0	0.0	0.0	0.0	0.069528897954464	0.0	0.0	0.0	0.0	0.0	0.0	0.0	0.0	0.0	0.0	0.0	0.866085402012267	0.0	0.0	0.0	0.0	0.0	0.0	0.0	0.0	0.0	0.0	0.0	0.0	0.0080021749911625	0.0	0.0	0.0	0.0	0.0	0.0	0.0	0.0	0.0	0.0	0.0	0.3470643320854608	0.0	0.0	0.0	0.2296324140901496	0.0	0.0	5.274223533956528	0.0	0.0	0.0	0.0	0.0	2.442523877990038	0.0	0.0	0.0	0.0	0.0	0.0	0.0	0.0	0.0	0.0	0.0	1.42622764867491	12.77896332223098	0.0	0.0	0.0	0.0	0.0	0.0	0.0020305519040075	0.0	0.0	0.0	0.0	0.0	0.0	0.0	0.0351195454924648	0.0	0.0	0.0	0.0	0.0	0.0	0.0	0.0	0.0	0.0	0.0	0.0	0.0002900788434296	0.1967634803139494	0.0	0.0	0.7143341560236073	0.0274774683759045	0.0	0.0	0.0	0.0	0.0	0.0	0.0	0.0	0.0	0.0	0.0	0.0	0.0	0.0	0.0049213376195649	0.0	0.0	0.0	0.0	0.0	0.0	0.0	0.0	0.0	0.0	0.0	0.0	0.0	1.970545594292529	2.083076180105752	0.0	0.0	0.0	0.0	0.0084122864594596	0.0996570867961912	0.0	0.0	0.0	0.0	0.0	0.0	0.0	0.0	0.0	0.0
SRR7057623	0.0	0.0002000729265817	0.0	0.0	0.0	0.0	0.0027910173258152	0.0	0.2403976249342885	0.0	0.0	0.4069283253745991	0.0	2.835203431650837	0.0652037667729887	0.0	0.0	0.0	0.0	0.0	0.0	0.0088432233549128	0.0	0.0	0.0	0.0	0.0069325269060572	0.0211277010470316	0.0110740364862992	0.0401246254259677	0.0025109152286008	0.0	0.0	0.0	0.0	0.0	0.0	5.369957349453877	0.0	0.0	0.304190877574876	0.0	0.0143952470675561	0.4248548595963229	0.415891592485461	0.0	0.0	0.1446427222722682	0.0	0.0	0.0	0.0	0.0	0.0	0.0544598506155493	0.0	0.0	0.0	0.0	0.0	0.0	0.0	0.0	0.0	0.0	0.0	0.0	0.0	0.0	0.0	0.0010303755718959	0.0	0.0	0.0	0.0	3.026533171340954	0.0	0.0171162388690677	0.0262195570285369	0.0	0.0	0.0	0.0	0.0	0.0397644941581206	0.0	0.0	0.0	0.0008803208769596	0.0	0.0	0.0	1.885277183533398	0.0	0.0	3.001093898726086e-05	0.0	0.0154456299321102	0.0	0.0	0.0	0.3332614738072027	0.0	0.0	0.0	0.0	0.0	0.0614223884605939	0.0188268623913416	0.0	0.0	0.0	0.2271628008409065	0.017146249808055	0.026929815917902	0.0	0.0	0.0	3.380612233158986	0.0035913090321422	0.0	0.0	0.0	0.0	0.0	0.0	0.0	0.1531858362373085	0.0	0.0	0.0	0.0	0.1096599710594511	0.0	0.0	0.0	0.0002901057435435	0.0	1.6538528293563	0.0	0.0	0.0	0.0	0.0044716299091018	0.0	0.0	0.0133048496176856	0.0	0.0	0.020367423926021	0.0495380566216385	0.0	0.0	0.0357730392728149	0.0	0.0	0.4474831075927175	0.0	0.0	0.0057821075782122	0.0	0.0	0.0	0.0	0.0	4.498589735958757	0.0018906891561974	0.5224704404755534	0.0	0.0	0.0	0.0	0.0	0.0	0.0	0.0	0.0	0.154286237333508	0.0	0.001160422974174	0.0	0.0	0.0	0.0	0.0	0.0015405615346793	0.0	0.0	0.0	0.0	0.0	0.0	0.0	0.0	0.0	0.0	0.0	0.0	0.0	0.0	0.0	0.0048217575306199	4.333789666333378	0.0	0.0	0.0	0.0	0.0	0.0	0.0	0.0	0.0	0.0	0.0	0.0123645068627514	0.0	0.0	0.0	0.0	0.0	0.0	0.0	0.0	0.0	0.0	0.0	0.1239751889563745	0.0020607511437919	0.0	0.0	4.363350441235832	0.0310012999738404	0.0	0.6228570313879409	0.0	0.0	0.0	0.5603542491238057	0.0	0.5794512099660326	0.0	0.0	0.0	0.0	0.0	0.0	0.0	0.0	0.0	0.0	0.0	0.0220480365093076	7.995324295705784	0.0	0.0	0.0	0.0	0.0	0.0	0.0	0.0	0.0	0.0	0.0	0.0	0.0	0.0017406344612611	0.0325518651548489	0.0	0.0	0.0	0.0	0.0201673509994392	0.2595946222398064	0.0	0.0	0.0	0.0	0.0	0.0	0.0	1.791743090356435	0.0	0.0	0.3635325075990198	0.0206075114379191	0.0	0.0	0.0	0.0	0.0	0.0	0.0	0.0	0.0	0.0	0.778293688049294	0.0	0.0	0.0	0.0201973619384265	0.0	0.0	0.0	0.0	0.0	0.0	0.0	0.0	0.0	0.0	0.0	0.0	0.0	0.0	39.7364539374602	0.0	0.0	0.0	0.0	0.026009480455626	0.0245589517379084	0.0	0.0	0.0	0.0	11.14852363686564	0.0	0.0	0.0	0.0	0.0
SRR7057624	0.0	0.0	0.0	0.0	0.0	0.0	0.0	0.0	0.3034189765122568	0.0	0.0	1.27455171968923	0.0	8.44812679610903	0.0	0.0	0.0	0.0	0.0	0.0	0.0	0.0	0.0	0.0	0.0	0.0	0.0	0.0	0.0344432893341314	0.7306297751435262	0.0061005826056388	0.0	0.0	0.0	0.0	0.0	0.0	8.599771278157062	0.0	0.0	0.0	0.0	0.0	0.1729565173474066	0.414409576114519	0.0	0.0	0.1799071811357984	0.0	0.0	0.0	0.0	0.0	0.0	0.0	0.0	0.0	0.0	0.0	0.0	0.0	0.0	0.0	0.0	0.0	0.0	0.0	0.0	0.0	0.0	0.0008600821378441	0.0	0.0	0.0	0.0	1.772819304243555	0.0	0.0	0.0347633198970501	0.0	0.0	0.0	0.0	0.0	0.5808954755179121	0.0	0.0	0.0	0.0	0.0	0.0	0.0	0.0026502530991709	0.0	0.0	0.0	0.0	0.0387937047988082	0.0	0.0	0.0	0.6043077113864374	0.0	0.0	0.0	0.0	0.0	0.0110610563308795	0.412899431895746	0.0	0.0	0.0	0.0775674076874341	0.7696635028645236	0.0	0.0	0.0	0.0399438146342975	1.880539591530991	0.0	0.0	0.0	0.0	0.0	0.0	0.0	0.0	0.2826969975632673	0.0	0.0	0.0	0.0	0.0370535386129375	0.0	0.0	0.0	0.0	0.0	0.4586237985727636	0.0	0.0	0.0	0.0	0.042004011383087	0.0	0.0	0.0294028079681609	0.0	0.0098309388546606	0.0	0.0324530992709803	0.0	0.0035803419226536	0.0	0.0	0.0	0.0	0.0	0.0	0.0100509598666672	0.0	0.0	0.0	0.0	0.0218720887844789	1.632975949203149	0.0	0.2478936738458522	0.0	0.0	0.0	0.0	0.0	0.0	0.0	0.0	0.0	0.0387637019335346	0.0	0.0047204508030516	0.0	0.0	0.0	0.0	0.0	0.0	0.0	0.0	0.0	0.0	0.0	0.0	0.0	0.0	0.0	0.0	0.0	0.0	0.0	0.0	0.0	0.5207397306442765	0.0017801700062355	0.0	0.0	0.0	0.0030202884375457	0.0	0.0	0.0	0.0	0.0	0.0	0.0	0.0	0.0	0.0	0.0	0.0	0.0	0.0	0.0	0.0	0.0	0.0	0.0	0.8115375018314249	0.046784467916686	0.0	0.0	0.6740643731476357	0.0	0.0	0.9324490488841686	0.0	0.0	0.0	0.0	0.0	0.9543711424441031	0.0	0.0	0.0	0.0	0.0	0.0	0.0	0.0	0.0	0.0	0.0	4.296990362579627	14.09974652579321	0.0	0.0	0.0	0.0	0.0	0.0	0.0002000191018242	0.0	0.0	0.0	0.0	0.0	0.0	0.0	0.0122811728520073	0.0	0.0	0.0	0.0	0.0	0.0	0.0	0.0	0.0	0.0	0.0	0.0	0.0	2.390928333655864	0.0	0.0	0.1647957379929783	0.0506748394471672	0.0	0.0	0.0	0.0	0.0	0.0	29.23654208976957	0.0	0.0	0.0	0.3641947806015475	0.0	0.0	0.0	0.0674064373147635	0.0	0.0	0.0	0.0	0.0	0.0	0.0	0.0	0.0	0.0	0.0	0.0	0.0	0.0	13.89421689771373	0.0	0.0	0.0	0.0	0.1604353215732102	2.073838051533921	0.0	0.0	0.0	0.0	0.0	0.0	0.0	0.0	0.0	0.0
SRR7057625	0.0	0.0	0.0	0.0	0.0	0.0	0.0044099991180001	0.0	0.1425499714900057	0.0	0.0	0.0	0.0	0.0186699962660007	0.0	0.0	0.0	0.0	0.0	0.0	0.0	0.0067499986500002	0.0	0.0	0.0	0.0	0.0	0.0	0.1375899724820055	0.0231799953640009	0.0	0.0	0.0	0.0	0.0	0.0	0.0	5.886888822622236	0.0	0.0	0.7065798586840283	0.0	0.0	0.0649699870060026	0.1654899669020066	0.0	0.0	0.2692299461540108	0.0	0.0	0.0	0.0	0.0	0.0	0.0	0.0	0.0	0.0	0.0	0.0	0.0	0.0	0.0	0.0	0.0	0.0	0.0	0.0	0.0	0.0	0.0	0.0	0.0	0.0	0.0	2.831169433766114	0.0	0.0	0.0196699960660007	0.0	0.0	0.0	0.0	0.0	0.1111399777720044	0.0	0.0	0.0	0.0	0.0	0.0	0.0	0.001869999626	0.0	0.0	0.0	0.0	0.0	0.0	0.0	0.0	0.1403899719220056	0.0	0.0	0.0	0.0	0.0	0.0	0.1668299666340067	0.0	0.0	0.0	0.0	0.100489979902004	0.0062199987560002	0.0	0.0	0.0	13.63402727319455	0.0	0.0	0.0	0.0	0.0	0.0	0.0	0.0	0.1235099752980049	0.0	0.0	0.0	0.0	0.1862499627500074	0.0	0.0	0.0	0.0	0.0	0.0	0.0	0.0	0.0	0.0	0.1233999753200049	0.0	0.0	0.0110299977940004	0.0	0.0235799952840009	0.0	0.0	0.0	0.0083199983360003	0.0	0.0	0.0	0.0	0.0	0.0	1.704629659074068	0.0	0.0	0.0	0.0	0.1293399741320052	0.0160199967960006	0.0	0.4267399146520171	0.0	0.0	0.0	0.0	0.000829999834	0.0	0.0	0.0	0.0	0.0	0.0	0.0	0.0	0.0	0.0	0.0	0.0	0.0	0.0	0.0	0.0	0.0	0.0	0.0	0.0	0.0	0.0	0.0	0.0	0.0	0.0	0.0	0.0	1.325979734804053	0.0070999985800002	0.0	0.0	0.0	0.0	0.0	0.0	0.0	0.0	0.0	0.0	0.0	0.0	0.0	0.0	0.0	0.0	0.0	0.0	0.0	0.0	0.0	0.0	0.0	0.0790299841940031	0.0	0.0	0.0	0.950089809982038	0.0	0.0	0.8884098223180357	0.0	0.0	0.0	0.0	0.0	2.666519466696107	0.0	0.0	0.0	0.0	0.0	0.0	0.0	0.0	0.0	0.0	0.0	4.866529026694195	40.45545190890962	0.0	0.0	0.0	0.0	0.0	0.0	0.00134999973	0.0	0.0	0.0	0.0	0.0	0.0	0.0	0.0476899904620019	0.0	0.0	0.0	0.0	0.0	0.0	0.0	0.0	0.0	0.0	0.0	0.0	0.0	2.378429524314096	0.0	0.0	0.1316299736740052	0.000809999838	0.0	0.0	0.0	0.0	0.0	0.0	0.0692399861520027	0.0035299992940001	0.0	0.0	1.917569616486077	0.0	0.0	0.0	0.2273799545240091	0.0	0.0	0.0	0.0	0.0	0.0	0.0	0.0	0.0	0.0	0.0	0.0	0.0	0.0594599881080023	16.06857678628464	0.0	0.0	0.0	0.0	0.4547899090420182	0.2086699582660083	0.0	0.0	0.0	0.0	0.0	0.0	0.0	0.0	0.0	0.0
SRR7057626	0.0	0.0	0.0	0.0	0.0	0.0	0.0	0.0	1.456499271750364	0.0	0.0	0.0719899640050179	0.0	0.9823795088102456	0.0	0.0	0.0	0.0	0.0	0.0	0.0	0.0189799905100047	0.0	0.0	0.0	0.0	0.0	0.0	0.7389596305201847	0.268409865795067	0.0	0.0	0.0	0.0	0.0	0.0	0.0	11.34204432897783	0.0	0.0	0.0	0.0	0.0	0.0902499548750225	0.0	0.0	0.0	0.5789997105001446	0.0	0.0	0.0	0.0	0.0	0.0	0.0	0.0	0.0	0.0	0.0	0.0	0.0	0.0	0.0	0.0	0.0	0.0	0.0	0.0	0.0	0.0	0.0	0.0	0.0	0.0	0.0	3.284468357765821	0.0	0.0	0.044079977960011	0.0	0.0	0.0	0.0	0.0	0.0789699605150197	0.0	0.0	0.0	0.0	0.0	0.0	0.0	0.0021899989050005	0.0	0.0	0.0	0.0	0.1648599175700412	0.0	0.0	0.0	0.0606599696700151	0.0007999996000001	0.00023999988	0.0	0.0	0.0	0.0	0.0896399551800224	0.0	0.0	0.0	0.1129299435350282	0.1983399008300495	0.0784199607900196	0.0	0.0	0.1981099009450495	15.6153321923339	0.0247799876100061	0.0	0.0	0.0	0.0	0.0	0.0	0.0	0.2606898696550651	0.0	0.0	0.0	0.0	0.5857697071151464	0.0	0.0	0.0	0.0	0.0	0.0	0.0	0.0031499984250007	0.0004699997650001	0.0	0.0467099766450116	0.0	0.0	0.1150699424650287	0.0	0.0324099837950081	0.0	0.0	0.0	0.004039997980001	0.0	0.0	0.0	0.0	0.0	0.0	0.0	0.0	0.0	0.0	0.0	0.3770598114700943	9.481825259087367	0.0	0.4118997940501029	0.0	0.0	0.0	0.0	0.0	0.0	0.0	0.0	0.0	0.0	0.0	0.0	0.0	0.0	0.0	0.0	0.0	0.0	0.0	0.0	0.0	0.0	0.0	0.0	0.0	0.0	0.0	0.0	0.0	0.0	0.0	0.0	0.0	1.253469373265313	0.0069099965450017	0.0	0.0	0.0	0.0	0.0	0.0	0.0	0.1827099086450456	0.0	0.0	0.0	0.0	0.0	0.0	0.0	0.0	0.0	0.0	0.0	0.0	0.0	0.0	0.0	0.0	0.0	0.0	0.0	0.0315099842450078	0.0	0.0	0.8692195653902174	0.0	0.0	0.0	0.0	0.0	0.0	0.0	0.0	0.0	0.0	0.0	0.0	0.0	0.0	0.0	0.0	0.0	1.972909013545493	22.50883874558063	0.0	0.0	0.0	0.0	0.0	0.0	0.0035999982000008	0.0	0.0	0.0	0.0	0.0	0.0	0.0	0.0155699922150038	0.0	0.0	0.004089997955001	0.0	0.0	0.0	0.0	0.0	0.0	0.0	0.0	0.0	0.0029599985200007	10.3860048069976	0.0	0.0	0.2886198556900721	0.0430399784800107	0.0	0.0	0.0	0.0	0.0	0.0	0.0619599690200154	0.0	0.0	0.0	0.0267599866200066	0.0	0.0	0.0	0.0447699776150111	0.0	0.0	0.0	0.0	0.0	0.0	0.0	0.0	0.0	0.0	0.0	0.0	0.0	0.2062898968550516	15.14715242642379	0.0	0.0	0.0	0.0	0.1220799389600305	0.000109999945	0.0	0.0	0.0	0.0	0.0	0.0	0.0	0.0	0.0	0.0
SRR7057627	0.0	0.0	0.0	0.0	0.0	0.0	0.0	0.0	0.1531599846840015	0.0	0.0	0.0	0.0	0.7574399242560075	0.203909979609002	0.0	0.0	0.0	0.0	0.0	0.0	0.0	0.0	0.0	0.0	0.0	0.0	0.0	0.0249199975080002	0.0116299988370001	0.0	0.0	0.0	0.0	0.0	0.0	0.0	2.096609790339021	0.0	0.0	0.0	0.0	0.0	0.4220499577950042	0.7629799237020076	0.0	0.0	0.0972599902740009	0.0	0.0	0.0	0.0	0.0	0.0	0.1739999826000017	0.0	0.0	0.0	0.0	0.0	0.0	0.0	0.0	0.0	0.0	0.0	0.0	0.0	0.0	0.0	0.0	0.0	0.0	0.0	0.0	1.650169834983016	0.0	0.0	0.0140199985980001	0.0	0.0	0.0	0.0	0.0	0.0123199987680001	0.0	0.0	0.0	0.0	0.0	0.0	0.0	7.695069230493077	0.0	0.0160399983960001	0.0	0.0	0.0544799945520005	0.0	0.0	0.0	0.5747999425200057	0.0	0.0	0.0	0.0	0.0	0.0	0.0265599973440002	0.0	0.0	0.0	5.96279940372006	9.9999990000001e-05	0.0340699965930003	0.0	0.0	0.0199499980050001	4.064219593578041	0.0532899946710005	0.0	0.002379999762	0.0	0.0	0.001239999876	0.0	0.0	0.4009899599010041	0.0	0.0	0.0	0.0	0.1562399843760015	0.009929999007	0.0	0.0	0.0	0.0	0.3331999666800033	0.0	0.0	0.0	0.0	0.0	0.0	0.0	0.0419699958030004	0.0	0.0	0.0	0.0557299944270005	0.0	0.003739999626	0.0	0.000459999954	0.0	0.0	0.0	0.0	0.0	0.0	0.0	0.0	0.0	0.0108499989150001	0.3968199603180038	0.0	0.0898999910100008	0.0	0.0	0.0	0.0	0.0	0.0	0.0	0.0	0.0	0.0352399964760003	0.0	0.0887599911240008	0.0	0.0	0.0	0.0	0.0	0.0	0.0	0.0	0.0	0.0	0.0	0.0	0.0	0.0	0.0	0.0	0.0	0.0	0.0	0.0	0.0	0.2338799766120023	0.003319999668	0.0	0.0	0.0	0.0	0.0	0.0	0.0	0.0	0.0	0.0	0.0	0.0	0.0	0.0	0.0	0.0	0.0	0.0	0.0	0.0	0.0	0.0	0.0	0.2716299728370027	0.003949999605	0.0	0.0	2.905179709482029	0.0	0.0	1.03320989667901	0.0	0.0	0.0	0.7676499232350077	0.0	0.00189999981	0.0	0.0	0.0	0.0	0.0	0.0	0.0	0.0	0.0	0.0	0.0	2.442509755749025	2.638759736124026	0.0	0.0	0.0	0.0	0.0	0.0	10.3387989661201	0.0	0.0	0.0	0.0	0.0	0.0	0.0	0.0112099988790001	0.0	0.0	0.0	0.0	0.0	0.0	0.0	0.0	0.0	0.0	0.0	0.0	0.0	6.226939377306062	0.001389999861	0.0	0.3112099688790031	0.1253699874630012	0.0	0.0	0.0	0.0	0.0	0.0	23.92850760714924	0.0189299981070001	0.0	0.0	0.1611899838810015	0.0	0.0	0.0	0.2523599747640025	0.0	1.453739854626014	0.0	0.0	0.0	0.0	0.0	0.0	0.0	0.0	0.0	0.0148099985190001	0.0	0.0	18.44075815592418	0.0	0.0	0.0	0.0	0.503539949646005	1.399959860004014	0.0	0.0	0.0	0.0	0.0	0.0	0.0	0.0	0.0	0.0
SRR7057628	0.0	0.0	0.0	0.0	0.0	0.0	0.0	0.0	0.0358846829511251	0.0	0.0	0.303219570153905	0.0	8.084845072281933	0.0	0.0	0.0	0.0	0.0	0.0	0.0	0.0	0.0	0.0	0.0	0.0	0.0	0.0240831428501419	0.1891946899070328	0.8721538160729977	0.0410853616396939	0.0	0.0	0.0	0.0	0.0	0.0	6.401015332500892	0.0	0.0	0.0	0.0	0.0011901553152686	0.118425454521815	0.2041666437470089	0.0	0.0	0.1067539313880461	0.0	0.0	0.0	0.0	0.0	0.0	0.0	0.0	0.0	0.0	0.0	0.0	0.0	0.0	0.0	0.0	0.0	0.0	0.0	0.0	0.0	0.0	0.0	0.0	0.0	0.0	0.0	0.7798517706560707	0.0	0.0	0.0	0.0	0.0	0.0	0.0	0.0	1.213848407217142	0.0	0.0	0.0	0.0013401748928235	0.0	0.0	0.0	6.616683477193773	0.0	0.0	0.0236930919484992	0.0	0.229819991508892	0.0	0.0	0.0	0.3728486567497059	0.0	0.3556164079412363	0.0	0.0106213860908848	0.0001200156620438	0.0	0.4418876663404575	0.0	0.0	0.0	0.0	0.151409758973546	0.0063708313934968	0.0	0.0	0.0884315403160112	2.178664315693198	0.2444018944472253	0.0	0.0	0.0	0.0	0.0	0.0	0.0	0.2148480376689159	0.0	0.0	0.0	0.0	0.0396651763055078	0.0	0.0	0.0	0.0	0.0	0.8021146759652136	0.0	0.0	0.0	0.0	0.0	0.0	0.0	0.0068408927365021	0.0	0.0445958197544779	0.0072209423329744	0.1357677176871581	0.0	0.0	0.4453881231500711	0.0	0.0	0.0	0.0	0.0	0.0	0.0	0.0	0.0	0.0	0.0155020230140033	0.5724046988131952	0.0200126116458197	0.2837270263769421	0.0	0.0	0.0	0.0	0.0	0.0	0.0	0.0	0.0	0.0536570022387921	0.0	0.0035904685561465	0.0	0.0	0.0	0.0	0.0	0.0	0.0	0.0	0.0	0.0	0.0005600730895381	0.0	0.0	0.0	0.0	0.0	0.0	0.0	0.0	0.0	0.0	0.13705788605413	0.0043305651387506	0.0	0.0	0.0	0.0	0.0	0.0	0.0	0.0	0.0	0.0	0.0	0.0001100143568735	0.0	0.0	0.0	0.0	0.0	0.1496195253480579	0.0	0.0	0.0	0.0	0.0	2.065559555521995	0.0	0.0	0.0	3.332324868395325	0.0	0.0	1.026924013583773	0.0	0.0	0.0	0.0	0.0	0.4114636960123296	0.0	0.0	0.0	0.0	0.0	0.0	0.0	0.0	0.0	0.0	0.0	0.0101913299685608	23.27058681157891	0.0	0.0	0.0	0.0	0.0	0.0	0.0	0.0	0.0	0.0	0.0	0.0	0.0	0.0	0.147159204276158	0.0	0.0	0.0225529431590822	0.0	0.0	0.0	0.0	0.0	0.0	0.0	0.0	0.0	0.0	1.678399031073555	0.0	0.0	0.650074834765937	0.1544701583556654	0.0	0.0	0.0	0.0	0.0	0.0	20.37433885122009	0.0	0.0	0.0	0.4622903288879198	0.0	0.0	0.0	0.1618711241817056	0.0	0.0	0.0	0.0	0.0	0.0	0.0	0.0	0.0	0.0	0.0	0.0	0.0	0.0065508548865626	12.70314776078278	0.0	0.0	0.0	0.0	0.1431086756821765	1.344345437079539	0.0	0.0	0.0	0.0	0.0	0.0	0.0	0.0	0.0	0.0
SRR7057629	0.0	0.0	0.0	0.0	0.0	0.0	0.0	0.0	0.5624473580675494	0.0	0.0	0.0155513094202531	0.0	8.099411970487914	0.0	0.0	0.0	0.0	0.0	0.0	0.0	0.0721360738574187	0.0	0.0	0.0	0.0	0.001120094311941	0.0	0.0478640301513387	0.0	0.0042703595642753	0.0	0.0422535577495625	0.0	0.0	0.0	0.0	15.45830158899379	0.0	0.0	0.681197356817444	0.0	0.002350197886662	0.3698911448343951	0.2688426365499974	0.0	0.0	0.8098881925858158	0.0	0.0	0.0	0.0	0.0	0.0	0.2584117582700463	0.0	0.0	0.0	0.0	0.0	0.0	0.0	0.0	0.0	0.0	0.0	0.0	0.0	0.0	0.0	0.0	0.0	0.0	0.0	0.0	1.564771753781668	0.0	0.0	0.0045203806160478	0.0	0.0	0.0	0.0	0.115229702340937	0.7398322938791446	0.0	0.0	0.0	0.0	0.0	0.0	0.0128910854293931	0.0	0.0	0.0	0.0	0.0	0.1785550343338909	0.0	0.0	0.0	0.6365836003391486	0.0	0.0110309288042053	0.0	0.0	0.0	0.0	0.3337681032742957	0.0	0.0	0.0	0.0516543492962107	1.267576729960663	0.0564747551743856	0.0	0.0	0.4816205524505163	2.815237042959017	0.4961517759795374	0.0	0.0	0.0	0.0	0.0	0.0	0.0	0.1076790665774058	0.0	0.0	0.0	0.0	0.9794424690558944	0.0	0.0	0.0	0.0	0.0	0.3575201031926887	0.0	0.0	0.0	0.0483840739390256	0.012291034905139	0.0	0.0	0.0175314761502918	0.0	0.008800741022394	0.0	0.0	0.0029102450426325	0.0201616976149391	0.0312826339977826	0.1246404947296562	0.0433036461670072	0.0	0.0	0.0	0.0	0.0	0.0	0.0	0.0	0.0546846044436941	6.413350004070344	0.0039403317759355	0.0293724731622402	0.0	0.0	0.0	0.0	0.0	0.0	0.0	0.0	0.0	0.0891375053779528	0.0	0.0	0.0	0.0	0.0	0.0	0.0	0.0044103713532679	0.0	0.0	0.0	0.0	0.0	0.0	0.0	0.0	0.0	0.0	0.0	0.0009800825229484	0.0	0.0	0.0	0.5455559358097952	0.0	0.0	0.0	0.0	0.0	0.0	0.0	0.0	0.0	0.0	0.0	0.0	0.0	0.0	0.0	0.0	0.0	0.0	0.0	0.0	0.0	0.0	0.0	0.0	0.4364767513424629	0.0	0.0	0.0	2.219646894268497	0.0	0.0	3.214990702217127	0.0	0.0	0.0	0.0	0.0	0.140231807518193	0.0	0.0	0.0	0.0	0.0	0.0	0.0	0.0	0.0	0.0	0.0	3.5019548645996	18.74723851748317	0.0	0.0	0.0	0.0	0.0	0.0	0.0130610997445984	0.0	0.0	0.0	0.0	0.0	0.0	0.0	0.0004500378931906	0.0	0.0	0.0	0.0	0.0	0.0	0.0	0.0	0.0	0.0	0.0	0.0	0.0	1.528608708853286	0.0003500294724815	0.0	0.7763153657537964	0.0157513262616712	0.0	0.0	0.0	0.0	0.0	0.0	0.0	0.0469739552070284	0.0	0.0	0.0429336150103838	0.0	0.0	0.0	0.0233219637093443	0.0	0.9522701811492524	0.0	0.0	0.0	0.0	0.0	0.0	0.0	0.0	0.0	0.0027302298853563	0.0	0.0	23.89339182359154	0.0	0.0	0.0	0.0	0.0267622533817347	0.0597850338998543	0.0	0.0	0.0015401296789189	0.0	0.0	0.0	0.0	0.0	0.0	0.0
SRR7057630	0.0	0.0	0.0	0.0	0.0	0.0	0.0	0.0	0.2483999006400397	0.0	0.0	0.2465399013840394	0.0	3.637818544872582	0.0	0.0	0.0	0.0	0.0	0.0	0.0	0.0019599992160003	0.0	0.0	0.0	0.0	0.0165299933880026	0.0	0.0384999846000061	0.0	0.00014999994	0.0	0.0	0.0	0.0	0.0	0.0	32.67626692949322	0.0	0.0	0.0	0.0	0.0	0.006659997336001	0.0	0.0	0.0	0.5151497939400824	0.0	0.0	0.0	0.0	0.0	0.0	0.0966599613360154	0.0	0.0	0.0	0.0	0.0	0.0	0.0	0.0	0.0	0.0	0.0	0.0	0.0	0.0	0.0	0.0	0.0	0.0	0.0	0.0	0.8642596542961383	0.0	0.0	0.0	0.0	0.0	0.0	0.0	0.0162299935080026	0.0	0.0	0.0	0.0	0.0	0.0	0.0	0.0	0.0	0.0	0.0193899922440031	0.0	0.0	0.0	0.0	0.0	0.0	0.2265099093960362	0.0	0.0	0.0	0.0	0.0	0.0	0.6459497416201033	0.0	0.0	0.0	0.0	2.917508832996467	0.0111999955200017	0.0	0.0	0.0	5.718177712728916	0.0032299987080005	0.0	0.0	0.0	0.0	0.0	0.0	0.0	1.681669327332269	0.0	0.0	0.0	0.0	0.0	0.0	0.0	0.0	0.0	0.0	0.0	0.0	0.0	0.0	0.0	0.0	0.0	0.0	0.0710799715680113	0.0	0.0656599737360105	0.0078899968440012	0.0	0.0	0.0012399995040001	0.0	0.0	0.0	0.1740099303960278	0.0	0.0	0.0	0.0	0.0	0.0	0.0	0.2839698864120454	5.207607916956833	0.0	0.0	0.0	0.0	0.0	0.0	0.0	0.0	0.0	0.0	0.0	0.0775699689720124	0.0	0.0	0.0	0.0	0.0	0.0	0.0	0.0	0.0	0.0	0.0021699991320003	0.0	0.0	0.0	0.0	0.0	0.0	0.0	0.0	0.0	0.0	0.0	0.0	0.6188897524440992	0.0	0.0059099976360009	0.0	0.0	0.0	0.0	0.0	0.0	0.0	0.0	0.0	0.0	0.0	0.0	0.0	0.0	0.0	0.0236699905320037	0.0	0.0	0.0	0.0	0.0	0.0	0.5391797843280863	0.0	0.0	0.0	0.0881399647440141	0.0	0.0	3.400098639960544	0.0	0.0	0.0	1.75136929945228	0.0	1.278449488620205	0.0	0.0	0.0	0.0	0.0	0.0	0.0	0.0	0.0	0.0	0.0	0.0	12.43818502472599	0.0	0.0	0.0	0.0	0.0	0.0	10.0096959961216	0.0	0.0	0.0	0.0	0.0	0.0	0.0	0.0031999987200005	0.0	0.0	0.0	0.0	0.0	0.0	0.0	0.0	0.0	0.0	0.0	0.0	0.0035699985720005	7.072667170933131	0.0	0.0	0.0	0.0294299882280047	0.0	0.0	0.0	0.0	0.0	0.0	0.0	0.0182899926840029	0.0	0.0	0.0	0.0	0.0	0.0	0.0776899689240124	0.0	0.0	0.0	0.0	0.0	0.0	0.0	0.0	0.0	0.0	0.0	0.1668899332440267	0.0	0.0	6.37851744859302	0.0	0.0	0.0	0.0	0.0036199985520005	0.612579754968098	0.0	0.0	0.0	0.0	0.0	0.0	0.0	0.0	0.0	0.0
SRR7057631	0.0	0.0	0.0	0.0	0.0	0.0	0.0	0.0	0.1461900146190014	0.0	0.0	0.0108100010810001	0.0	0.0119600011960001	0.0	0.0	0.0	0.0	0.0	0.0	0.0	0.0132700013270001	0.0	0.0	0.0	0.0	0.0	0.0	0.2922400292240029	0.0	0.0	0.0	0.0	0.0	0.0	0.0	0.0	0.6035700603570061	0.0	0.0	0.0165000016500001	0.0	0.0	0.1738900173890017	0.0270700027070002	0.0	0.0	0.1341800134180013	0.0	0.0	0.0	0.0	0.0	0.0	0.0	0.0	0.0	0.0	0.0	0.0	0.0	0.0	0.0	0.0	0.0	0.0	0.0	0.0	0.0	0.0	0.0	0.0	0.0	0.0	0.0	0.8164100816410083	0.0	0.0	0.0	0.0	0.0	0.0	0.0	0.0	0.0	0.0	0.0	0.0	0.0	0.0	0.0	0.0	0.4815400481540049	0.0	0.0	0.0	0.0	0.0705700070570007	0.0	0.0	0.0	0.0139500013950001	0.0	0.0	0.0	0.0	0.0	0.0	0.007350000735	0.0	0.0	0.0	0.104490010449001	0.7539300753930075	0.002290000229	0.0	0.0	0.0	5.543320554332055	0.002560000256	0.0	0.0	0.0	0.0	0.0	0.0	0.0	0.0723400072340007	0.0	0.0	0.0	0.0	0.0262800026280002	0.0	0.0	0.0	0.0	0.0	0.1914500191450019	0.0	0.0	0.0	0.0	0.1103900110390011	0.0	0.0	0.0	0.0	0.001230000123	0.0	0.0	0.0	0.0	0.0	0.0	0.0	0.0	0.0	0.0	0.0	0.0	0.0	0.0	0.0	0.007780000778	0.4201400420140043	0.0	0.0936500093650009	0.0	0.0	0.0	0.0	0.0	0.0	0.0	0.0	0.0	0.0	0.0	0.0	0.0	0.0	0.0	0.0	0.0	0.0	0.0	0.0	0.0	0.0	0.0	0.0	0.0	0.0	0.0	0.0	0.0	0.0	0.0	0.0	0.0	4.814200481420048	0.003390000339	0.0	0.0	0.0	0.0	0.0	0.0	0.0	0.0	0.0	0.0	0.0	0.0	0.0	0.0	0.0	0.0	0.0	0.0	0.0	0.0	0.0	0.0	0.0	0.0227500022750002	0.0	0.0	0.0	0.000240000024	0.0	0.001310000131	0.3276500327650032	0.0	0.0	0.0	0.0	0.0	0.0	0.0	0.0	0.0	0.0	0.0	0.0	0.0	0.0	0.0	0.0	0.0	0.005640000564	7.323880732388073	0.0	0.0	0.0	0.0	0.0	0.0	0.0	0.0	0.0	0.0	0.0	0.0	0.0	0.0	0.008240000824	0.0	0.0	0.0	0.0	0.0	0.0	0.0	0.0	0.0	0.0	0.0	0.0	0.0852900085290008	1.262930126293013	0.0	0.0	0.005640000564	0.0	0.0	0.0	0.0	0.0	0.0	0.0	73.27660732766074	0.0	0.0	0.0	0.0	0.0	0.0	0.0	0.000930000093	0.0	1.572060157206016	0.0	0.0	0.0	0.0	0.0	0.0	0.0	0.0	0.0	0.0577500057750004	0.0	0.0	1.01484010148401	0.0	0.0	0.0	0.0	0.0641300064130006	0.003170000317	0.0	0.0	0.0	0.0	0.0	0.0	0.0	0.0	0.0	0.0
SRR7057632	0.0	0.0	0.0	0.0	0.0	0.0	0.0011399996580001	0.0	0.0	0.0	0.0	0.0	0.0	2.98938910318327	0.0	0.0	0.0	0.0	0.0	0.0	0.0	0.0	0.0	0.0	0.000449999865	0.0	0.0077499976750006	0.0	0.1733799479860156	0.0	0.011609996517001	0.0	0.0	0.0	0.0	0.0	0.0	25.41487237553829	0.0	0.0	0.0	0.0	0.0	0.3348298995510301	0.7970597608820718	0.0	0.0	0.0952399714280085	0.0	0.0	0.0	0.0	0.0	0.1686499494050151	0.0	0.0	0.0	0.0	0.0	0.0	0.0	0.0	0.0	0.0	0.0	0.0	0.0	0.0	0.0	0.0	0.0	0.0	0.0	0.0	0.0	3.901968829409351	0.0	0.0	0.0	0.0	0.0	0.0764699770590068	0.0	0.0	0.0	0.0	0.0	0.0	0.0	0.0	0.0	0.0	3.501978949406316	0.0	0.0	0.0569799829060051	0.0	0.0572599828220051	0.0	0.0	0.0	1.150449654865104	0.0212499936250019	0.0698299790510062	0.0	0.0	0.0	0.0	1.356919592924122	0.0	0.0	0.0	0.3327099001870299	2.801159159652252	0.0504699848590044	0.0	0.0	0.0	6.351928094421572	0.0818599754420073	0.0	0.0	0.0	0.0	0.0	0.0	0.0	1.074599677620097	0.0	0.0	0.0	0.0	0.0	0.0	0.0	0.0	0.0	0.0	0.0	0.0	0.0	0.0	0.0	0.0	0.0	0.0	0.0145899956230013	0.0	0.1018499694450091	0.1026999691900092	0.3941898817430354	0.0543199837040048	0.011429996571001	0.0	0.0	0.0	0.0	0.0	0.0	0.0	0.0	0.0	0.0	0.0	0.2279999316000205	6.77949796615061	0.0	0.0	0.0	0.0	0.0	0.0	0.0	0.0	0.0	0.0	0.0	0.4574098627770411	0.0	0.0	0.0	0.0	0.0	0.0	0.0	0.0050699984790004	0.0	0.0	0.0	0.0181199945640016	0.0	0.0	0.0	0.0	0.0	0.0	0.0	0.0	0.466769859969042	0.0061299981610005	0.0	3.120169063949281	0.0037599988720003	0.0	0.0	0.0	0.0	0.0	0.0	0.0	0.0	0.0	0.0	0.0	0.0	0.0	0.0	0.0	0.0	0.0	0.155849953245014	0.0	0.0	0.0	0.0	0.0	0.3483398954980313	0.0	0.0	0.0	0.000339999898	0.0	0.0	5.626158312152507	0.0	0.0	0.0	0.0	0.0	3.621338913598326	0.0	0.0	0.0	0.0	0.0	0.0	0.0	0.0	0.0	0.0	0.0	0.0100199969940009	2.983319105004269	0.0	0.0	0.0	0.0	0.0	0.0	0.0	0.0	0.0	0.0	0.0	0.0	0.0	0.0	0.2385899284230214	0.0	0.0	0.0	0.0	0.0	0.0	0.0	0.0	0.0	0.0	0.0	0.0	0.0	0.0060299981910005	0.0031699990490002	0.0	1.732949480115156	0.1775499467350159	0.0	0.0	0.0	0.0	0.0	0.0	0.0717999784600064	0.0	0.0	0.0	1.698969490309153	0.0	0.0	0.0	0.0304699908590027	0.0	0.0	0.0	0.0	0.0	0.0	0.0	0.0	0.0	0.0	0.0	0.0	0.0	0.0	20.35594389321683	0.0	0.0	0.0	0.0	0.1388399583480125	0.156109953167014	0.0	0.0	0.0	0.0	0.0	0.0	0.0	0.0	0.0	0.0
SRR7057633	0.0	0.0	0.0	0.0	0.0	0.0	0.0063150981787597	0.0	0.4409759999247391	0.0	0.0	0.0247900129774767	0.0	19.04388412765626	0.0362192397922843	0.0	0.0	0.0	0.0	0.0	0.0	0.0478886605156342	0.0	0.0	0.0	0.0	0.0	0.0331367512993239	0.0989398741604097	0.1709780305640743	0.0064752274511211	0.0	0.0	0.0	0.0	0.0	0.0	21.34433127864125	0.0	0.0	0.0	0.0	0.0	0.3334491935339399	0.0972184844825227	0.0	0.0	0.2000014611796103	0.0	0.0	0.0	0.0	0.0	0.0	0.0	0.0	0.0	0.0	0.0	0.0	0.0	0.0	0.0	0.0	0.0	0.0	0.0	0.0	0.0	0.0	0.0048339024094151	0.0	0.0	0.0004603716580395	0.0	0.9179510618922656	0.0	0.0245798433075021	0.0071657849381805	0.0	0.0	0.0	0.0218576456773553	0.3939380261685258	0.5065089046387149	0.0	0.0	0.0	0.0	0.0	0.0	0.3737217055328767	0.0665036884276676	0.0	0.001371106894596	0.0004403554989943	0.0	0.0518218357680155	0.0	0.0	0.0	0.1571168404252753	0.0	0.0	0.0	0.0	0.0	0.0	0.3437675235217391	0.0	0.0	0.0	0.031265240428598	0.5136746895768954	0.0116494045643047	0.0	0.0	0.0551845504876086	2.248945573761698	0.6196202194031242	0.0	0.0	0.0	0.0	0.0	0.0	0.0	0.0301343274425443	0.0	0.0	0.0	0.0	0.0878909543674608	0.0	0.0	0.0	0.0	0.0	0.1006412476792514	0.0	0.0	0.0	0.0	0.0032226016062767	0.0	0.0	0.0080064636180788	0.0	0.0080865282542596	0.0073759546081551	0.0634412160937524	0.0	0.0115192995305109	0.1657337968942327	0.0	0.0077562616300139	0.1546748690217612	0.0	0.0	0.0	0.0	0.0	0.0	0.0	0.0	1.045223809181152	0.0038030702185874	0.008476843355641	0.0	0.0	0.0	0.0	0.0	0.0	0.0	0.0	0.0	0.0	0.0	0.0	0.0	0.0	0.0	0.0	0.0	0.0015512523260027	0.0213772578602705	0.0	0.0	0.0	0.0	0.0	0.1342083463980471	0.0	0.0	0.0	0.0	0.0	0.0	0.0	0.0	0.2462387885740158	0.0033426985605479	0.0	0.0	0.0	0.0	0.0	0.0	0.0	0.0	0.0	0.0	0.0	0.0	0.0	0.0	0.0	0.0	0.0	0.0	0.0	0.0	0.0	0.0	0.0	0.8654386686371908	0.0	0.0	0.0	1.920410347273354	0.0	0.0	5.106492471372139	0.0	0.0	0.0	0.0	0.0	0.2499918183949903	0.0	0.0	0.0	0.0	0.0	0.0	0.0	0.0	0.0	0.0	0.0	1.662382041021717	6.838420656996394	0.0	0.0	0.0	0.0	0.0	0.0	0.2330281236041856	0.0	0.0	0.0	0.0021617451768812	0.0	0.0	0.0	0.0	0.0	0.0	0.0	0.0	0.0370399023131374	0.0	0.0	0.0	0.0	0.0	0.0	0.0	0.0022117855744942	2.397585570831332	0.0	0.0	3.078755479298438	0.0319858221542251	0.0	0.0	0.0	0.0	0.0	0.0	0.0501504864877414	0.0	0.0	0.0	0.1134515894681776	0.0	0.0	0.0	0.1399429759644961	0.0	0.7521872407594652	0.0	0.0	0.0	0.0	0.0	0.0	0.0	0.0	0.0	0.0005604524532655	0.0	0.0002902343061553	24.65867694990165	0.0	0.0	0.0	0.0	0.2095291528851241	0.3141035758167569	0.0	0.0	0.0	0.0	0.9855156067493288	0.0	0.0	0.0	0.0	0.0
SRR7057634	0.0	0.0	0.0	0.0	0.0	0.0	0.0	0.0	0.3384200338420034	0.0	0.0	0.0	0.0	5.833360583336058	0.0	0.0	0.0	0.0	0.0	0.0	0.0	0.0141800014180001	0.0	0.0	0.0	0.0	0.0	0.0	0.2906000290600029	0.1215400121540012	0.0	0.0	0.0	0.0	0.0	0.0	0.0	33.83033338303333	0.0	0.0	0.0	0.0	0.0	0.1888500188850019	0.2808500280850028	0.0	0.0	0.0739200073920006	0.0	0.0	0.0	0.0	0.0	0.0	0.5515100551510055	0.0	0.0	0.0	0.0	0.0	0.0	0.0	0.0	0.0	0.0	0.0	0.0	0.0	0.0	0.0	0.0	0.0	0.0	0.0	0.0	2.903380290338029	0.0	0.0	0.1256800125680012	0.0	0.0	0.0	0.0026400002639999	0.0	0.0	0.0	0.0	0.0	0.0	0.0	0.0	0.0	0.2601100260110027	0.0	0.0	0.0	0.0	0.1735500173550017	0.0	0.0	0.0	0.0772400077240006	0.008040000804	0.004180000418	0.0	0.0	0.0	0.0	0.2614400261440025	0.0	0.0	0.0	0.0080500008049999	0.0851200085120007	0.0276600027660001	0.0	0.0	0.0	7.196470719647071	0.0003400000339999	0.0	0.0	0.0	0.0	0.0	0.0	0.0	0.5226800522680052	0.0	0.0	0.0	0.0	0.0009400000939999	0.0	0.0	0.0	0.0	0.0	0.0	0.0	0.0	0.0	0.0	0.0082300008229999	0.0	0.0	0.0203300020330002	0.0	0.1711000171100017	0.0	0.0	0.0	0.0207800020780002	0.0	0.0	0.0	0.0	0.0	0.0	0.0153200015320001	0.0	0.0	0.0	0.0	0.0195300019530001	0.0248900024890002	0.0	0.3561300356130035	0.0	0.0	0.0	0.0	0.0	0.0	0.0	0.0	0.0	0.0	0.0	0.0	0.0	0.0	0.0	0.0	0.0	0.0	0.0	0.0	0.0	0.0	0.0	0.0	0.0	0.0	0.0	0.0	0.0	0.0244600024460002	0.0	0.0	0.0	5.165450516545052	0.0082900008289999	0.0	0.0	0.0	0.0	0.0	0.0	0.0	0.0	0.0	0.0	0.0	0.0	0.0	0.0	0.0	0.0	0.002550000255	0.0	0.0	0.0	0.0	0.0	0.0	0.0	0.0	0.0	0.0	0.0	0.0	0.0	2.424390242439024	0.0	0.0	0.0	0.0	0.0	1.96586019658602	0.0	0.0	0.0	0.0	0.0	0.0	0.0	0.0	0.0	0.0	0.0	2.07068020706802	32.38925323892533	0.0	0.0	0.0	0.0	0.0	0.0	0.002360000236	0.0	0.0	0.0	0.0	0.0	0.0	0.0	0.0689400068940006	0.0	0.0	0.0	0.0	0.0	0.0	0.0	0.0	0.0	0.0	0.0	0.0	0.000620000062	0.0088000008799999	0.0	0.0	0.3850500385050039	0.0190600019060001	0.0	0.0	0.0	0.0	0.0	0.0	0.0753300075330006	0.0	0.0	0.0	0.0	0.0	0.0	0.0	0.009980000998	0.0	0.0	0.0	0.0	0.0	0.0	0.0	0.0	0.0	0.0	0.0	0.0	0.0	0.0187900018790001	1.507410150741015	0.0	0.0	0.0	0.0	0.0226000022600002	0.0127300012730001	0.0	0.0	0.0	0.0	0.0	0.0	0.0	0.0	0.0	0.0
SRR7057635	0.0	0.0	0.0	0.0	0.0	0.0	0.0	0.0	0.0497540853815715	0.0	0.0	0.0	0.0	3.926361552955642	0.0	0.0	0.0	0.0	0.0	0.0	0.0	0.0	0.0	0.0	0.0	0.0	0.0	0.0058216481085795	0.0	0.0292282745245178	0.0	0.0	0.0	0.0	0.0	0.0	0.0	20.67385276771854	0.0	0.0	0.6418016940595883	0.0	0.0	0.1716485937168812	0.3239317050657041	0.0	0.0	0.0337395516670769	0.0	0.0	0.0	0.0	0.0	0.0	0.0	0.0	0.0	0.0	0.0	0.0	0.0	0.0	0.0	0.0	0.0	0.0	0.0	0.0	0.0	0.0	0.0	0.0	0.0	0.0	0.0	0.4478867967521605	0.0	0.0033809571489688	0.0124835340885004	0.0	0.0	0.0	0.0	0.0	0.0243668982688999	0.0	0.0	0.0	0.0	0.0	0.0	0.0	0.001230348311607	0.0	0.0	0.0	0.0	0.0056015858089425	0.0	0.0	0.0	0.405074676640957	0.0	0.0037710675892345	0.0	0.0	0.0	0.0	0.0607471975316211	0.0	0.0	0.0	0.0182551680380715	0.0	0.0202257259030031	0.0	0.0	0.0436223494871398	5.846595171092937	0.0212660204103781	0.0	0.0	0.0	0.0	0.0	0.0	0.0	0.0633279281364554	0.0	0.0	0.0	0.0	0.0750212385126229	0.3234415663074216	0.0	0.0	0.0	0.0	0.064948386888328	0.0	0.0	0.0	0.0	0.0750512470080279	0.0	0.0	0.008962537294308	0.0	0.0	0.0021406060055601	0.0299684840778424	0.0	0.0069919794293764	0.0026607532592476	0.0	0.0	0.0	0.0	0.0	0.0	0.0	0.0	0.0	0.0	0.0	1.196508731621923	0.0	0.0677491797927993	0.0	0.0	0.0	0.0	0.0	0.0	0.0	0.0	0.0	0.0012003398162019	0.0	0.0	0.0	0.0	0.0	0.0	0.0	0.0	0.0	0.0	0.0	0.0	0.0	0.0	0.0	0.0	0.0	0.0	0.0	0.0	0.0	0.0	0.0	4.013916339715775	1.744693922849559	0.0	0.0	0.0	0.0	0.0	0.0	0.0	0.0	0.0	0.0	0.0	0.0	0.0	0.0	0.0	0.0	0.0	0.0	0.0	0.0	0.0	0.0	0.0	0.4871079002465599	0.0	0.0	0.0	0.5178666080367352	0.0	0.0	3.587625656823447	0.0	0.0	0.0	1.802490284999684	0.0	0.0131537238192132	0.0	0.0	0.0	0.0	0.0	0.0	0.0	0.0	0.0	0.0	0.0	1.631211796059464	11.49454410543625	0.0	0.0	0.0	0.0	0.0	0.0	6.58007281861495	0.0	0.0	0.0	0.0	0.0	0.0	0.0	0.00511144705066	0.0	0.0	0.0	0.0	0.0	0.0	0.0	0.0	0.0	0.0	0.0	0.0	0.0045712941333691	0.1262357373372401	0.0	0.0	19.74817070712719	0.0327692769823136	0.0	0.0	0.0	0.0	0.0	0.0	0.0623676562834938	0.0	0.0	0.0	0.0017604983970962	0.0	0.0	0.0	0.0563559543706823	0.0	0.6405513400843779	0.0	0.0	0.0	0.0	0.0	0.0	0.0	0.0	0.0	0.0	0.0	0.0	12.34671535511703	0.0	0.0	0.0	0.0	0.1266058421139024	0.287481385980371	0.0	0.0	0.0	0.0	0.0	0.0	0.0	0.0	0.0	0.0
SRR7057636	0.0	0.0	0.0	0.0	0.0	0.0	0.0	0.0	0.0123700012370001	0.0	0.0	0.0	0.0	1.895360189536019	0.0	0.0	0.0	0.0	0.0	0.0	0.0	0.0	0.0	0.0	0.0	0.0	0.004020000402	0.0	0.003720000372	0.008870000887	0.0	0.0	0.0	0.0	0.0	0.0	0.0	4.302010430201044	0.0	0.0	0.0	0.0	0.0	0.0184300018430001	0.2483400248340024	0.0	0.0	0.0280000028000002	0.0	0.0	0.0	0.0	0.0	0.0	0.0	0.0	0.0	0.0	0.0	0.0	0.0	0.0	0.0	0.0	0.0	0.0	0.0	0.0	0.0	0.0	0.0	0.0	0.0	0.0	0.0	0.7664900766490077	0.0	0.0	0.0296700029670002	0.0	0.0	0.0	0.0	0.0	0.1546500154650015	0.0	0.0	0.0	0.002190000219	0.0	0.0	0.0	0.00060000006	0.0	0.0	0.0	0.0	0.008940000894	0.0	0.0	0.0	0.2793100279310027	0.001620000162	0.008470000847	0.0	0.0	0.0	0.0	0.1738000173800017	0.0	0.0	0.0	0.0	0.3962600396260039	0.0393300039330003	0.0	0.0	0.0	4.941230494123048	0.0	0.0	0.0	0.0	0.0	0.0	0.0	0.0	1.513540151354015	0.0	0.0	0.0	0.0	0.0855700085570008	0.0	0.0	0.0	0.0	0.0	0.8087600808760081	0.0	0.0	0.0	0.0	0.0	0.0	0.0	0.0112200011220001	0.0	0.006040000604	0.0	0.0618000061800006	0.0	0.0	0.0163700016370001	0.0	0.0	0.0	0.0	0.0	0.0	0.0	0.0	0.0	0.0	0.0279000027900002	8.337270833727084	0.0	0.2391300239130023	0.0	0.0	0.0	0.0	0.0	0.0	0.0	0.0	0.0	0.1210800121080011	0.0	0.0	0.0	0.0	0.0	0.0	0.0	0.0	0.0	0.0	0.0	0.0	0.0	0.0	0.0	0.0	0.0	0.0	0.0	0.0	0.0	0.0	0.0	0.109690010969001	4.583550458355045	0.0	0.0	0.0	0.0	0.0	0.0	0.0	0.0	0.0	0.0	0.0	0.0	0.0	0.0	0.0	0.0	0.0	0.0	0.0	0.0	0.0	0.0	0.0	0.1526300152630015	0.001080000108	0.0	0.0	0.4813200481320049	0.0	0.0	1.02277010227701	0.0	0.0	0.0	1.448780144878014	0.0	0.3304700330470033	0.0	0.0	0.0	0.0	0.0	0.0	0.0	0.0	0.0	0.0	0.0	1.329210132921013	27.33209273320927	0.0	0.0	0.0	0.0	0.0	0.0	0.001690000169	0.0	0.0	0.0	0.0	0.0	0.0	0.0	0.0400400040040003	0.0	0.0	0.0	0.0	0.0	0.0	0.0	0.0	0.0	0.0	0.0	0.0	0.0050000005	4.178310417831041	0.003940000394	0.0	18.12450181245018	0.0128400012840001	0.0	0.0	0.0	0.0	0.0	0.002140000214	0.0700900070090006	0.0107600010760001	0.0	0.0	0.006580000658	0.0	0.0	0.0	0.002530000253	0.0	0.0	0.0	0.0	0.0	0.0	0.0	0.0	0.0	0.0	0.0	0.0743100074310007	0.0	0.003990000399	15.80240158024016	0.0	0.0	0.0	0.0	0.0135400013540001	0.303380030338003	0.0	0.0	0.0	0.0	0.0	0.0	0.0	0.0	0.0	0.0
SRR7057637	0.0	0.1369700136970013	0.0	0.0141100014110001	0.0	0.0	0.0	0.0	0.105250010525001	0.0	0.0	0.0	0.0	10.98396109839611	0.0	0.0	0.0	0.0	0.0	0.00580000058	0.0	0.0	0.0	0.0	0.0	0.0	0.0	0.0	0.004760000476	0.0113900011390001	0.0523600052360004	0.0	0.0	0.0	0.0	0.0	0.0	8.365160836516083	0.0	0.0	0.0	0.0	0.0	0.0324800032480003	0.8168600816860083	0.0	0.0	0.0883700088370008	0.0	0.0	0.0	0.0	0.0	0.0	0.108600010860001	0.0	0.0	0.0	0.0	0.0	0.0	0.0	0.0	0.0	0.0	0.0	0.0	0.0	0.0	0.0	0.0	0.0	0.0	0.0	0.0	1.662560166256017	0.0	0.0	0.0884200088420008	0.0	0.0	0.0	0.0	0.0	0.0	0.0	0.0	0.0	0.0	0.0	0.0	0.102820010282001	0.0	0.0	0.0	0.0	0.0	0.0131600013160001	0.0	0.0	0.0	2.256390225639023	0.0	0.0	0.0	0.0	0.0	0.0	1.109540110954011	0.0	0.0	0.0	1.911080191108019	0.1426300142630014	0.0488200048820004	0.0	0.0	0.0	19.9077119907712	0.1242700124270012	0.0	0.0	0.0	0.0	0.0	0.0	0.0	0.0865300086530008	0.0	0.0	0.0	0.0	0.8702700870270088	0.0	0.0	0.0	0.0	0.0	0.0	0.0	0.0	0.0	0.001690000169	0.0376400037640003	0.0	0.0	0.204040020404002	0.0	0.006980000698	0.0	0.0634300063430006	6.00000060000006e-05	0.004330000433	0.0115900011590001	0.0	0.0	0.0313800031380003	0.0	0.0	0.1197300119730012	0.0	0.0	0.0	0.0	0.2379100237910024	8.835220883522087	0.0	0.297650029765003	0.0	0.0	0.0	0.0	0.0	0.0	0.0	0.0	0.0	0.0	0.0	0.0	0.0	0.0	0.0	0.0	0.0	0.0	0.0	0.0	0.0	0.0403400040340004	0.0	0.0	0.0	0.0	0.0	0.0	0.0	0.0	0.0	0.0	0.0	0.9440200944020094	0.0	0.8966500896650089	0.0	0.0	0.0	1.424300142430014	0.0	0.0	0.0	0.0	0.0	0.0	0.0312400031240003	0.0	0.0	0.0	0.0	0.0	0.2821000282100028	0.0	0.0	0.0	0.0	0.0	0.0	0.0	0.0	0.0	0.0	0.0	0.0	2.768060276806028	0.0	0.0	0.0	0.0	0.0	0.0	0.0	0.0	0.0	0.0	0.0	0.0	0.0	0.0	0.0	0.0	0.0	1.733600173360018	14.94125149412515	0.0	0.0	0.0	0.0	0.0	0.0	0.008590000859	0.0	0.0	0.0	0.0	0.0	0.0	0.0	0.0456000045600004	0.0	0.0	0.0	0.0	0.0	0.0	0.0	0.0	0.0	0.0	0.0	0.0	0.0709400070940007	4.754940475494048	0.0	0.0	0.4549600454960046	0.0522100052210005	0.0	0.0	0.0	0.0	0.0	0.0	0.0	0.0431700043170004	0.0	0.0	0.0	0.0	0.0	0.0	0.0116800011680001	0.0	0.0	0.0	0.0	0.0	0.0	0.0	0.0	0.0	0.0	0.0	0.0	0.0	0.0	9.387780938778093	0.0	0.0	0.0	0.0	0.0	3.206640320664032	0.0	0.0	0.0	0.0	0.0	0.0	0.0	0.0	0.0	0.0
SRR7057638	0.0	0.0	0.0	0.0	0.0	0.0	0.0	0.0	0.1275899106870625	0.0	0.0	0.2608898173771277	0.0	6.358335549165115	0.0	0.0	0.0	0.0	0.0	0.0	0.0	0.0037699973610017	0.0	0.0	0.0	0.0	0.0	0.0	0.071649949845035	0.0841799410740411	0.0142399900320069	0.0	0.0	0.0	0.0	0.0	0.0	37.02518408237114	0.0	0.0	0.0	0.0	0.0	0.2029498579350994	0.2109898523071034	0.0	0.0	0.6661695336813264	0.0	0.0	0.0	0.0	0.0	0.0	0.2484298260991217	0.0	0.0	0.0	0.0	0.0	0.0	0.0	0.0	0.0	0.0	0.0	0.0	0.0	0.0	0.0	0.0	0.0	0.0	0.0	0.0	0.3895297273291908	0.0	0.0	0.026639981352013	0.0	0.0	0.0	0.0	0.0	0.0	0.0	0.0	0.0	0.0	0.0	0.0	0.0	0.006439995492003	0.0	0.0086899939170041	0.0011699991810005	0.0	0.0	0.004379996934002	0.0	0.0	0.6218495647053046	0.0	0.0050099964930023	0.0	0.0	0.0	0.0	0.443089689837217	0.0	0.0	0.0	0.0019099986630009	0.3443097589831686	0.0	0.0	0.0	0.0	3.557177509975742	0.0	0.0	0.0	0.0	0.0	0.0	0.0	0.0	0.3170297780791552	0.0	0.0	0.0	0.0	0.1492098955530731	0.0	0.0	0.0	0.0	0.0	0.0	0.0	0.0	0.0	0.0	0.0640099551930312	0.0	0.0	0.0	0.0	0.0841799410740411	0.0	0.0353799752340172	0.0	0.0121899914670059	0.0362699746110176	0.0	0.0	0.0	0.0	0.0	0.0	0.0	0.0	0.0	0.0	0.1420699005510696	4.722056694560314	0.0	1.520278935804745	0.0	0.0	0.0	0.0	0.0	0.0	0.0	0.0	0.0	0.1614798869640791	0.0	0.0	0.0	0.0	0.0	0.0	0.0	0.0	0.0	0.0	0.0	0.0355399751220173	0.0	0.0	0.0	0.0	0.0	0.0	0.0	0.0	0.0	0.0	0.0	0.234679835724115	0.0133499906550065	0.0	0.0	0.0	0.0	0.0	0.0	0.0	0.0	0.0	0.0	0.0	0.0	0.0	0.0	0.0	0.0	0.0	0.0	0.0	0.0	0.0	0.0	0.0	0.0	0.0	0.0	0.0	0.1799198740560881	0.0	0.0	2.334818365627144	0.0	0.0	0.0	0.0	0.0	0.0	0.0	0.0	0.0	0.0	0.0	0.0	0.0	0.0	0.0	0.0	0.0	1.973188618767967	21.39672502229249	0.0	0.0	0.0	0.0	0.0	0.0	0.0012999990900006	0.0	0.0	0.0	0.0	0.0	0.0	0.0	0.0147199896960072	0.0	0.0	0.0	0.0	0.0	0.0	0.0	0.0	0.0	0.0	0.0	0.0	0.0015299989290007	3.474737567683702	0.0	0.0	0.675559527108331	0.0185699870010091	0.0	0.0	0.0	0.0	0.0	0.0	0.0651399544020318	0.0	0.0	0.0	4.235497035152076	0.0	0.0	0.0	0.1769798761140867	0.0	1.553858912298761	0.0	0.0	0.0	0.0	0.0	0.0	0.0	0.0	0.0	0.0	0.0	0.0207599854680101	3.897957271429908	0.0	0.0	0.0	0.0	0.0018399987120009	1.006619295366493	0.0	0.0	0.0	0.0	0.7579794694143713	0.0	0.0	0.0	0.0	0.0
SRR7057639	0.0	0.0	0.0	0.0	0.0	0.0	0.0	0.0	0.0572199942780005	0.0	0.0	0.0	0.0	13.09092869090713	0.0	0.0	0.0	0.0	0.0	0.0	0.0	0.003609999639	0.0	0.0	0.0	0.0	0.0249499975050002	0.0	0.0904499909550008	0.0911699908830009	0.1792299820770017	0.0	0.0	0.0	0.0	0.0	0.0	25.10531748946825	0.0	0.0	2.188619781138021	0.0	0.0189199981080001	2.240539775946023	0.2066799793320021	0.0	0.0	0.0836899916310008	0.0	0.0	0.0	0.0	0.0	0.000869999913	0.0	0.0	0.0434899956510004	0.0	0.0	0.0	0.0	0.0	0.0	0.0	0.0	0.0	0.0	0.0	0.0	0.0	0.001659999834	0.0	0.0	0.0	0.0	0.4352499564750045	0.0	0.0	0.0	0.0	0.0	0.0	0.3037999696200031	0.0	0.0293899970610002	0.0	0.0	0.0	0.0	0.0	0.0	0.0	2.151289784871022	0.0	0.0	0.0161699983830001	0.0	0.0153299984670001	0.0	0.0	0.0	1.491429850857015	0.002839999716	0.6294499370550064	0.0	0.0	0.0	0.0	0.9131599086840092	0.0	0.0	0.0	0.3108399689160031	0.6505899349410066	0.0	0.0	0.0	0.0	7.137929286207072	0.004989999501	0.0	0.0	0.0	0.0	0.009779999022	0.0	0.0	0.6623499337650067	0.0	0.0	0.0	0.0	0.1719899828010018	0.005229999477	0.0	0.0	0.0	0.0	0.004229999577	0.0	0.0	0.0	0.0243299975670002	0.0271799972820002	0.0	0.0	0.1282699871730012	0.0	0.99465990053401	0.0504499949550005	0.0	0.0	0.008969999103	0.002929999707	0.0	0.0	0.0	0.0	0.0	0.0	0.0	0.0	0.0	0.0	0.0965199903480009	0.3489299651070035	0.0	1.163059883694012	0.0	0.0	0.0	0.0	0.0	0.0	0.0	0.0	0.0	0.2723599727640026	0.0	0.0104799989520001	0.0	0.0	0.0	0.0	0.0	0.0	0.0	0.0	0.0	0.0	0.00019999998	0.0	0.0	0.0	0.0	0.0	0.0	0.000709999929	0.0	0.0	0.0	1.753689824631018	0.0	0.00259999974	0.0	0.0	0.0	0.0	0.0	0.0	0.0	0.0	0.0	0.0	0.0	0.0	0.0	0.0	0.0	0.0	0.0	0.0	0.0	0.0	0.0	0.0	0.4492699550730045	0.0	0.0	0.0	1.217099878290012	0.0	0.0	2.780109721989028	0.0	0.0	0.0	0.0	0.0	0.0685199931480006	0.0	0.0	0.000789999921	0.0	0.0	0.0	0.0	0.0	0.0	0.0	0.0	1.269399873060013	9.198459080154096	0.0	0.0	0.0	0.0	0.0	0.0582299941770005	0.0	0.0	0.0	0.0	0.0	0.0	0.0	0.0	0.005449999455	0.0	0.0	2.397959760204024	0.0	0.0	0.0	0.0	0.0	0.0	0.0	0.0	0.0	0.0182999981700001	0.6785499321450069	0.0	0.0	3.791909620809038	0.2893499710650029	0.0	0.0	0.0	0.0	0.0	0.0	0.0310099968990003	0.0	0.0	0.0	0.0538999946100005	0.0	0.0	0.0	0.0332699966730003	0.0	0.0	0.0	0.0	0.0	0.0	0.0	0.0	0.0	0.0	0.0	0.0	0.0	0.7273899272610074	10.2365289763471	0.0	0.0	0.0	0.0	0.0872299912770008	3.348549665145033	0.0	0.0	0.0	0.0	0.0	0.0	0.0	0.0	0.0	0.0
SRR7057640	0.0	0.0	0.0	0.0	0.0	0.0	0.006770002708001	0.0	0.5392302156920863	0.0	0.0	0.0026400010560004	0.0	9.941753976701593	0.0094600037840015	0.0	0.0	0.0	0.0	0.0	0.0	0.0397700159080063	0.0	0.0	0.0	0.0	0.0614700245880098	0.0	0.2200400880160352	0.4545701818280727	0.0043600017440006	0.0	0.0	0.0	0.0	0.0	0.0	8.1367332546933	0.0	0.0	0.0	0.0	0.0087700035080014	0.331150132460053	0.3157201262880505	0.0	0.0	0.269050107620043	0.0	0.0	0.0	0.0	0.0	0.0052900021160008	1.265080506032202	0.0	0.0	0.0	0.0	0.0	0.0	0.0	0.0	0.0	0.0	0.0	0.0	0.0	0.0	0.0	0.006270002508001	0.0	0.0	0.0	0.0	1.760540704216282	0.0	0.0399400159760063	0.0452500181000072	0.0	0.0	0.0	0.0	0.0	0.4964201985680793	0.0	0.0	0.0	0.0	0.0	0.0	0.0	0.0024900009960003	0.0	0.0	0.0	0.0	0.0679500271800108	0.0	0.0	0.0	0.2098200839280335	0.0022300008920003	0.0991600396640158	0.0	0.000510000204	0.0	0.0	0.4174501669800667	0.0	0.0	0.0	0.0	0.0184400073760029	0.0	0.0	0.0	0.050900020360008	2.096080838432336	0.0016200006480002	0.0	0.0	0.0	0.0	0.0	0.0	0.0	0.4522401808960724	0.0	0.0	0.0	0.0	0.0844900337960135	0.0	0.0	0.0	0.0	0.0	0.0	0.0	0.0	0.0	0.0	0.0010100004040001	0.0	0.0	0.0867900347160138	0.0	0.1868400747360299	0.0091000036400014	0.106320042528017	0.0	0.0	0.4408901763560706	0.0	0.0	0.0	0.0	0.0	0.0	0.0	0.0	0.0	0.0	0.0352200140880056	4.886361954544782	0.0	0.0	0.0	0.0	0.0	0.0	0.0	0.0	0.0	0.0	0.0	0.0	0.0	0.0102500041000016	0.0	0.0	0.0	0.0	0.0	0.0	0.0	0.0	0.0	0.0034200013680005	0.0	0.0	0.0	0.0	0.0	0.0	0.0	0.0030700012280004	0.0	0.0	0.0	0.1638000655200262	0.0	0.1702100680840272	0.0	0.0	0.0	0.0	0.0	0.0	0.0	0.0	0.0	0.0	0.0	0.0	0.0	0.0	0.0	0.0	0.0	0.0	0.0	0.0	0.0	0.0	0.0	0.0	0.0	0.0	1.925460770184308	0.0	0.0	2.150620860248344	0.0	0.0	0.0	0.0	0.0	1.440850576340231	0.0	0.0	0.0	0.0	0.0	0.0	0.0	0.0	0.0	0.0	0.0	3.518011407204563	7.034992813997125	0.0	0.0	0.0	0.0	0.0	0.0	0.0	0.0	0.0	0.0	0.0	0.0	0.0	0.0	0.0020800008320003	0.0	0.0	0.0760400304160121	0.0	0.2309300923720369	0.0	0.0	0.0242300096920038	0.0	0.0	0.0	0.0	0.0024200009680003	1.385410554164222	0.0	0.0	2.036410814564326	0.1218700487480195	0.0	0.0	0.0	0.0	0.0	0.0	14.84672593869037	0.000480000192	0.0	0.0	1.06384042553617	0.0	0.0	0.0	0.006250002500001	0.0	0.0	0.0	0.0	0.0	0.0	0.0	0.0	0.0	0.0	0.0	0.0	0.0	0.0	28.67738147095259	0.0	0.0	0.0	0.0	0.0030400012160004	0.2808601123440449	0.4198801679520672	0.0	0.0	0.0	1.18527047410819	0.0	0.0	0.0	0.0	0.0
SRR7057641	0.0	0.0	0.0	0.0	0.0	0.0	0.0	0.0	0.0	0.0	0.0	0.0	0.0	0.9961997011400896	0.0	0.0	0.2946999115900265	0.0	0.0	0.0	0.0	0.0	0.0	0.0	0.0	0.0	0.0	0.0	0.155639953308014	0.2510899246730225	0.0264299920710023	0.0	0.0	0.0	0.0	0.0	0.0	53.22291403312579	0.0	0.0	0.0	0.0	0.0	0.2194299341710197	0.0	0.0	0.0	0.4614498615650416	0.0	0.0	0.0	0.0	0.0	0.1606399518080144	0.0	0.0	0.0	0.0	0.0	0.0	0.0	0.0	0.0	0.0	0.0	0.0	0.0	0.0	0.0	0.0	0.0	0.0	0.0	0.0	0.0043599986920003	0.5272298418310475	0.0	0.0	0.0	0.0	0.0	0.0	0.0	0.0	0.0	0.0	0.0	0.0	0.0	0.0	0.0	0.0	0.000309999907	0.0	0.0	0.000549999835	0.0	0.0252799924160022	0.0	0.0	0.0	0.6398898080330575	0.011149996655001	0.0840899747730075	0.0	0.0	0.0	0.0	0.5868398239480529	0.0	0.0	0.0	0.0247799925660022	0.0012699996190001	0.0	0.0	0.0	0.0	18.77818436654469	0.022979993106002	0.0	0.0	0.0	0.0	0.0	0.0	0.0	0.6209498137150559	0.0	0.0	0.0	0.0	0.0	0.0051799984460004	0.0	0.0	0.0	0.0	0.0	0.0	0.0	0.0	0.0	0.145229956431013	9.999997000000902e-05	0.0	0.0	0.0	0.1087599673720097	0.0	0.0	0.0	0.0126399962080011	0.0	0.0	0.0	0.0	0.0	0.0	0.0	0.0	0.0	0.0	0.0	0.2832899150130255	0.0605899818230054	0.0	0.0	0.0	0.0	0.0	0.0	0.0	0.0	0.0	0.0	0.0	0.0	0.0	0.0	0.0	0.0	0.0	0.0	0.0	0.0	0.0	0.0	0.0	0.0	0.0	0.0	0.0	0.0	0.0	0.0	0.0	0.0	0.0	0.0	0.0	3.709328887201334	4.106938767918369	0.0	0.0	0.0	0.0	0.0	0.0	0.0	0.0	0.0	0.0	0.0	0.0	0.0	0.0	0.0	0.0	0.0	0.0	0.0	0.0	0.0	0.0	0.0	0.0	0.0	0.0	0.0	0.0017499994750001	0.0	0.0	6.460758061772581	0.0	0.0	0.0	0.0	0.0	0.0794799761560071	0.0	0.0	0.0	0.0	0.0	0.0	0.0	0.0	0.0	0.0	0.0	0.9342497197250842	0.1625399512380146	0.0	0.0	0.0	0.0	0.0	0.0	0.001029999691	0.0	0.0	0.0	0.0	0.0	0.0	0.0	0.0	0.0	0.0	0.0	0.0	0.2276999316900205	0.0	0.0	0.0	0.0	0.0	0.0	0.0	0.0	2.44200926739722	0.0	0.0	0.1042699687190093	0.0501999849400045	0.0	0.0	0.0	0.0	0.0	0.0	0.0648999805300058	0.0030899990730002	0.0	0.0	0.0	0.0	0.0	0.0	0.0	0.0	2.191159342652198	0.0	0.0	0.0	0.0	0.0	0.0	0.0	0.0	0.0	0.0	0.0	0.723139783058065	0.9862597041220882	0.0	0.0	0.0	0.0	0.0190499942850017	0.0	0.0	0.0	0.0	0.0	0.0	0.0	0.0	0.0	0.0	0.0
SRR7057642	0.0	0.0	0.0	0.0	0.0	0.0	0.0	0.0	0.0638499999999999	0.0	0.0	0.00352	0.0	0.84572	0.01623	0.0	0.0	0.0	0.0	0.0	0.0	0.0071599999999999	0.0	0.0	0.0	0.008	0.0064099999999999	0.0	0.07218	0.05334	0.0047099999999999	0.0	0.0	0.0	0.0	0.0	0.0	13.417	0.0	0.0	0.3003299999999999	0.0	0.0	0.24286	0.3655499999999999	0.0	0.0	0.8260200000000001	0.0	0.0	0.0	0.0	0.0	0.0	0.0	0.0	0.0	0.0	0.0	0.0	0.0	0.0	0.0	0.0	0.0	0.0	5.999999999999999e-05	0.0	0.0	0.0	0.0	0.0	0.0	0.0	0.0	1.786	0.0	0.00111	0.0	0.0	0.0	0.0	0.0	0.0	0.01219	0.0	0.0	0.0	0.0	0.0	0.0	0.0	0.01632	0.0	0.0	0.0	0.0	0.02591	0.0	0.0	0.0	0.2673599999999999	0.0020999999999999	0.0045399999999999	0.0	0.0	0.0	0.0	0.26451	0.0	0.0	0.0	0.0367599999999999	1.62122	0.0463199999999999	0.0	0.0	0.06355	7.291680000000002	0.01449	0.0	0.0	0.0	0.0	0.0	0.0	0.0	0.16886	0.0	0.0	0.0	0.0	0.13839	0.0	0.0	0.0	0.0	0.0	0.0	0.0	0.0	0.0	0.0	0.01703	0.0	0.0	0.0069899999999999	0.0	0.0058999999999999	0.00914	0.13597	0.0	0.0425299999999999	0.0	0.0	0.0	0.0	0.0	0.0	0.0	0.0	0.0	0.0	0.0	0.02771	14.21078	0.00184	0.18965	0.0	0.0	0.0	0.0	0.0	0.0	0.0	0.0	0.0	0.01921	0.0	0.00461	0.0	0.0	0.0	0.0	0.0	0.0	0.0	0.0	0.0	0.00217	0.00129	0.0057099999999999	0.0	0.0	0.0	0.0	0.0	0.0005	0.0	0.0	0.0	1.51361	11.70261	0.0	0.0	0.0	0.0	0.0	0.0	0.0	0.0	0.0	0.0	0.0	0.0	0.0	0.0	0.0	0.0	0.0	0.0	0.0	0.0	0.0	0.0	0.0	0.0887199999999999	0.0	0.0	0.0	1.26657	0.0	0.0	0.8333799999999999	0.0	0.0	0.0	0.0	0.0	0.01058	0.0	0.0	0.0	0.0	0.0	0.0	0.0	0.0	0.0	0.0	0.0	3.08359	25.05247	0.0	0.0	0.0	0.0	0.0	0.0	0.3909199999999999	0.0	0.0	0.0	0.0	0.0	0.0	0.0	0.0046199999999999	0.0	0.0	0.0	0.0	0.0758399999999999	0.0	0.0	0.0	0.0	0.0	0.0	0.0	0.0071599999999999	0.99295	0.0	0.0	2.63298	0.0912099999999999	0.0	0.0	0.0	0.0	0.0	0.0006599999999999	0.0657299999999999	0.0442499999999999	0.0	0.0	0.0055599999999999	0.0	0.0	0.0	0.6377999999999999	0.0	0.11977	0.0	0.0	0.0	0.0	0.0	0.0	0.0	0.0	0.0	0.0	0.0	0.0	8.097259999999999	0.0	0.0	0.0	0.0	0.16546	0.44102	0.0	0.0	0.0	0.0	0.0	0.0	0.0	0.0	0.0	0.0
SRR7057643	0.0	0.0	0.0	0.0	0.0	0.0	0.0	0.0	0.3122403122403122	0.0	0.0	0.0142300142300142	0.0	11.14302114302114	0.073040073040073	0.0	0.0	0.0	0.0	0.0	0.0	0.0	0.0	0.0	0.0	0.0	0.0	0.0095700095700095	0.0019400019400019	0.051060051060051	0.0055200055200055	0.0	0.0	0.0	0.0	0.0	0.0	1.903471903471904	0.0	0.0	1.153941153941154	0.0	0.0	0.3588503588503589	0.3434903434903435	0.0	0.0	0.0604300604300604	0.0	0.0	0.0	0.0	0.0	0.0	0.0792700792700792	0.0	0.0	0.0	0.0	0.0	0.0	0.0	0.0	0.0	0.0	0.0	0.0	0.0	0.0	0.0	0.0004900004900004	0.0	0.0	0.0	0.0	0.4402804402804402	0.0	0.0	0.0129600129600129	0.0029800029800029	0.0188000188000188	0.0	0.0	0.0065900065900065	1.996121996121996	0.0	0.0	0.0	0.0	0.0	0.0	0.0004100004100004	6.658256658256659	0.0	0.0	0.0	0.0	0.1142601142601142	0.0	0.0	0.0	0.1279201279201279	0.0	0.0	0.0	0.0	0.0	0.0	0.0192400192400192	0.0	0.0	0.0	0.1702401702401702	0.0041500041500041	0.0194600194600194	0.0	0.0	0.01002001002001	5.044245044245044	0.0462700462700462	0.0	0.0	0.0	0.0	0.0	0.0	0.0	0.0077700077700077	0.0	0.0	0.0	0.0	0.141020141020141	9.000009000009001e-05	0.0	0.0	0.0	0.0	0.1133201133201133	0.0	0.0	0.0	0.0	0.0038700038700038	0.0	0.3648803648803649	0.0109500109500109	0.0	0.0078000078000077	0.0	0.0417800417800417	0.0	0.0092600092600092	0.1392001392001392	0.0079200079200079	0.0	0.0065300065300065	0.0	0.0328200328200328	0.0	0.0	0.0	0.0	0.0	0.0	2.061872061872062	0.0001700001700001	0.0457100457100457	0.0	0.0	0.0	0.0	0.0	0.0	0.0	0.0	0.0	0.0003700003700003	0.0	0.0004000004000004	0.0	0.0	0.0	0.0	0.0	0.0	0.0	0.0	0.0	0.0	0.0102400102400102	0.0	0.0	0.0	0.0	0.0	0.0	0.0	0.0	0.0	0.0	0.3126203126203126	2.714712714712715	0.0	0.0	0.0	0.0	0.0	0.0	0.0	0.0	0.0	0.0	0.0	0.0	0.0	0.0	0.0	0.0	0.0	0.0	0.0	0.0	0.0	0.0	0.0	0.3443803443803444	0.0004200004200004	0.0	0.0	2.824032824032824	0.0	0.0	0.971020971020971	0.0	0.0	0.0	0.0	0.0	0.1248701248701248	0.0	0.0	0.0	0.0	0.0	0.0	0.0	0.0	0.0	0.0	0.0	0.197050197050197	7.206927206927208	0.0	0.0	0.0	0.0	0.0	0.093020093020093	1.011531011531012	0.0	0.0	0.0	0.0019500019500019	0.0	0.0	0.0	0.0	0.0	0.0	0.0	0.0	0.0175000175000175	0.0	0.0	0.0	0.0	0.0	0.0	0.0	0.0083000083000083	2.101602101602102	0.0	0.0	0.232080232080232	0.0967200967200967	0.0	0.0	0.0	0.0	0.0	0.0	24.32682432682433	0.0	0.0	0.0	0.2283502283502283	0.0	0.0	0.0	0.0089300089300089	0.0	0.14998014998015	0.0	0.0	0.0	0.0	0.0	0.0	0.0	0.0	0.0	0.0	0.0	0.0	23.13991313991314	0.0	0.0	0.0	0.0	0.0457900457900457	0.0181300181300181	0.0	0.0	0.0	0.0	0.5965005965005965	0.0	0.0012300012300012	0.0168700168700168	0.0	0.0
SRR7057644	0.0	0.0	0.0	0.0	0.0	0.0	0.0	0.0	0.0673099932690005	0.0	0.0	0.0124499987550001	0.0	1.157279884272012	0.0	0.0	0.0	0.0	0.0	0.0	0.0	0.0109199989080001	0.0	0.0	0.0	0.0	0.0391699960830003	0.0	0.0419999958000003	0.103939989606001	0.0894599910540008	0.0	0.0	0.0	0.0	0.0	0.0	33.08410669158934	0.0	0.0	0.0	0.0	0.0	0.4265899573410042	0.3309999669000032	0.0	0.0	0.1347399865260013	0.0	0.0	0.0	0.0	0.0	0.0	0.0	0.0	0.0	0.0	0.0	0.0	0.0	0.0	0.0	0.0	0.0	0.0	0.0	0.0	0.0	0.0	0.0059799994019999	0.0	0.0	0.0	0.0	0.8977799102220092	0.0	0.0	0.2423699757630023	0.0	0.0	0.0	0.0	0.0	0.0	0.0	0.0	0.0	0.0	0.0	0.0	0.2239399776060022	0.0009599999039999	0.0	0.0	0.0	0.0	0.0244899975510002	0.0	0.0	0.0	1.291149870885013	0.0176199982380001	0.0260099973990001	0.0	0.0	0.0	0.0	0.105389989461001	0.0	0.0	0.0	0.413889958611004	0.4704499529550046	0.0159099984090001	0.0	0.0	0.1703399829660017	5.245929475407053	0.0088499991149999	0.0	0.0	0.0	0.0	0.0	0.0	0.0	0.4554899544510045	0.0	0.0	0.0	0.0	0.2843799715620028	0.0	0.0	0.0	0.0	0.0	0.0	0.0	0.0	0.0	0.0	0.0	0.0	0.0	0.0499399950060004	0.0	0.1084599891540011	0.0	0.0	0.0	0.0002999999699999	0.0	0.0	0.0	0.0	0.0	0.0	0.0	0.0	0.0	0.0	0.0	0.0676299932370005	0.8809599119040087	0.0	0.1474399852560014	0.0	0.0	0.0	0.0	0.0	0.0	0.0	0.0	0.0	0.0650699934930005	0.0	0.0308699969130003	0.0	0.0	0.0	0.0	0.0	0.0	0.0	0.0	0.0	0.0	0.0	0.00149999985	0.0	0.0	0.0	0.0	0.0	0.001309999869	0.0	0.0	0.0	0.7553399244660075	4.498509550149044	0.0	0.0	0.0	0.0	0.0	0.0	0.0	0.0	0.0	0.0	0.0	0.0	0.0	0.0	0.0	0.0	0.0	0.0	0.0	0.0	0.0	0.0	0.0	0.8177099182290083	0.0	0.0	0.0	0.0	0.0	0.0	1.829859817014018	0.0	0.0	0.0	0.0	0.0	2.118319788168021	0.0	0.0	0.0	0.0	0.0	0.0	0.0	0.0	0.0	0.0	0.0	2.287829771217023	13.58879864112014	0.0	0.0	0.0	0.0	0.0	0.0	0.0	0.0	0.0	0.0	0.0	0.0	0.0	0.0	0.00449999955	0.0	0.0	0.0	0.0	0.0	0.0	0.0	0.0	0.0	0.0	0.0	0.0	0.0	0.7377099262290073	0.0	0.0	16.76795832320417	0.1765399823460017	0.0	0.0	0.0	0.0	0.0	0.0	0.0143799985620001	0.0138199986180001	0.0	0.0	0.0	0.0	0.0	0.0	0.0623999937600005	0.0	0.0	0.0	0.0	0.0	0.0	0.0	0.0	0.0	0.0	0.0	0.0	0.0	1.263179873682013	5.992219400778059	0.0	0.0	0.0	0.0	0.0004999999499999	2.317049768295023	0.0	0.0	0.0	0.0	0.0	0.0	0.0	0.0	0.0	0.0
SRR7057645	0.0	0.0	0.0	0.0	0.0	0.0	0.0	0.0	0.0683254113725807	0.0	0.0	0.3194553008598281	0.0	6.142086453247098	0.0	0.0	0.0	0.0	0.0	0.0	0.0	0.0278522058947068	0.0	0.0	0.0	0.0	0.0	0.0200815904619645	0.0200715896699018	0.3731195510684447	0.0096107611722848	0.0	0.0	0.0	0.0	0.0	0.0	12.39625178314123	0.0	0.0	0.0	0.0	0.0025602027680592	0.0256920348091568	0.1106987673423735	0.0	0.0	0.924013181844002	0.0	0.0	0.0	0.0	0.0	0.0	0.0	0.0	0.0	0.0	0.0	0.0	0.0	0.0	0.0	0.0	0.0	0.0	0.0	0.0	0.0	0.0	0.0	0.0	0.0	0.0	0.0	3.098305385786555	0.0	0.0720657076040422	0.0944074770721841	0.0	0.0006600522761402	0.0	0.0	0.0001200095047527	1.199114969905617	0.0	0.0	0.0	0.0	0.0	0.0	0.2857126284401725	0.0211616760047395	0.0	0.0	0.0	0.0	0.240089015049992	0.0	0.0	0.0	0.1217596433637544	0.0	0.0236818756045478	0.0	0.0	0.0	0.0	0.358548397033045	0.0	0.0	0.0	0.0280722233200869	0.0484638383359962	0.0659652244457761	0.0	0.0	0.0421633393364754	5.645687138421364	0.6929548820266566	0.0	0.0	0.0	0.0	0.0	0.0	0.0	0.035402803902069	0.0	0.0	0.0	0.0119609473070267	0.3664190203864146	0.0	0.0	0.0	0.0	0.0	0.1317704362185485	0.0	0.0	0.0010500831665867	0.0	0.0641950842506726	0.0	0.0033002613807013	0.0034702748457677	0.0	0.0123609789895359	0.0	0.0580645987162183	0.0	0.0167713282892005	0.1019180719112953	0.0	0.0048703857345501	0.0	0.0	0.0	0.0117209282975211	0.0	0.0	0.0	0.0	0.0017601394030407	2.444033567458543	0.0	0.0546943317910778	0.0	0.0	0.0	0.0	0.0	0.0	0.0	0.0	0.0	0.0044703540520409	0.0	0.0	0.0	0.0	0.0	0.0	0.0	0.0	0.0	0.0	0.0	0.0	0.0	0.0	0.0	0.0	0.0	0.0	0.0	0.0	0.0	0.0	0.0	0.2803722054786739	0.2690613096557248	0.0	0.0	0.0	0.0	0.0	0.0	0.0	0.0	0.0	0.0	0.0	0.0	0.0	0.0	0.0	0.0	0.0	1.369868493584692	0.0	0.0	0.0	0.0	0.0	0.4245736262311975	0.0306724292563971	0.0	0.0	2.219685799115291	0.0	0.0	1.562533752673212	0.0	0.0	0.0	0.3300361388621979	0.0	1.957465031230474	0.0	0.0	0.0	0.0	0.0	0.0	0.0	0.0	0.0	0.0	0.0	0.3218154877866327	4.515097595729582	0.0	0.0	0.0	0.0	0.0	0.0	10.85590978805521	0.0	0.0	0.0	0.0	0.0	0.0	0.0	0.0053904269218122	0.0	0.0	0.5653647768903298	0.0	0.0116109195848311	0.0	0.0	0.0	0.0	0.0	0.0	0.0	0.0094607492913438	2.0980161628801	0.0	0.0	0.4140627937732668	0.0334426486577736	0.0	0.0	0.0	0.0	0.0	0.0	0.0	0.018501465316053	0.0027702194013765	0.0	0.8701189134179428	0.0	0.0	0.0	0.0263320855011716	0.0	0.0	0.0	0.0	0.0	0.0	0.0	0.0	0.0	0.0	0.0	0.0	0.0	0.0	33.13245409036396	0.0	0.0	0.0	0.0	0.0020701639569853	0.1249798984079539	0.9240631858043158	0.0	0.0	0.0	1.817283928887168	0.0	0.0	0.0	0.0	0.0
SRR7057646	0.0	0.0	0.0	0.0	0.0	0.0	0.0	0.0	0.0671782321722115	0.0059116044094367	0.0	0.0	0.0	4.542502835269493	0.0	0.0	0.0	0.0	0.0	0.0	0.0	0.0662879905606381	0.0	0.0	0.0	0.0	0.0	0.0054014659578609	0.2064060185934462	0.1296951992770837	0.0134936621799156	0.0	0.0	0.0	0.0	0.0	0.0	11.8344018566639	0.0	0.0	0.0	0.0	0.0	0.0126834422862364	0.2513182077615865	0.0	0.0	0.3071333559928164	0.0	0.0	0.0	0.0	0.0	0.0	0.0	0.0	0.0	0.0	0.0	0.0	0.0	0.0	0.0	0.0	0.0	0.0	0.0	0.0	0.0	0.0	0.0	0.0	0.0	0.0	0.0	2.676296346828529	0.0	0.072689727992177	0.090524568367855	0.0	0.0	0.0	0.0	0.0	0.1063488630814403	0.0	0.0	0.0	0.0	0.0	0.0	0.0	2.539669266238857	0.0	0.003901058747344	0.0	0.0	0.0821823042773808	0.0	0.0	0.0	0.0305582935208615	0.0	0.0117331843862424	0.0	0.0	0.0	0.0	0.1066389418088069	0.0	0.0	0.0	0.250477979723697	0.4839513443948688	0.0388005304639679	0.0	0.0	1.843710382997945	8.057006671610676	0.3654291774787677	0.0	0.0	0.0	0.0	0.0	0.0	0.0	0.0626269969669768	0.0	0.0	0.0	0.0	0.0232363063335389	0.0	0.0	0.0	0.0	0.0	0.2032151525924136	0.0	0.0	0.0	0.0	0.0375801992660808	0.0	0.0	0.0163944494535817	0.0	0.0029207927031396	0.0	0.0565253409775413	0.0001300352915781	0.6164172956540405	0.0990768894678015	0.0	0.0	0.0	0.0	0.0	0.0	0.0	0.0	0.0	0.0	0.0021805918126179	7.017454537161385	0.0	0.0199454131851384	0.0	0.0	0.0	0.0	0.0	0.0	0.0	0.0	0.0	0.008482302096789	0.0	0.0	0.0	0.0	0.0	0.0	0.0	0.0	0.0	0.0	0.0	0.0380003132850255	0.0	0.0	0.0	0.0	0.0	0.0	0.0	0.0	0.0	0.0	0.0	1.389857207246047	0.0	0.0	0.0	0.0	0.0	0.0	0.0	0.0	0.0	0.0	0.0	0.0	0.003130849712612	0.0	0.0	0.0	0.0	0.0	0.0671182158837908	0.0	0.0	0.0	0.0	0.0	0.6846958264472978	0.0	0.0	0.0	1.502897886486392	0.0065717835820641	0.0	0.9448464313214608	0.0	0.0	0.0	0.0	0.0	0.7608765018826109	0.0	0.0	0.0	0.0	0.0	0.0	0.0	0.0	0.0	0.0	0.0	0.0	23.20791862911594	0.0	0.0	0.0	0.0	0.0	0.0	0.0011703176242032	0.0	0.0	0.0	0.0004001085894711	0.0	0.0	0.0	0.0027407438378775	0.0	0.0	0.0	0.0	0.0344893604124159	0.0	0.0	0.0	0.0	0.0	0.0	0.0	0.0034109257252418	5.551206597470553	0.0	0.0	2.514032308368491	0.0397907992229091	0.0	0.0	0.0	0.0	0.0	0.0	0.0092725165609946	0.0	0.0	0.0	0.0	0.0	0.0	0.0	0.0427215946407855	0.0	0.0	0.0	0.0	0.0	0.0	0.0	0.0	0.0	0.0	0.0	0.0	0.0	0.0	20.43627640541643	0.0	0.0	0.0	0.0	0.0325388310387439	0.3575170301219751	0.0	0.0	0.0	0.0	0.0	0.0	0.0	0.0	0.0	0.0
SRR7057647	0.0	0.0	0.0	0.0	0.0	0.0	0.0	0.0	0.0550094197501929	0.0	0.0	1.094204106662835	0.0	8.54903623936913	0.0	0.0	0.0	0.0	0.0	0.0	0.0	0.0	0.0	0.0	0.0	0.0	0.0434711514271126	0.0	0.0109478452258888	0.6433710396870397	0.0027019362074862	0.0	0.0	0.0	0.0	0.0	0.0	23.06939152596751	0.0	0.0	0.0	0.0	0.0	0.2829027280949528	0.3548042527275045	0.0	0.0	0.030341742892957	0.0	0.0	0.0	0.0	0.0	0.0	0.0	0.0	0.0	0.0	0.0	0.0	0.0	0.0	0.0	0.0	0.0	0.0	0.0	0.0	0.0	0.0	0.0	0.0	0.0	0.0	0.0	0.7067564616804402	0.0	0.0008906382313565	0.0122387703027989	0.0	0.0	0.0	0.0	0.0	0.0984505496638891	0.0	0.0	0.0	0.0	0.0	0.0	0.0	0.002221591992822	0.0	0.0	0.0138799463695684	0.0	0.0027719864054581	0.0	0.0	0.0	0.3202895194696519	0.0	0.0007505378354128	0.0	0.0	0.0	0.0	0.5192320817097531	0.0	0.0	0.0	0.0040629114823682	0.130783719613475	0.0755441349270887	0.0	0.0	0.0	3.389208706959407	0.0028020079188746	0.0	0.0	0.0	0.0	0.0	0.0	0.0	0.2500191637327308	0.0	0.0	0.0	0.0029220939725407	0.0309721946747038	0.0	0.0	0.0	0.0	0.0	1.338769362124899	0.0	0.0	0.0	0.0	0.0032523306201223	0.0	0.0	0.0538485878980877	0.0	0.0117484189169959	0.0120686483934387	0.0699701406027559	0.0026819218652086	0.0	0.0042230262205896	0.0	0.0	0.0	0.0	0.0	0.0030922158819009	0.0	0.0	0.0	0.0	0.0	3.906859655629224	0.0	0.2468368833105803	0.0	0.0	0.0	0.0	0.0	0.0	0.0	0.0	0.0	0.0853711769854277	0.0	0.0008406023756623	0.0	0.0	0.0	0.0	0.0	0.0	0.0	0.0	0.0	0.0	0.0	0.0	0.0	0.0	0.0	0.0	0.0	0.0	0.0	0.001230882050077	0.0	0.077875805802438	1.896208823242736	0.0	0.0	0.0	0.0	0.0	0.0	0.0	0.0	0.0	0.0	0.0	0.0	0.0	0.0	0.0	0.0	0.0	0.0	0.0	0.0	0.0	0.0	0.0	0.0	0.0	0.0	0.0	2.263251846273039	0.0	0.0	2.872458403692085	0.0	0.0	0.0	0.0	0.0	1.158590245770119	0.0	0.0	0.0	0.0	0.0	0.0	0.0	0.0	0.0	0.0	0.0	1.89762984154445	35.8305761908984	0.0	0.0	0.0	0.0	0.0	0.0	0.0005003585569419	0.0	0.0	0.0	0.0	0.0	0.0	0.0	0.0	0.0	0.0	0.0	0.0	0.0	0.0	0.0	0.0	0.0	0.0	0.0	0.0	0.0106376229205848	3.266610853337501	0.0	0.0	1.93200447440636	0.056430438051908	0.0	0.0	0.0	0.0	0.0	0.0	0.0496255616774979	0.0	0.0	0.0	0.000120086053666	0.0	0.0	0.0	0.0221558769013875	0.0	0.0	0.0	0.0	0.0	0.0	0.0	0.0	0.0	0.0	0.0	0.0	0.0	0.0	2.790009320679197	0.0	0.0	0.0	0.0	0.1653985245827159	0.2691428677790505	0.0	0.0	0.0	0.0	0.0	0.0	0.0	0.0	0.0	0.0
SRR7057648	0.0	0.0	0.0	0.0	0.0	0.0009599999999999	0.0	0.0	0.20076	0.0	0.0	0.0	0.0	6.05226	0.01765	0.0	0.0	0.0	0.0	0.0	0.0	0.0	0.0	0.0	0.0	0.0	0.00549	0.0	0.10791	0.30466	0.00137	0.0	0.0	0.0	0.0	0.0	0.0	19.09255	0.0	0.0	0.93225	0.0	0.0	0.00495	0.00057	0.0	0.0	0.27633	0.0	0.0	0.0	0.0	0.0	0.0	0.30321	0.0	0.0	0.0	0.0	0.0	0.0	0.0	0.0	0.0	0.0	0.0	0.0	0.0	0.0	0.0	0.0	0.0	0.0	0.0	0.0	3.2063	0.0	0.0	0.06229	0.0	0.0	0.0	0.0	0.0	0.47846	0.0	0.0	0.0	0.0	0.0	0.0	0.0	0.01554	0.0	0.0	0.0	0.0	0.00151	0.0	0.0	0.0	0.14401	0.00031	0.0	0.0	0.01016	0.0	0.0	0.73219	0.0	0.0	0.0	0.55446	0.2764	0.0	0.0	0.0	0.05174	5.05496	0.06187	0.0	0.00414	0.0	0.0	0.0	0.0	0.0	0.56682	0.0	0.0	0.0	0.0	0.34826	0.0	0.0	0.0	0.0	0.0	0.0	0.0	0.0	0.0	0.0	0.00354	0.0	0.0	0.04134	0.0	0.00875	0.0	0.09466	0.0	0.0037799999999999	0.00866	0.0	0.0	0.0	0.0	0.0	0.0	0.0	0.0	0.0	0.0	0.0351	5.47256	0.0	0.05895	0.0	0.0	0.0	0.0	0.0	0.0	0.0	0.0	0.0	0.34259	0.0	0.07526	0.0	0.0	0.0	0.0	0.0	0.0	0.0	0.0	0.0	0.0	0.0	0.0	0.0	0.0	0.0	0.0	0.0	0.0	0.0	0.0	0.0	0.46923	0.0058	0.0	0.0	0.0	0.01604	0.0	0.0	0.0	0.0	0.0	0.0	0.0	0.0	0.0	0.0	0.0	0.0	0.0	0.01319	0.0	0.0	0.0	0.0	0.0	0.71641	0.0	0.0	0.0	2.2905	0.0	0.0	0.36827	0.0	0.0	0.0	0.0	0.0	0.23902	0.0	0.0	0.0	0.0	0.0	0.0	0.0	0.0	0.0	0.0	0.0	2.51202	20.31969	0.0	0.0	0.0	0.0	0.0	0.0	6.930069999999999	0.0	0.0	0.0	0.0	0.0	0.0	0.0	0.04486	0.0	0.0	0.0	0.0	0.0	0.0	0.0	0.0	0.0	0.0	0.0	0.0	0.0	4.04825	0.0	0.0	1.30235	0.11814	0.0	0.0	0.0	0.0	0.0	0.0	0.09031	0.13063	0.0	0.0	0.05457	0.0	0.0	0.0	0.00838	0.0	1.05725	0.0	0.0	0.0	0.0	0.0	0.0	0.0	0.0	0.0	0.0	0.0	0.0	13.87846	0.0	0.0	0.0	0.0	0.0	0.37103	0.0	0.0	0.0	0.0	0.0	0.0	0.0	0.0	0.0	0.0
SRR7057649	0.0	0.0	0.0	0.0	0.0	0.0	0.0	0.0	0.0388565084651679	0.0	0.0	0.0	0.0	0.6951964454046053	0.0748725411506427	0.0	0.0	0.0	0.0	0.0	0.0	0.0	0.0	0.0	0.0	0.0	0.0	0.0	0.0	0.1293716697546839	0.0	0.0	0.0	0.0	0.0	0.0	0.0	5.807052681324121	0.0	0.0	0.0681714187126343	0.0	8.001340224487602e-05	0.0032905511673205	0.0385764615573108	0.0	0.0	0.0331455518799398	0.0	0.0	0.0	0.0	0.0	0.0022803819639789	0.0278546656564974	0.0	0.0	0.0	0.0	0.0	0.0	0.0	0.0	0.0	0.0	0.0	0.0	0.0	0.0	0.0	0.0011601943325507	0.0	0.0	0.0	0.0	0.6057914700712369	0.0	0.02051343600053	0.020053358937622	0.0	0.0	0.0	0.0	0.000100016752806	0.2417004848312092	0.0	0.0	0.0	0.0	0.0	0.0	0.0011701960078313	0.0	0.0	0.0	0.0	0.0	0.0109218294064255	0.0	0.0	0.0	0.1458344272665671	0.0	0.0	0.0	0.0	0.0	0.0	0.0560693916230967	0.0	0.0	0.0	0.0	0.3629107875569158	0.0	0.0	0.0	0.0024504104437493	16.61950376688095	0.0	0.0	0.0	0.0	0.0	0.0	0.0	0.0	0.3280949559051141	0.0	0.0	0.0	0.0	0.0115819399749458	0.6111523680216436	0.0	0.0	0.0	0.0	1.418237554790427	0.0	0.0	0.0025904338976778	0.0	0.0011101859561476	0.0	0.0	0.0061010219211717	0.0	0.0123220639457109	0.0	0.1760794933151303	0.0017602948493872	0.0	0.0541790749950616	0.0	0.0	0.0	0.0	0.0	0.0	0.0	0.0	0.0	0.0	0.0	0.0785131509527845	0.0	0.1940325004438243	0.0	0.0	0.0	0.0	0.0	0.0	0.0	0.0	0.0	0.0196632936016782	0.0	0.0	0.0	0.0	0.0	0.0	0.0	0.0	0.0	0.0	0.0	0.0	0.0018103032257903	0.0	0.0055609314560188	0.0	0.0	0.0	0.0	0.0010701792550252	0.0	0.0	0.0	0.0449175236852172	0.0	0.0	0.0	0.0	0.0	0.0	0.0	0.0	0.0	0.0	0.0	0.0	0.0	0.0	0.0	0.0	0.0	0.0	0.0	0.0	0.0	0.0	0.0	0.0	0.3696619183713272	0.0004500753876274	0.0	0.0	2.366406373067489	0.0	0.0	0.9836947688737864	0.0	0.0	0.0	0.6244045877684512	0.0	0.0500283797536087	0.0	0.0	0.0	0.0	0.0	0.0	0.0	0.0	0.0	0.0	0.0	2.073737351006293	1.914910747550215	0.0	0.0	0.0	0.0	0.0	0.0	14.95589511243133	6.771014144869265	0.0	0.0	0.0	0.0	0.0	0.0	0.0383864297269792	0.0	0.0	0.0	0.0	0.0	0.0	0.0	0.0	0.0	0.0	0.0	0.0	0.0	0.459516969092323	0.0004300720370662	0.0	0.296489662018388	0.0266144579217018	0.0	0.0	0.0	0.0	0.0	0.0019103199785964	27.59844273915881	0.0	0.0	0.0	0.2790767453548469	0.0	0.0	0.0	0.0220937006948663	0.0	1.097343805087352	0.0	0.0	0.0	0.0	0.0	0.0	0.0	0.0	0.0	0.0	0.0	0.0184730942432857	12.04073682341792	0.0	0.0	0.0	0.0	0.0	0.034575791445067	0.0	0.0	0.0	0.0	0.0	0.0	0.0	0.0	0.0	0.0
SRR7057650	0.0	0.0	0.0	0.0	0.0	0.0029900008970002	0.0	0.0	0.1354400406320121	0.0016700005010001	0.0	0.4161601248480373	0.0	0.7838402351520705	0.0359200107760032	0.0	0.0	0.0	0.0	0.0	0.0	0.0433000129900038	0.0	0.0	0.0	0.0	0.0	0.0064300019290004	0.2173000651900195	0.88945026683508	0.0	0.0	0.0	0.0	0.0	0.0	0.0	2.591550777465233	0.0	0.0	0.0768300230490069	0.0	0.0	0.3849101154730346	0.2598600779580233	0.0	0.0	0.3509901052970315	0.0	0.0	0.0	0.0	0.0	0.0	0.3585001075500322	0.0	0.0131200039360011	0.0	0.0	0.0	0.0	0.0	0.0	0.0	0.0	0.0	0.0	0.0	0.0	0.0	0.0	0.0	0.0	0.0	0.0	0.8457802537340761	0.0	0.0655000196500058	0.1709700512910154	0.0	0.0	0.0	0.0	0.0	0.2292500687750206	0.0	0.0	0.0	0.0	0.0	0.0	0.0	0.0	0.0	0.0	0.0	0.0	0.3033800910140273	0.0	0.0	0.0	0.0194500058350017	0.000820000246	0.0	0.0	0.0	0.0	0.0	0.0209900062970018	0.0	0.0	0.0	0.3934501180350354	0.023330006999002	0.0363700109110032	0.0	0.0	0.0184400055320016	8.762872628861789	0.066940020082006	0.0	0.0	0.0	0.0	0.0102700030810009	0.0	0.0	0.0867300260190078	0.0	0.0	0.0	0.0	0.0573700172110051	0.011730003519001	0.0	0.0	0.0	0.0	0.1518600455580136	0.0	0.0	0.0063600019080005	0.0	0.1201700360510108	0.0	0.2025700607710182	0.0318500095550028	0.0	0.0	0.0	0.0596700179010053	0.0	0.0	0.0814800244440073	0.0	0.0	0.0	0.0	0.0	0.0	0.0	0.0	0.0	0.0	0.0	0.2434300730290219	0.0	0.0266500079950023	0.0	0.0	0.0	0.0	0.0	0.0	0.0	0.0135500040650012	0.0	0.0050000015000004	0.0	0.0	0.0	0.0	0.0	0.0	0.0	0.0	0.0	0.0024800007440002	0.0	0.0	0.0	0.0	0.0	0.0	0.0	0.0	0.0	0.0	0.0	0.0	0.0	1.481540444462133	0.0	0.0171500051450015	0.0	0.0	0.0	0.0	0.0	0.0	0.0	0.0	0.0019600005880001	0.0	0.0	0.0	0.0	0.0	0.0	0.0	0.0	0.0	0.0129400038820011	0.0	0.0	0.0	0.0709000212700063	0.0018700005610001	0.0	0.0	1.21785036535511	0.0	0.0	1.434630430389129	0.0	0.0	0.0	0.0	0.0	0.8880302664090799	0.0	0.0	0.0147700044310013	0.0	0.0	0.0	0.0	0.0	0.0	0.0	0.0	1.383630415089124	3.421821026546308	0.0	0.0	0.0	0.0	0.0	0.011150003345001	31.95038958511688	0.0	0.0	0.0	0.0	0.0	0.0	0.0	0.0108400032520009	0.0	0.0	0.0	0.0	0.0	0.0	0.0	0.0	0.0	0.0	0.0	0.0	0.2463300738990221	1.925560577668173	0.0021500006450001	0.0	0.0155700046710014	0.0193700058110017	0.0	0.0	0.0	0.0	0.0	0.0	24.73434742030422	0.0	0.0	0.0	0.0074100022230006	0.0	0.0	0.0	1.267540380262114	0.0	0.0	0.0	0.0	0.0	0.0	0.0	0.0	0.0	0.0	0.0	0.0	0.0	0.0	8.598382579514771	0.0	0.0	0.0	0.0	2.204230661269198	0.2692100807630242	0.0	0.0	0.0	0.0	0.1529800458940137	0.0	0.000470000141	0.0	0.0	0.0
SRR7057651	0.0	0.0	0.0	0.0	0.0	0.0	0.0407099959290004	0.0	0.1133599886640011	0.0	0.0	1.107559889244011	0.0	13.71187862881214	0.0	0.0	0.0	0.0	0.0	0.0	0.0	0.0650999934900006	0.0	0.0	0.0	0.0	0.005169999483	0.0	0.396969960303004	0.5867499413250058	0.0214499978550002	0.0	0.0	0.0	0.0	0.0	0.0	12.35651876434812	0.0	0.0	0.0	0.0	0.0396399960360003	3.493579650642035	0.7005099299490071	0.0	0.0	0.6325899367410064	0.0	0.0	0.0	0.0	0.0	0.005419999458	0.0	0.0	0.0	0.0	0.0	0.0	0.0	0.0	0.0	0.0	0.0	0.0	0.000849999915	0.0	0.0	0.0	0.007169999283	0.0	0.0	0.0	0.0	0.8677099132290089	0.0	0.0655499934450006	0.0	0.0	0.0	0.0	0.0207499979250002	0.0	0.0	0.0	0.0	0.0	0.002809999719	0.0	0.0	0.0	2.351099764890025	0.0	0.0	0.00109999989	0.0	0.0936999906300009	0.0	0.0	0.0	0.8154099184590081	0.1658999834100016	0.1783999821600017	0.0	0.0	0.0	0.0	0.7230999276900073	0.0	0.0	0.0	1.601819839818016	0.0741199925880007	0.103489989651001	0.0	0.008029999197	0.0247299975270002	6.276949372305063	0.2144599785540021	0.0	0.0	0.0	0.0	0.0	0.0	0.0	0.6805399319460069	0.0	0.0	0.0	0.0	0.2575999742400026	0.0	0.0	0.0	0.0	0.0	1.642579835742016	0.0	0.005549999445	0.0	0.0118799988120001	0.0	0.0	0.0	0.1116799888320011	0.0	1.157999884200011	0.0263799973620002	0.0222699977730002	0.0	0.001159999884	0.1877499812250019	0.0	0.0	0.0	0.0	0.0	0.0	0.0	0.0	0.0346099965390003	0.0	0.0761499923850007	3.053239694676031	0.002769999723	0.0531399946860005	0.0	0.0	0.0	0.0	0.0	0.0	0.0	0.0	0.0	0.0	0.0	0.0	0.0	0.0	0.0	0.0	0.0	0.0	0.0	0.0	0.0	0.0	0.0	0.0546499945350005	0.0	0.0	0.0	0.0	0.0	0.0	0.0	0.0	0.0	1.03111989688801	0.0	0.0	0.0	0.0	0.0	0.0	0.0	0.0	0.0	0.0	0.0	0.0	0.0	0.0	0.0	0.0	0.0	0.0	0.0	0.0	0.0	0.0	0.0	0.0	0.0	0.0	0.0	0.0	1.441539855846015	0.0	0.0	1.99142980085702	0.0	0.0	0.0	0.0	0.0	0.0305099969490003	0.0	0.0	0.0	0.0	0.0	0.0	0.0	0.0	0.0	0.0	0.0	0.0	3.507489649251036	0.0	0.0	0.0	0.0	0.0	0.006939999306	0.0328199967180003	0.0	0.0	0.0	0.0	0.0	0.0	0.0	0.0	0.0	0.0	0.4731899526810047	0.0	0.0	0.0	0.0	0.0	0.0	0.0	0.0	0.0	0.0	0.8056499194350081	0.0	0.0	0.6704599329540067	4.310959568904043	0.0	0.0	0.0	0.0	0.0	0.0	0.0	0.0177899982210001	0.0	0.0	0.0	0.006469999353	0.0	0.0	0.0548399945160005	0.0	0.0	0.0	0.0	0.0	0.0	0.0	0.0	0.0	0.0	0.0	0.0	0.0	0.0	24.46057755394224	0.0	0.0	0.0	0.0	0.001539999846	6.892179310782071	0.0	0.0	0.005429999457	0.0	0.0	0.0	0.0	0.0	0.0	0.004759999524
SRR7057652	0.0	0.0	0.0	0.0	0.0	0.0	0.0	0.0	0.2409800240980024	0.0	0.0	0.6060100606010063	0.0	23.82868238286824	0.0	0.0	0.0	0.0	0.0	0.0	0.0	0.0038300003829999	0.0	0.000780000078	0.0	0.0	0.0	0.0	0.1723000172300017	0.0113700011370001	0.0226000022600002	0.0	0.0	0.0	0.0	0.0	0.0	13.78625137862514	0.0	0.0	1.297100129710013	0.0	0.0233500023350002	0.1224600122460012	0.2736000273600027	0.0	0.0	0.5684600568460056	0.0	0.0	0.0	0.0	0.0	0.0	0.2209600220960022	0.0	0.0	0.0	0.0	0.0	0.0	0.0	0.0	0.0	0.0	0.0	0.0	0.0	0.0	0.0	0.0	0.0	0.0299100029910003	0.0	0.0	1.302110130211013	0.0	0.6109200610920061	0.4453000445300044	0.0	0.0	0.0	0.0	0.1765800176580018	0.0324500032450003	0.0	0.0	0.0	0.0	0.0	0.0	0.0	0.001570000157	0.0	0.0	0.003920000392	0.0	0.1236700123670012	0.0	0.0	0.0	1.325220132522014	0.0	0.0	0.0	0.0095100009509999	0.0	0.2899600289960029	0.307510030751003	0.0	0.0	0.0	1.128210112821011	0.3512700351270036	0.0	0.0	0.0	0.0463600046360003	6.852510685251067	0.102540010254001	0.0	0.0	0.0	0.0	0.0	0.0	0.0	0.1756200175620018	0.0	0.0	0.0	0.0	0.1881300188130019	0.0	0.0	0.0	0.0	0.0	0.1295600129560013	0.0	0.0	0.0	0.0101500010150001	0.1280700128070013	0.0	0.0	0.0402300040230003	0.0	0.0060600006059999	0.002240000224	0.1306500130650013	0.0	0.0226100022610002	0.3086700308670031	0.0	0.0	0.0	0.0	0.0	0.0217000021700002	0.0	0.0	0.0	0.0	0.0301900030190003	2.572550257255026	0.0	0.3654100365410036	0.0	0.0	0.0	0.0	0.0	0.0	0.0	0.0	0.0	0.1613400161340016	0.0	0.0022600002259999	0.0	0.0	0.0	0.0	0.0	0.004870000487	0.0	0.0043200004319999	0.0	0.0	0.0	0.0	0.0	0.0	0.0	0.0	0.0	0.0	0.0	0.0	0.0	0.1808400180840018	0.0	0.0	0.0	0.0	0.0	0.0	0.0	0.0	0.0	0.0	0.0	0.0	0.0	0.0	0.0	0.0	0.0	0.0	0.0	0.0	0.0	0.0	0.0	0.0	0.3071600307160031	0.0	0.0	0.0	0.0976800097680009	0.0	0.0	2.888110288811029	0.0	0.0	0.0	0.0	0.0	2.095600209560021	0.0	0.0	0.0	0.0	0.0	0.0	0.0	0.0	0.0	0.0	0.0	1.443770144377014	5.172570517257054	0.0	0.0	0.0	0.0	0.0	0.0	0.0	0.0	0.0	0.0	0.0	0.0	0.0	0.0	0.104920010492001	0.0	0.0	0.0	0.0	0.0	0.0	0.0	0.0	0.0	0.0	0.0	0.0	0.0155800015580001	3.237110323711032	0.0	0.0	8.754230875423087	0.1369200136920013	0.0	0.0	0.0	0.0	0.0	0.0	0.0265500026550002	0.0135400013540001	0.0	0.0	3.189490318949032	0.0	0.0	0.0	0.0158500015850001	0.0	0.0	0.0	0.0	0.0	0.0	0.0	0.0	0.0	0.0	0.0	0.0	0.0	0.0	13.20503132050313	0.0	0.0	0.0	0.0	0.0833000083300007	0.4088600408860042	0.0	0.0	0.0	0.0	0.0	0.0	0.0	0.0	0.0	0.0
SRR7057653	0.0	0.0	0.0	0.0	0.0	0.0068949243549743	0.06268476946235	0.0	0.212681897411131	0.0	0.0	0.0045032161970078	0.0	6.383679223701569	0.0084560393032703	0.0	0.0	0.0	0.0	0.0	0.0	0.0108177260199234	0.0	0.0	0.0	0.0	0.0189235151745376	0.0145704061840966	0.0189735509100599	0.0929964180417654	0.0029220869545029	0.0	0.0008205860625657	0.0	0.0	0.0	0.0	5.482865862799212	0.0	0.0	1.126584606726124	0.0	0.0052737665240514	1.652490208506916	0.4134052540324299	0.0	0.0	0.1885946943306909	0.0	0.0	0.0	0.0	0.0	0.0	0.0	0.0	0.0	0.0	0.0	0.0	0.0	0.0	0.0	0.0	0.0	0.0	0.0	0.0	0.0	0.0	0.0024417438934887	0.0	0.0688191506373852	0.0	0.0	0.4756196875808703	0.0	0.0105675473423118	0.0806175770735459	0.0	0.0	0.0	0.0	0.00697498153181	0.1663488063174719	0.0	0.0	0.0	0.0	0.0	0.0	0.0	0.0170321643717943	0.0	0.0	0.0020914937448325	0.0	0.0413195103943236	0.0	0.0	0.0	0.2497183488447449	0.0052737665240514	0.0296912054589387	0.0	0.0	0.0	0.0445718332032737	0.3167762415917448	0.0	0.0	0.0	0.2471365048917937	0.022636166750293	0.0582516032950733	0.0	0.0	0.0112980690809376	3.477933940420249	0.0264989255326153	0.0	0.0	0.0	0.0	8.005717683569607e-05	0.0	0.0	0.0242373102870069	0.0	0.0	0.0	0.0	0.1101486681788133	0.0	0.0	0.0	0.0	0.0	0.2427833959013527	0.0	0.0012508933880577	0.0	0.0010907790343863	0.0379971375556422	0.0	0.0	0.0098370256036861	0.0	0.0430907754318134	0.0003302358544472	0.0938370183985402	0.0	0.0	0.0148906348914394	0.0	0.0	0.1991822559672117	0.0	0.0	0.1322944847209877	0.0021315223332504	0.0	0.0	0.0	0.0146104347725145	0.5095539234121009	0.0048434591985596	0.0320829136169051	0.0	0.0	0.0	0.0	0.0	0.0	0.0	0.0	0.0	0.0902844811764562	0.0	0.0033123656915769	0.0	0.0	0.0	0.0	0.0	0.0029120798073984	0.0	0.000370264442865	0.0	0.0036526086931286	0.0024017153050708	0.0	0.0	0.0	0.0	0.0	0.0	0.0009706932691328	0.0	0.0	0.0	0.3034667359428104	0.0	0.0	0.0	0.0	0.0	0.0	0.0	0.0	0.0	0.0	0.0	0.0	0.0025918511000556	0.0	0.0	0.0	0.0	0.0	0.0	0.0357455294571382	0.0	0.0	0.0	0.0	0.2730149873039325	0.0021115080390414	0.0	0.0	4.03070873217652	0.0	0.0	0.5483116041476822	0.0	0.0	0.0	1.101026353021328	0.0	0.0761944180533737	0.0	0.0	0.0	0.0	0.0	0.0	0.0	0.0	0.0	0.0	0.0	1.150801902718922	6.46798943805666	0.0	0.0	0.0	0.0	0.0	0.0704102870269946	0.0082058606256588	0.0	0.0	0.0	0.0038427444881134	0.0	0.0	0.0	0.0	0.0	0.0	0.1932079891458479	0.0	0.0	0.0	0.0	0.0	0.0	0.0	0.0	0.0	0.0	1.645415155504061	0.0	0.0	1.631405149557814	0.1223874090875703	0.0	0.0	0.0	0.0	0.0	0.0030721941610698	0.0016011435367139	0.0	0.0	0.0	1.146929136789495	0.0	0.0	0.0	0.0015911363896094	0.0	0.4358312706935294	0.0	0.0	0.0	0.0	0.0	0.0	0.0	0.0	0.0	0.0	0.0	0.1998327205290018	57.33013518254737	0.0	0.0	0.0	0.0	0.0150707635393197	0.4207805214484185	0.0603430970399059	0.0	0.0007905646212524	0.0	0.0452623263534816	0.0	0.0167319499586604	0.0072551816507349	0.0	0.0
SRR7057654	0.0	0.0	0.0	0.0	0.0	0.0	0.0	0.0	0.3794598861620341	0.0	0.0	0.0	0.0	0.1920599423820173	0.0	0.0	0.0	0.0	0.0	0.0	0.0	0.0015399995380001	0.0	0.0	0.0	0.0	0.0	0.0	0.3714298885710334	0.0	0.0	0.0	0.0	0.0	0.0	0.0	0.0	10.71131678660497	0.0	0.0	0.0	0.0	0.0	0.0512499846250046	0.6137598158720553	0.0	0.0	0.1881499435550169	0.0	0.0	0.0	0.0	0.0	0.0	0.0	0.0	0.0	0.0	0.0	0.0	0.0	0.0	0.0	0.0	0.0	0.0	0.0	0.0	0.0	0.0	0.0	0.0	0.0	0.0	0.0	2.630059210982237	0.0	0.045349986395004	0.0	0.0	0.0	0.0	0.0	0.0	0.1902399429280171	0.0	0.0	0.0	0.0	0.0	0.0	0.0	0.0352399894280031	0.0	0.0	0.0	0.0	0.0478999856300043	0.0	0.0	0.0	0.0104699968590009	0.0160999951700014	0.0	0.0	0.0	0.0	0.0	0.0047799985660004	0.0	0.0	0.0	0.9795397061380882	0.0794599761620071	0.0595399821380053	0.0	0.0	0.0535499839350048	17.34836479549056	0.2419999274000217	0.0	0.0	0.0	0.0	0.0	0.0	0.0	0.1850999444700166	0.0	0.0	0.0	0.0	0.0772899768130069	0.0	0.0	0.0	0.0	0.0	1.703419488974153	0.0	0.0	0.0	0.0	0.0080799975760007	0.0	0.0	0.0147199955840013	0.0	0.0098499970450008	0.0086599974020007	0.0	0.0	0.0	0.0038099988570003	0.0	0.0	0.1142099657370102	0.0	0.0	0.0	0.0	0.0	0.0	0.0	0.0052199984340004	10.59383682184895	0.0	0.0770899768730069	0.0	0.0	0.0	0.0	0.0	0.0	0.0	0.0	0.0	0.0650899804730058	0.0	0.0	0.0	0.0	0.0	0.0	0.0	0.0	0.0	0.0	0.0	0.0	0.0	0.0	0.0	0.0	0.0	0.0	0.0	0.0	0.0	0.0	0.0	0.0587899823630052	1.454229563731131	0.0	0.0	0.0	0.0	0.7119897864030642	0.0	0.0	0.0	0.0	0.0	0.0	0.0	0.0	0.011739996478001	0.0	0.0	0.0	0.0	0.0	0.0	0.0	0.0	0.0	0.6540098037970589	0.0054799983560004	0.0	0.0	0.1644599506620147	0.0	0.0	1.194929641521108	0.0	0.0	0.0	0.0	0.0	0.0	0.0	0.0	0.0140199957940012	0.0	0.0	0.0	0.0	0.0	0.0	0.0	0.0	0.0	29.83660104901969	0.0	0.0	0.0	0.0	0.0	0.0	0.0	0.0	0.0	0.0	0.0	0.0	0.0	0.0	0.0	0.0	0.0	0.0	0.0	0.0	0.0	0.0	0.0	0.0	0.0	0.0	0.0	0.0254499923650022	1.792089462373161	0.0	0.0	0.8591897422430774	0.0175499947350015	0.0	0.0	0.0	0.0	0.0	0.0	0.0	0.0	0.0	0.0	0.0	0.0	0.0	0.0	0.0080099975970007	0.0	0.0	0.0	0.0	0.0	0.0	0.0	0.0	0.0	0.0	0.0	0.0	0.0	0.0	15.16369545089137	0.0	0.0	0.0	0.0	0.0	0.9098297270510822	0.0	0.0	0.0	0.0	0.0	0.0	0.0	0.0	0.0	0.0
SRR7057655	0.0	0.0	0.0	0.0	0.0	0.0	0.1445399855460014	0.0	0.0397399960260003	0.0	0.0	0.0	0.0	5.677459432254058	0.0	0.0	0.0	0.0	0.0	0.0	0.0	0.0201999979800002	0.0	0.0	0.0	0.0	0.0738699926130007	0.0	0.504999949500005	0.0	0.002189999781	0.0	0.0	0.0	0.0	0.0	0.0	9.952829004717104	0.0	0.0	0.0	0.0	0.007929999207	9.654469034553095	0.7305799269420075	0.0	0.0	0.9453499054650096	0.0	0.0	0.0	0.0	0.0	0.001639999836	0.1505199849480014	0.0	0.0	0.0	0.0	0.0	0.0	0.0	0.0	0.0	0.0	0.0	0.0	0.0	0.0	0.0	0.003769999623	0.0	0.0	0.0	0.0	0.6753499324650069	0.0	0.00839999916	0.495539950446005	0.0	0.0	0.0	0.0	0.0	0.1684799831520017	0.0	0.0	0.0	0.0	0.0	0.0	0.0	0.6514599348540067	0.0	0.00089999991	0.0	0.0	0.0649499935050006	0.0	0.0	0.0	0.4870399512960049	0.4057899594210041	0.003049999695	0.0	0.0	0.0	0.009529999047	0.1247199875280012	0.0	0.0	0.0	0.1658099834190016	0.0330899966910003	0.0456399954360004	0.0	0.0	0.0	9.151579084842092	0.0	0.0	0.0	0.0	0.0	0.0	0.0	0.0	0.0860299913970008	0.0	0.0	0.0	0.0	2.628549737145027	0.0	0.0	0.0	0.0	0.0	0.0	0.0	0.1469899853010015	0.0	0.007529999247	0.001219999878	0.0	0.0	0.0260299973970002	0.0	0.009259999074	0.0524899947510005	0.0582499941750005	0.0	0.0113799988620001	0.0226299977370002	0.0	0.0	0.0331599966840003	0.0	0.0	1.312049868795013	0.0	0.0	0.0	0.0	0.0	3.754179624582037	0.00619999938	0.1444099855590014	0.0	0.0	0.0	0.0	0.0	0.0	0.0	0.0	0.0	0.0316999968300003	0.0	0.008929999107	0.0	0.0	0.0	0.0	0.0	0.0	0.0	0.0	0.0	0.0	0.002729999727	0.0	0.0	0.0	0.0	0.0	0.0	8.999999100000092e-05	0.0	0.0	0.0	0.1878099812190019	0.0	0.0	0.0	0.0	0.0	6.028209397179061	0.0	0.0	0.0	0.0	0.0	0.0	0.0	0.0	0.0	0.0	0.0	0.0	0.0	0.0	0.0	0.0	0.0	0.0	0.0	0.0	0.0	0.0	1.141169885883011	0.0	0.0	0.7715899228410078	0.0	0.0	0.0	0.0	0.0	0.207039979296002	0.0	0.0	0.0	0.0	0.0	0.0	0.0	0.0	0.0	0.0	0.0	0.0	2.271769772823023	0.0	0.0	0.0	0.0	0.0	0.004109999589	0.0	0.0	0.0	0.0	0.0	0.0	0.0	0.0	0.0	0.0	0.0	0.0	0.0	0.0354199964580003	0.0	0.0	0.0	0.0	0.0	0.0	0.0	0.0	1.03599989640001	0.002249999775	0.0	9.12256908774309	0.0986999901300009	0.0	0.0	0.0	0.0	0.0	0.0	0.0	0.1503099849690015	0.0	0.0	0.2202099779790022	0.00269999973	0.0	0.0	0.2353699764630023	0.0	0.0	0.0	0.0	0.0	0.0	0.0	0.0	0.0	0.0	0.0	0.0	0.0	1.794299820570018	24.86777751322225	0.0	0.0	0.0	0.0	0.006579999342	3.061739693826031	0.0	0.0	0.009149999085	0.0	0.0	0.0	0.0	0.0	0.0	0.0
SRR7057656	0.0	0.0	0.0	0.0	0.0	0.0	0.011159996652001	0.0	0.4056798782960365	0.0	0.0	0.5335798399260481	0.0	11.72702648189206	0.0	0.0	0.0	0.0	0.0	0.0	0.0	0.0072999978100006	0.0	0.0	0.0	0.0	0.0	0.0356999892900032	0.0497699850690044	0.1520799543760136	0.0192599942220017	0.0	0.0	0.0	0.0	0.0	0.0	27.68625169412449	0.0	0.0	0.0	0.0	0.0	0.1371499588550123	0.3319499004150299	0.0	0.0	0.0432499870250038	0.0	0.0	0.0	0.0	0.0	0.0	0.0	0.0	0.0	0.0	0.0	0.0	0.0	0.0	0.0	0.0	0.0	0.0	0.0	0.0	0.0	0.0	0.0	0.0	0.0	0.0	0.0	2.049219385234184	0.0	0.1883199435040169	0.0	0.0	0.0	0.0	0.0	0.0	0.023069993079002	0.0	0.0	0.0	0.0	0.0	0.0	0.0	0.0046199986140004	0.0	0.0	0.000819999754	0.0	0.0212299936310019	0.0	0.0	0.0	0.4502598649220405	0.0076099977170006	0.100709969787009	0.0	0.0092599972220008	0.0	0.0	0.5867098239870528	0.0	0.0	0.0	0.733559779932066	0.0043399986980003	0.0905999728200081	0.0	0.0	0.0208199937540018	8.737837378648788	0.0	0.0	0.0	0.0	0.0	0.0	0.0	0.0	1.123779662866101	0.0	0.0	0.0	0.0	0.0481199855640043	0.0	0.0	0.0	0.0	0.0	0.0	0.0	0.0	0.0	0.0	0.0	0.0	0.0	0.0550399834880049	0.0	0.0236899928930021	0.0	0.0	0.0	0.000309999907	0.0072499978250005	0.0	0.0	0.0	0.0	0.0	0.0	0.0	0.0	0.0	0.0	0.033529989941003	0.9648097105570868	0.0	0.7440097767970669	0.0	0.0	0.0	0.0	0.0	0.0	0.0	0.0	0.0	0.0703299789010063	0.0	0.0011299996610001	0.0	0.0	0.0	0.0	0.0	0.0	0.0	0.0	0.0	0.0014999995500001	0.0	0.0	0.0	0.0	0.0	0.0	0.0	0.0	0.0	0.0	0.0	0.800299759910072	0.0	0.0	0.0	0.0	0.0	0.0	0.0	0.0	0.0	0.0	0.0	0.0	0.0154399953680013	0.0	0.0	0.0	0.0	0.0	0.0	0.0	0.0	0.0	0.0	0.0	0.3158799052360284	0.0	0.0	0.0	3.473648957905313	0.0	0.0	1.844329446701166	0.0	0.0	0.0	0.0	0.0	2.451449264565221	0.0	0.0	0.0	0.0	0.0	0.0	0.0	0.0	0.0	0.0	0.0	1.962319411304177	10.99223670232899	0.0	0.0	0.0	0.0	0.0	0.0	0.0	0.0	0.0	0.0	0.0	0.0	0.0	0.0	0.000669999799	0.0	0.0	0.2994299101710269	0.0	0.0	0.0	0.0	0.0	0.0	0.0	0.0	0.0	0.0	5.490508352847494	0.0	0.0	0.0249899925030022	0.4118698764390371	0.0	0.0	0.0	0.0200699939790018	0.0	0.0	0.0	0.0	0.0	0.0	0.9678497096450872	0.0	0.0	0.0	0.0057599982720005	0.0	0.0	0.0	0.0	0.0	0.0	0.0	0.0	0.0	0.0	0.0	0.0	0.0	0.3202899039130288	10.98490670452799	0.0	0.0	0.0	0.0	0.0	2.375409287377214	0.0	0.0	0.0	0.0	0.0	0.0	0.0	0.0	0.0	0.0
SRR7057657	0.0	0.0	0.0	0.0	0.0	0.0	0.0	0.0	0.537155703046406	0.0	0.0	0.3637277185644152	0.0	1.281592901183853	0.0	0.0	0.0	0.0	0.0	0.0035203650618569	0.0	0.0	0.0	0.0018101877164661	0.0	0.0	0.0236724548335662	0.0	0.087829107878487	0.164017008563788	0.0420243579259169	0.0	0.0008800912654642	0.0	0.0	0.0	0.0	11.82185592645957	0.0	0.0	0.0	0.0	0.0013001348239812	0.0634665814844999	0.9320766563492636	0.0	0.0	0.1735379958901738	0.0	0.0	0.0	0.0	0.0	0.0	0.5415061541881894	0.0	0.0	0.0	0.0	0.0	0.0	0.0	0.0	0.0	0.0	0.0	0.0	0.0	0.0	0.0	0.0004400456327321	0.0	0.0	0.0	0.0	1.90953801909258	0.0	0.3560269199916031	1.109775083676177	0.0	0.0	0.0	0.0	0.0	0.049015082864093	0.0	0.0	0.0	0.0097810142911819	0.0	0.0	0.0	0.2985609607716321	0.0	0.0	0.0017101773453907	0.0	0.0661268573551077	0.0	0.0	0.0	0.9887425326006304	0.0394940955377072	0.0196220348050092	0.0	0.004800497811623	0.0	0.0	0.504802348003488	0.0	0.0	0.0	0.0952898815607178	0.0263527327783891	0.0	0.0	0.0	0.0079408234633931	7.0572518370155	0.1713477687636208	0.0	0.0	0.0	0.0	0.0	0.0	0.0	0.6638988463103626	0.0	0.0	0.0	0.0045404708468268	0.2031510667656235	0.0	0.0	0.0	0.0	0.0	0.3224834415328869	0.0	0.0106911086679688	0.0	0.0006300653377755	0.0	0.0	0.0	0.0823385385064431	0.0	0.0304731600666989	0.0105710962226782	0.2061913820463183	0.0	0.0183319010181355	0.0349336226166653	0.2457054796582405	0.0	0.0	0.0	0.0	0.0	0.0	0.0	0.0	0.0	0.0335934836442539	0.9117745510209412	0.003960410694589	0.3286040762427064	0.0	0.0	0.0	0.0	0.0	0.0	0.0	0.0	0.0	0.0393840841295242	0.0	0.0005300549667	0.0	0.0	0.0	0.0	0.0	0.0	0.0	0.0	0.0	0.0	0.0	0.0	0.0	0.0	0.0	0.0	0.0	0.0	0.0	0.0	0.0	0.4039518898109735	0.0	0.2591168704194625	0.0	0.0	0.0	2.878338483700761	0.0	0.0	0.0	0.0	0.0	0.0	0.0246925606185361	0.0	0.0	0.0	0.0	0.0	0.0978501470602501	0.0	0.0	0.0	0.0	0.0	0.0	0.0	0.0	0.0	0.279819017232087	0.1381143224552386	0.0	0.8652497263966272	0.0	0.0	0.0	0.0	0.0	0.7463573972620962	0.0	0.0	0.0	0.0	0.0	0.0	0.0	0.0	0.0	0.0	0.0	2.667346603842819	8.332294058893908	0.0	0.0	0.0	0.0	0.0	0.0	0.0	0.0	0.0	0.0	0.0038103951379758	0.0	0.0	0.0	0.0164217029305939	0.0	0.0	0.0	0.0	0.0457047395814946	0.0	0.0	0.0	0.0	0.0	0.0	0.0	0.0	5.538484340826145	0.0040604210656645	0.0	0.6234146480990079	0.3161227819324863	0.0	0.0	0.0	0.0	0.0	0.0	0.0	0.0	0.0	0.0	0.0624964808850677	0.0	0.0	0.0	0.088869215737672	0.0	0.0	0.0	0.0	0.0	0.0	0.0	0.0	0.0	0.0	0.0	0.0006300653377755	0.0	0.0	40.74388514088912	0.0	0.0	0.0	0.0	0.0859189097909453	3.841158328118625	0.0	0.0	0.0	0.0	0.019892062806913	0.0	0.0	0.0076207902759516	0.0	0.0
SRR7057658	0.0	0.0	0.0	0.0	0.0	0.0	0.0	0.0	0.1106100110610011	0.0	0.0	1.98145019814502	0.0	1.465930146593015	0.0	0.0	0.0	0.0	0.0	0.0	0.0	0.0	0.0	0.0	0.0	0.0	0.0	0.0	0.1203400120340012	0.0233500023350002	0.004540000454	0.0	0.0	0.0	0.0	0.0	0.0	20.72463207246321	0.0	0.0	0.0	0.0	0.0	0.3189300318930032	0.0	0.0	0.0	0.203570020357002	0.0	0.0	0.0	0.0	0.0	0.0	0.0	0.0	0.0	0.0	0.0	0.0	0.0	0.0	0.0	0.0	0.0	0.0	0.0	0.0	0.0	0.0	0.0	0.0	0.0	0.0	0.0	1.711770171177017	0.0	0.0	0.0	0.0	0.0	0.0	0.0	0.0	0.0	0.0	0.0	0.0	0.0	0.0	0.0	0.0	0.0379300037930003	0.0	0.0	0.0	0.0	0.0	0.0	0.0	0.0	0.9725200972520096	0.1745200174520017	0.002210000221	0.0	0.0	0.0	0.0	0.7470900747090076	0.0	0.0	0.0	0.1333900133390013	0.0638500063850006	0.0	0.0	0.0	0.0263300026330002	13.15834131583413	0.0737300073730007	0.0	0.0	0.0	0.0	0.0	0.0	0.0	2.777710277771027	0.0	0.0	0.0	0.0	0.0507900050790004	0.2715000271500027	0.0	0.0	0.0	0.0	0.0	0.0	0.000650000065	0.0	0.0	0.0	0.0	0.0	0.0	0.0	0.0521500052150005	0.0	0.0	0.0	0.0	0.0	0.0	0.0	0.0	0.0	0.0	0.0	0.0	0.0	0.0	0.0	0.2441100244110024	0.5102300510230051	0.0	0.0	0.0	0.0	0.0	0.0	0.0	0.0	0.0	0.0	0.0	0.0609500060950006	0.0	0.0	0.0	0.0	0.0	0.0	0.0	0.0	0.0	0.0	0.0	0.0	0.0	0.0	0.0	0.0	0.0	0.0	0.0	0.0	0.0	0.0	0.0	0.8278300827830083	0.0	0.0	0.0	0.0	0.0	0.0	0.0	0.0	0.0	0.0	0.0	0.0	0.0	0.0	0.0	0.0	0.0	0.0	0.0	0.0	0.0	0.0	0.0	0.0	0.0	0.0	0.0	0.0	0.0171400017140001	0.0	0.0	7.838770783877079	0.0	0.0	0.0	0.0	0.0	2.821880282188028	0.0	0.0	0.0	0.0	0.0	0.0	0.0	0.0	0.0	0.0	0.0	1.785990178599018	37.95283379528338	0.0	0.0	0.0	0.0	0.0	0.0	0.0	0.0	0.0	0.0	0.0	0.0	0.0	0.0	0.0281800028180002	0.0	0.0	0.0	0.0	0.0	0.0	0.0	0.0	0.0	0.0	0.0	0.0	0.0	0.0	0.0	0.0	0.0	0.0781700078170007	0.0	0.0	0.0	0.0	0.0	0.0	0.0	0.0	0.0	0.0	0.0	0.0	0.0	0.0	0.0784000078400007	0.0	0.0	0.0	0.0	0.0	0.0	0.0	0.0	0.0	0.0	0.0	0.0	0.0	0.2246300224630022	2.281300228130023	0.0	0.0	0.0	0.0	0.0417500041750004	0.0	0.0	0.0	0.0	0.0	0.0	0.0	0.0	0.0	0.0	0.0
SRR7057659	0.0	0.0381600114480034	0.0	0.0	0.0	0.0	0.0	0.0	0.22256006676802	0.0	0.0	0.0	0.0	0.000110000033	0.0507500152250045	0.0	0.0	0.0	0.0	0.0	0.0	0.0633000189900056	0.0	0.0	0.0	0.0	0.0	0.0	0.1215500364650109	0.3082700924810278	0.0249000074700022	0.0	0.0	0.0	0.0	0.0	0.0	22.91551687465507	0.0	0.0	0.0	0.0	0.0	0.7461002238300672	0.0	0.0	0.0	0.4380701314210395	0.0	0.0	0.0	0.0	0.0	0.0	0.0	0.0	0.0	0.0	0.0	0.0	0.0	0.0	0.0	0.0	0.0	0.0	0.0	0.0	0.0	0.0	0.0102300030690009	0.0	0.0	0.0	0.0	5.135491540647463	0.0	0.0	0.0585800175740052	0.0	0.0	0.0	0.0	0.0	0.0	0.0	0.0	0.0	0.0	0.0	0.0	0.0	0.0	0.0	0.0	0.0276700083010024	0.0	0.0	0.0	0.0	0.0	0.3945801183740356	0.0283600085080025	0.1051900315570094	0.0	0.0	0.0	0.0	0.7860902358270707	0.0	0.0	0.0	1.368320410496123	1.928830578649174	0.0531000159300047	0.0	0.0	0.0	24.55604736681421	0.0030500009150002	0.0	0.0	0.0	0.0	0.0	0.0	0.0	0.7819802345940705	0.0	0.0	0.0	0.0	0.044510013353004	0.0	0.0	0.0	0.0	0.0	0.0	0.0	0.0	0.0	0.0	0.0088200026460007	0.0	0.0	0.1331300399390119	0.0	0.0312900093870028	0.0641000192300057	0.0	0.0	0.022430006729002	0.0	0.0	0.0	0.0	0.0	0.0	0.0664700199410059	0.0	0.0	0.0	0.0	0.1240100372030111	0.0	0.0	0.5424201627260489	0.0	0.0	0.0	0.0	0.0	0.0	0.0	0.0	0.0	0.1182500354750106	0.0	0.0216600064980019	0.0	0.0	0.0	0.0	0.0	0.0	0.0	0.0	0.0	0.0087400026220007	0.0	0.0	0.0	0.0	0.0	0.0	0.0	0.0	0.0	0.0	0.0	0.3925901177770353	0.0	0.0596400178920053	0.0	0.0	0.0	0.7157602147280644	0.0	0.0	0.0	0.0	0.0	0.0	0.0	0.0	0.0	0.0	0.0	0.0	0.0	0.0	0.0	0.0	0.0	0.0	0.365800109740033	0.0	0.0	0.0	0.0	0.0	0.0	3.825961147788345	0.0	0.0	0.0	0.0	0.0	0.0	0.0	0.0	0.0	0.0	0.0	0.0	0.0	0.0	0.0	0.0	0.0	2.875940862782259	19.59025587707676	0.0	0.0	0.0	0.0	0.0	0.0	0.0019800005940001	0.0	0.0	0.0	0.0	0.0	0.0	0.0	0.0	0.0	0.0	0.0	0.0	0.0075100022530006	0.0	0.0	0.0	0.0	0.0	0.0	0.0	0.0032200009660002	1.650650495195148	0.0	0.0	0.0218700065610019	0.1181500354450106	0.0	0.0	0.0	0.0	0.0	0.0	0.0065300019590005	0.0657900197370059	0.0	0.0	0.256640076992023	0.0	0.0	0.0	0.1386400415920125	0.0	0.0	0.0	0.0	0.0	0.0	0.0	0.0	0.0	0.0	0.0	0.0	0.0	0.1176800353040106	6.589781976934591	0.0	0.0	0.0	0.0	0.6145801843740554	1.228390368517111	0.0	0.0	0.0	0.0	0.0	0.0	0.0	0.0	0.0	0.0
SRR7057660	0.0	0.0	0.0	0.0	0.0	0.0	0.0	0.0	0.64568	0.0	0.0	0.0	0.0	0.0013	0.02218	0.0	0.0	0.0	0.0	0.0	0.0	0.0	0.0	0.0	0.0	0.0	0.0	0.0	0.32044	0.16083	0.0536699999999999	0.0	0.0	0.0	0.0	0.0	0.0	27.08646999999999	0.0	0.0	0.0	0.0	0.0	0.33408	0.34315	0.0	0.0	0.28902	0.0	0.0	0.0	0.0	0.0	0.0	0.0	0.0	0.0	0.0	0.0	0.0	0.0	0.0	0.0	0.0	0.0	0.0	0.0	0.0	0.0	0.0	0.00041	0.0	0.0	0.0	0.0	2.91859	0.0	0.0	0.0	0.0	0.0	0.0	0.00406	0.0	0.0	0.0	0.0	0.0	0.0	0.0	0.0	0.0	1.88725	0.0	0.0	0.0	0.0	0.03184	0.0	0.0	0.0	2.18621	0.01224	0.29037	0.0	0.0	0.0	0.0	0.8536800000000001	0.0	0.0	0.0	0.23186	0.00238	0.01034	0.0	0.0	0.0	4.89589	0.0	0.0	0.0	0.0	0.0	0.0	0.0	0.0	3.07359	0.0	0.0	0.0	0.0	0.35867	0.00555	0.0	0.0	0.0	0.0	0.0	0.0	0.0	0.0	0.0	0.0	0.0	0.0	0.07485	0.0	0.1469	0.0261699999999999	0.0	0.0	0.05056	0.0	0.0	0.0	0.0	0.0	0.0	0.0	0.0	0.0	0.0	0.0	0.12804	2.06848	0.0	0.68933	0.0	0.0	0.0	0.0	0.0	0.0	0.0	0.0	0.0	0.12587	0.0	0.00273	0.0	0.0	0.0	0.0	0.0	0.0	0.0	0.0	0.0	0.0	0.0	0.0018	0.0	0.0	0.0	0.0	0.0	0.0	0.0	0.0	0.0	0.65165	7.74281	4.17582	0.0	0.0	0.0	0.0	0.0	0.0	0.0	0.0	0.0	0.0	0.0	0.0	0.0	0.0	0.0	0.0	0.0	0.0	0.0	0.0	0.0	0.0	0.0	0.0	0.0	0.0	0.0	0.0	0.0	0.0048	0.0	0.0	0.0	0.0	0.0	0.19479	0.0	0.0	0.0	0.0	0.0	0.0	0.0	0.0	0.0	0.0	0.0	0.0	27.30423	0.0	0.0	0.0	0.0	0.0	0.0	0.0	0.0	0.0	0.0	0.0	0.0	0.0	0.0	0.0	0.0	0.0	0.0	0.0	1.22907	0.0	0.0	0.0	0.0	0.0	0.0	0.0	0.0	0.0	0.0	0.0	2.22183	0.03923	0.0	0.0	0.0	0.0	0.0	0.0	0.0	0.0	0.0	0.0	0.0	0.0	0.0	0.0	0.02056	0.0	0.91015	0.0	0.0	0.0	0.0	0.0	0.0	0.0	0.0	0.0	0.0	0.0	0.0588399999999999	6.01362	0.0	0.0	0.0	0.0	0.09812	0.0	0.0	0.0	0.0	0.0	0.0	0.0	0.0	0.0	0.0	0.0
SRR7057661	0.0	0.0	0.0	0.0	0.0	0.0	0.0	0.0	1.635439836456016	0.0	0.0	0.0	0.0	3.744959625504038	0.0862099913790008	0.0	0.0	0.0	0.0	0.0	0.0	0.0672299932770006	0.0	0.0	0.0	0.0	0.0	0.0	0.7453699254630075	0.0115999988400001	0.001309999869	0.0	0.0	0.0	0.0	0.0	0.0	35.13951648604835	0.0	0.0	0.0	0.0	0.0	0.0	0.0	0.0	0.0	1.504359849564015	0.0	0.0	0.0	0.0	0.0	0.0	0.0	0.0	0.0	0.0	0.0	0.0	0.0	0.0	0.0	0.0	0.0	0.0	0.0	0.0	0.0	0.0	0.0	0.0	0.0	0.0	0.0	2.192939780706022	0.0	0.0	0.0	0.0	0.0	0.0	0.00229999977	0.0	0.0284599971540002	0.0	0.0	0.0	0.0	0.0	0.0	0.0	5.619479438052057	0.0	0.0	0.0	0.0	0.1561799843820016	0.0	0.0	0.0	0.3951499604850039	0.000539999946	0.0730199926980007	0.0	0.0	0.0	0.0107199989280001	0.2619999738000027	0.0	0.0	0.0	0.0390199960980003	14.24787857521214	0.003009999699	0.0	0.0	0.199389980061002	7.528189247181076	0.004179999582	0.0	0.0	0.0	0.0	0.0	0.0	0.0	0.5541999445800057	0.0	0.0	0.0	0.0	0.3120699687930032	0.0	0.0	0.0	0.0	0.0	0.0	0.0	0.0	0.0	0.0	0.0	0.0	0.0	0.0	0.0	0.0660699933930006	0.0873999912600008	0.0	0.0	0.009629999037	0.0	0.0	0.0	0.0	0.0	0.0	0.000979999902	0.0	0.0	0.0	0.0	0.0835299916470008	5.075009492499051	0.0	0.0646399935360006	0.0	0.0	0.0	0.0	0.0	0.0	0.0	0.0	0.0	0.0	0.0	0.0	0.0	0.0	0.0	0.0	0.0	0.0	0.0	0.0	0.0	0.0237099976290002	0.0	0.0	0.0	0.0	0.0	0.0	0.0	0.0	0.0	0.0	0.0	1.92652980734702	0.0	0.0	0.0	0.0	0.0	0.494649950535005	0.0	0.0	0.0	0.0	0.0	0.0	0.0	0.0	0.0	0.0	0.0	0.0	0.0	0.0	0.0	0.0	0.0	0.0	0.0	0.0445599955440004	0.0	0.0	0.0	0.0	0.0	0.000639999936	0.0	0.0	0.0	0.0	0.0	0.0	0.0	0.0	0.0	0.0	0.0	0.0	0.0	0.0	0.0	0.0	0.0	0.0	0.0229599977040002	0.0	0.0	0.002479999752	0.0	0.0	0.0	0.0	0.0	0.0	0.0	0.0	0.0	0.0	0.0	0.0	0.0	0.0	0.0	0.0	0.0	0.0	0.0	0.0	0.0	0.0	0.0	0.0	0.00539999946	1.91655980834402	0.0	0.0	1.02070989792901	0.0899299910070009	0.0	0.0	0.0	0.0	0.0	0.0	0.0	0.0	0.0	0.0	7.89387921061208	0.0	0.0	0.0	0.0261199973880002	0.0	0.0	0.0	0.0	0.0	0.0	0.0	0.0	0.0	0.0	0.0	0.0	0.0	0.0	6.206609379339062	0.0	0.0	0.0	0.0	0.0	0.3732799626720037	0.0	0.0	0.0	0.0	0.0	0.0	0.0	0.0	0.0	0.0
SRR7057662	0.0	0.0	0.0	0.0	0.0	0.0	0.00218	0.0	0.07475	0.0	0.0	0.03138	0.0	2.09124	0.0	0.0	0.0	0.0	0.0	0.0036099999999999	0.0	0.02682	0.0	0.0	0.0	0.0	0.00925	0.0	0.73073	0.0	0.01819	0.0	0.0	0.0	0.0	0.0	0.0	12.08852	0.0	0.0	0.0	0.0	0.0	0.13086	0.4298899999999999	0.0	0.0	1.72896	0.0	0.0	0.0	0.0	0.0	0.0	0.0	0.0	0.0	0.0	0.0	0.0	0.0	0.0	0.0	0.0	0.0	0.0	0.0	0.0	0.0	0.0	0.0	0.0	0.0	0.0	0.0	2.71957	0.0	0.0	0.06685	0.0	0.0	0.0	0.0	0.01523	0.0	0.0	0.0	0.0	0.00679	0.0	0.0	0.01704	7.50155	0.0	0.01877	0.0140299999999999	0.0	0.0663	0.0	0.0	0.0	0.39016	0.0	0.08222	0.0	0.0	0.0	0.0	0.25694	0.0	0.0	0.0	0.16953	0.77331	0.04465	0.0	0.0	0.11481	23.21772	0.0962	0.0	0.00532	0.0	0.0	0.0	0.0	0.0	0.51138	0.0	0.0	0.0	0.0	0.19712	0.0	0.0	0.0	0.0	0.0	0.0	0.0	0.0	0.0	0.0	0.00425	0.0	0.0	0.04641	0.0	0.01689	0.0	0.1151699999999999	0.0	0.01557	0.01001	0.0	0.0	0.0	0.0	0.0	0.11087	0.0	0.0	0.0	0.0	0.08382	1.06463	0.0	0.61376	0.0	0.0	0.00069	0.0	0.0	0.0	0.0	0.0	0.0	0.0	0.0	0.01961	0.0	0.0	0.0	0.0	0.0	0.0	0.0	0.0	0.0	0.02434	0.0	0.0	0.0	0.0	0.0	0.0	0.0	0.0	0.0	0.0	0.0	1.29257	0.0	0.0	0.0	0.0	0.0	0.0	0.0	0.0	0.0	0.0	0.0	0.0	0.00044	0.0	0.0	0.00293	0.0	0.0	0.0	0.0	0.0	0.0	0.0	0.0	0.23276	0.0	0.0	0.0	0.18669	0.0	0.0	0.53082	0.0	0.0	0.0	0.0	0.0	0.0	0.0	0.0	0.0	0.0	0.0	0.0	0.0	0.0	0.0	0.0	0.0	0.0	4.61369	0.0	0.0	0.00451	0.0	0.0	0.0	0.0	0.0	0.0	0.0	0.0	0.0	0.0	0.0	0.00394	0.0	0.0	0.0	0.0	0.0	0.0	0.0	0.0	0.0	0.0	0.0	0.0	0.01053	0.7738	0.0	0.0	24.88476	0.32086	0.0	0.0	0.0	0.0	0.0	0.0	0.0	0.13269	0.0	0.0	0.00406	0.0	0.0	0.0	0.12402	0.0	0.0	0.0	0.0	0.0	0.0	0.0	0.0	0.0	0.0	0.0	0.0	0.0	0.11055	9.84267	0.0	0.0	0.0	0.0	0.05651	1.08524	0.0	0.0	0.0	0.0	0.0	0.0	0.0	0.0	0.0	0.00807
SRR7057663	0.0	0.0	0.0	0.0	0.0	0.0	0.0624999937500006	0.0	0.0852499914750008	0.0	0.0	0.209199979080002	0.0	12.07315879268412	0.0197199980280002	0.0	0.0	0.0	0.0	0.0	0.0	0.0218999978100002	0.0	0.0	0.0	0.0	0.0398399960160004	0.0	0.0665799933420006	0.3865499613450038	0.1629299837070016	0.0	0.0	0.0	0.0	0.0	0.0	22.46716775328322	0.0	0.0	0.0	0.0	0.0	0.306659969334003	0.5305199469480053	0.0	0.0	0.5961199403880059	0.0	0.0	0.0	0.0	0.0	0.000409999959	0.0814399918560008	0.0	0.001209999879	0.0	0.0	0.0	0.0	0.0	0.0	0.0	0.0	0.0	0.0	0.0	0.0	0.0	0.0370699962930003	0.0	0.0	0.0	0.0	2.02681979731802	0.0	0.0	0.0455099954490004	0.0	0.0	0.0	0.005079999492	0.0	0.2485999751400024	0.0	0.0	0.0	0.0	0.0	0.0	0.0	0.7356399264360073	0.0	0.0	0.1253799874620012	0.0	0.0	0.0	0.0	0.0	0.9715299028470096	0.00209999979	0.3711199628880037	0.0	0.0	0.0	0.0	1.358259864174014	0.0	0.0	0.0	1.109569889043011	0.7026899297310071	0.0718899928110007	0.0	0.0	0.0165799983420001	8.204279179572083	0.0105599989440001	0.0	0.0	0.0	0.0	0.0	0.0	0.0	0.4795199520480048	0.0	0.0	0.0	0.0	0.5601599439840056	0.0	0.0	0.0	0.0	0.0	0.0	0.0	0.0	0.0	0.0666499933350006	0.0	0.0	0.0	0.303109969689003	0.0	0.592739940726006	0.009829999017	0.0963999903600009	0.0	0.0158199984180001	0.0407899959210004	1.131129886887011	0.0	0.0	0.0	0.0	0.0243599975640002	0.0	0.0	0.0	0.0	0.2816799718320028	2.973149702685029	0.0	0.2282099771790022	0.0	0.0	0.0	0.0	0.0401599959840004	0.0	0.0	0.0	0.0	0.0889299911070008	0.0	0.003719999628	0.0	0.0	0.0	0.0	0.0	0.0	0.0	0.0	0.0	0.0753799924620007	0.001149999885	0.0	0.0	0.0	0.0	0.0	0.0	0.0200299979970002	0.0	0.0	0.0	2.427189757281024	4.922699507730049	0.0896399910360009	0.0	0.0	0.0	0.198389980161002	0.0	0.0	0.0	0.0	0.0	0.0	0.300769969923003	0.0	0.0	0.0	0.0	0.0	0.0	0.0	0.0	0.0	0.0	0.0	0.9450899054910096	0.0	0.0	0.0	0.1589099841090016	0.002619999738	0.0	1.090879890912011	0.0	0.0	0.0	0.0	0.0	0.2446199755380024	0.0	0.0	0.00459999954	0.0	0.0	0.0	0.0	0.0	0.0	0.0	0.0	1.05791989420801	14.12871858712814	0.0	0.0	0.004519999548	0.0	0.0	0.1662899833710016	0.002129999787	0.0	0.0	0.0	0.0	0.0	0.0	0.0	0.0	0.0	0.0	0.0	0.0	0.0	0.0	0.0	0.0	0.0	0.0	0.0	0.0	0.0116399988360001	0.510219948978005	0.0	0.0	0.000949999905	1.795139820486018	0.0	0.0	0.0	0.0	0.0	0.0	0.0112199988780001	0.0181899981810001	0.0	0.0	0.003549999645	0.0	0.0	0.0	0.0519799948020005	0.0	0.0	0.0	0.0	0.0	0.0	0.0	0.0	0.0	0.0	0.0	0.0	0.0	1.422049857795014	6.427769357223063	0.0	0.0	0.0	0.0	0.0	3.789739621026038	0.0	0.0	0.0258099974190002	0.0	0.0	0.0	0.0	0.0	0.0	0.0
SRR7057664	0.0	0.0	0.0	0.0	0.0	0.0	0.0	0.0	0.0347699930460013	0.0	0.0	0.0	0.0	3.333419333316133	0.0	0.0	0.0	0.0	0.0	0.0	0.5817498836500232	0.0	0.0	0.0	0.0	0.0	0.0	0.0	1.858939628212074	0.0	0.1155599768880046	0.0	0.0	0.0	0.0	0.0	0.0	34.29065314186938	0.0	0.0	0.0	0.0	0.0	6.319448736110251	0.0057099988580002	0.0	0.0	0.6083198783360244	0.0	0.0	0.0	0.0	0.0	0.0042399991520001	0.0	0.0	0.0	0.0	0.0	0.0	0.0	0.0	0.0	0.0	0.0	0.0	0.0	0.0	0.0	0.0	0.0669599866080026	0.0	0.0	0.0	0.0	0.9841598031680392	0.0	0.0	0.0	0.0	0.0	0.0	0.002039999592	0.0	0.0838099832380033	0.0	0.0	0.0	0.0	0.0	0.0	0.0	1.666739666652067	0.0	0.0	0.0	0.0	0.0097699980460003	0.0	0.0	0.1052299789540042	1.864499627100075	0.4193599161280167	1.724679655064069	0.0	0.0	0.0	0.0	1.200419759916048	0.0	0.0	0.0	0.0424499915100017	3.317179336564133	0.0048699990260001	0.0	0.0	0.0	8.668418266316348	0.0304799939040012	0.0	0.0150799969840006	0.0	0.0	0.0	0.0	0.0	2.143069571386086	0.0	0.0	0.0	0.0	1.24483975103205	0.0	0.0	0.0	0.0	0.0	0.0	0.0	0.0	0.0	0.0095399980920003	0.001759999648	0.0	0.0	0.1081599783680043	0.0	0.6218098756380249	0.0	0.0	0.0	0.0903399819320036	0.0	0.0	0.0	0.0	0.0	0.0	0.0136299972740005	0.0	0.0	0.0	0.0	0.1778699644260071	2.771879445624111	0.0	0.0	0.0	0.0	0.0	0.0	0.0	0.0	0.0	0.0	0.0	0.0	0.0	0.0	0.0	0.0	0.0	0.0	0.0	0.0230999953800009	0.0	0.0	0.0	0.0	0.0	0.0	0.0	0.0	0.0	0.0	0.0	0.0	0.0	0.0	0.0	0.4779699044060192	0.0	0.0	0.0	0.0	0.0893299821340035	0.0	0.0	0.0	0.0	0.0	0.0	0.0	0.0	0.0	0.0	0.0	0.0	0.0	0.0	0.0	0.0	0.0	0.0	0.0	0.0	0.0	0.0	0.0	0.175979964804007	0.0	0.0	10.90729781854044	0.0	0.0	0.0	0.0	0.0	0.6703098659380269	0.0	0.0	0.0	0.0	0.0	0.0	0.0	0.0	0.0	0.0	0.0	0.0	1.336559732688054	0.0	0.0	0.0	0.0	0.0	0.0	0.0	0.0	0.0	0.0	0.0	0.0	0.0	0.0	0.0	0.0	0.0	0.0	0.0	0.0	0.0	0.0	0.0	0.0	0.0	0.0	0.0	0.0	0.0373399925320014	0.0	0.0	4.797739040452193	0.1479199704160059	0.0	0.0	0.0	0.0	0.0	0.0	0.0	0.0	0.0	0.0	0.0	0.0	0.0	0.0	0.0163399967320006	0.0	0.0	0.0	0.0	0.0	0.0	0.0	0.0	0.0	0.0	0.0	0.0	0.0	0.1980699603860078	6.034908793018241	0.0	0.0	0.0	0.0	0.1880599623880075	0.3572199285560143	0.0	0.0	0.0	0.0	0.0	0.0	0.0	0.0	0.0	0.0
SRR7057665	0.0	0.0	0.0	0.0	0.0	0.0	0.0	0.0	0.2186278882130273	0.0	0.0	0.057970046209008	0.0	5.802735614081921	0.0	0.0	0.0	0.0	0.0	0.0	0.0	0.0176230540752712	0.0	0.000840145597232	0.0	0.0	0.019823435401355	0.0043507539856657	0.0005100883983194	0.0306353090990668	0.004780828517582	0.0	0.0	0.0	0.0	0.0	0.0	2.072619184904744	0.0	0.0	0.0	0.0	0.0061210607798331	0.1471054933820031	0.3033525710005544	0.0	0.0	0.1216510821325335	0.0	0.0	0.0	0.0	0.0	0.0	0.0	0.0	0.0	0.0	0.0	0.0	0.0	0.0	0.0	0.0	0.0	0.0	0.0	0.0	0.0	0.0	0.0027104697244032	0.0	0.0023804125254906	0.0	0.0	0.8618493584938269	0.0	0.0174430228758643	0.0870750901131166	0.0	0.0	0.0	0.0	0.0	0.1551568886888097	0.0	0.0	0.0	0.0	0.0	0.0	0.0	4.504770676758282	0.0	0.0	0.0	0.0	0.0292350664370135	0.0	0.0	0.0	0.3173449958877873	0.0	0.0002800485324106	0.0	0.0	0.0	0.0791037086727129	0.0413371637304744	0.0	0.0	0.0	0.5094982960547063	0.0276447908422528	0.0161527992801152	0.0	0.0	0.0	5.388813881445655	0.0657213895168032	0.0	0.0	0.0	0.0	0.0	0.0	0.0	0.1253317199870737	0.0	0.0	0.0	0.0	0.1001773607366156	0.0	0.0	0.0	0.0	0.0	0.6042747208091162	0.0	0.0	0.0	0.0157427282147996	0.0	0.0	0.0	0.0243342171198268	0.0	0.0061010573132323	0.0004800831984182	0.0980169863437333	0.0	0.003890674253848	0.1392141258080025	0.0312454148303901	0.0	0.0	0.0	0.0	0.0991371804733759	0.0	0.0	0.0	0.0	0.0145625236853546	0.1071385671136808	0.0	0.3954085242972607	0.0	0.0	0.0	0.0	0.0	0.0	0.0	0.0	0.0	0.0820242147964242	0.0037406482543424	0.001550268661559	0.0	0.0	0.0	0.0	0.0	0.0	0.0	0.0	0.0059410295804262	0.0	0.0	0.0	0.0	0.0	0.0	0.0	0.0	0.0	0.0	0.0	0.0012902235957491	1.204908810696894	7.467724156596338	0.0	0.0	0.0	0.0	0.0	0.0	0.0	0.0	0.0	0.0	0.0	0.0	0.0	0.0	0.0	0.0	0.0	0.0	0.0	0.0	0.0	0.0	0.0	0.240541685874162	0.0	0.0	0.0	1.768856542838874	0.0	0.0	0.8329343475224257	0.0	0.0	0.0	0.0	0.0	0.2503533862418357	0.0	0.0	0.0	0.0	0.0	0.0	0.0	0.0	0.0	0.0	0.0	0.0	2.796024551054698	0.0	0.0	0.0	0.0	0.0	0.0	0.0	0.0	0.0	0.0	0.0	0.0	0.0	0.0	0.0299651929679413	0.0	0.0	0.0	0.0	0.0513488987641557	0.0	0.0	0.0270046799110285	0.0	0.0	0.0	0.0	0.001550268661559	1.152969809668015	0.0	0.0	0.6267086086018707	0.0785736168077928	0.0	0.0	0.0	0.0	0.0	0.0	44.26305078670133	0.0198334371346554	0.0	0.0	0.1552969129550151	0.0	0.0	0.0	0.0244542379194314	0.0	0.0	0.0	0.0	0.0	0.0	0.0	0.0	0.0	0.0	0.0	0.0	0.0	0.0	16.11733313383209	0.0	0.0	0.0	0.0	0.0	0.1157000508188069	0.0	0.0	0.0	0.0	0.0	0.0	0.0	0.0	0.0	0.0
SRR7057666	0.0	0.0	0.0	0.0	0.0	0.0	0.0	0.0	0.0121604572331919	0.0	0.0	0.7944198701871191	0.0	18.02078758161307	0.0	0.0	0.0	0.0	0.0	0.0	0.0	0.0078702959231267	0.0	0.0	0.0	0.0	0.0272910261425829	0.0	0.2046176936252803	0.0547820598054486	0.1944773123469442	0.0	0.0	0.0	0.0	0.0	0.0	19.91989898820196	0.0	0.0	2.904219198641869	0.0	0.0538920263401903	5.928092896292901	0.0941635405491246	0.0	0.0	0.6050627503594136	0.0	0.0	0.0	0.0	0.0	0.0	0.0	0.0	0.0	0.0	0.0	0.0	0.0	0.0	0.0	0.0	0.0	0.0	0.0	0.0	0.0	0.0	0.1312649355615771	0.0	0.0	0.0	0.0	0.6686851425613604	0.0	0.0	0.6323537765019964	0.0	0.0	0.0	0.0186907027704241	0.0	1.099061324705809	0.0	0.0	0.0	0.0103103876705764	0.0	0.0	0.0688825899853834	1.859359911932689	0.0	0.0034501297248776	0.0064602429051332	0.0	0.15739591808652	0.0	0.0	0.0	0.3720339884779668	0.0127504794180261	0.109614121490968	0.0	0.129954886303725	0.0	0.0	1.284218286607577	0.0	0.0	0.0	1.008467918393732	0.0494218582618706	0.0706526565398859	0.0	0.0	0.029761119018075	0.8185107760051777	0.0026300988917183	0.0	0.0	0.0	0.0	0.0	0.0	0.0	0.1987574732809953	0.0	0.0	0.0	0.0	0.0902933950316531	0.0	0.0	0.0	0.0009100342172865	0.0	0.178386707340196	0.0	0.0027601037799021	0.0	0.0126904771619412	0.0	0.0	0.0	0.2249884595660796	0.0	0.9904372404402404	0.029901124282273	0.0188407084106362	0.0	0.0109604121114953	0.0039501485255845	0.0	0.0	0.0	0.0	0.0	0.0	0.0	0.0	0.0	0.0	0.0670525211747961	0.0180506787055193	0.0155305839499565	0.4384264848358298	0.0286510772805057	0.0	0.0	0.0	0.0	0.0	0.0	0.0	0.0	0.0373714051648342	0.0	0.0989237195318543	0.0	0.0	0.0	0.0	0.0	0.0181606828416748	0.0	0.0	0.0	0.0	0.0	0.0	0.0	0.0	0.0	0.0	0.0	0.0004500169206362	0.0035601338610331	0.0	0.0	0.8384515257773694	0.0	0.0	0.0	0.0	0.0	0.0	0.0	0.0	0.0	0.0	0.0	0.0	0.0	0.0	0.0	0.0	0.0	0.0	0.0	0.1060339868779066	0.0	0.0	0.0	0.0	1.57018903910787	0.0	0.0	0.0	0.7549483860593158	0.0	0.0	2.138440405359241	0.0	0.0	0.0	0.0	0.0	0.8157606726012897	0.0	0.0	0.0	0.0	0.0	0.0	0.0	0.0	0.0	0.0	0.0	2.547075770048954	11.84884551659142	0.0	0.0	0.0	0.0	0.0	0.0	0.0	0.0	0.0	0.0	0.0039701492776128	0.0073602767464056	0.0	0.0	0.0299211250343012	0.0	0.0	0.0	0.0	0.0499018763105492	0.0	0.0	0.0	0.0	0.0	0.0	0.0	0.0	0.1358351074000382	0.0	0.0	0.1802667780308539	0.3581634669463572	0.0	0.0	0.0	0.0	0.0035301327329907	0.0	1.790207311794924	0.0	0.0	0.0	0.0041701567978956	0.0	0.0	0.0	0.0071202677220663	0.0	0.0	0.0	0.0	0.0	0.0	0.0	0.0	0.0	0.0	0.0	0.0	0.0	1.123132229771839	13.18017557460161	0.0	0.0	0.0	0.0	0.0888233397575748	2.539065468861629	0.0	0.0	0.0	0.0	0.0152205722935182	0.0	0.0	0.0	0.0	0.0086703260042577
SRR7057667	0.0	0.0	0.0	0.0	0.0	0.0	0.0	0.0	0.007398563837642	0.0	0.0	0.0619717322801142	0.0	1.636404137789491	0.0	0.0	0.0	0.0	0.0	0.0	0.0	0.0160485762269827	0.0	0.0	0.0	0.0	0.0	0.0056765706305048	0.2064089183229588	0.1588438617699987	0.0	0.0	0.0	0.0	0.0	0.0	0.0	8.574615116997924	0.0	0.0	0.3574337295419449	0.0	0.0001101274725494	0.0466339788304962	0.1780160535820212	0.0	0.0	0.6821796229135225	0.0	0.0	0.0	0.0	0.0	0.0888828819358407	0.0	0.0	0.0	0.0	0.0	0.0	0.0	0.0	0.0	0.0	0.0	0.0	0.0	0.0	0.0	0.0	0.0	0.0	0.0	0.0	0.0	2.064249368644205	0.0	0.0855590345825292	0.0111128631390834	0.0229365490555317	0.0	0.0	0.0	0.0	0.3977403844950529	0.0	0.0	0.0	0.0	0.0	0.0	0.0	0.8214308061581281	0.0	0.0	0.0	0.0	0.1139418877350533	0.0	0.0	0.0	0.0389150441636193	0.0	0.0	0.0	0.0	0.0	0.0	0.1103777622598157	0.0	0.0	0.0	0.7431802311175185	2.381336396879389	0.099925663956029	0.0	0.0	0.0761381298853422	5.697815221118445	0.4980965467528664	0.0	0.0	0.0	0.0	0.0	0.0	0.0	0.0424991928156841	0.0	0.0	0.0	0.0	0.3018694138465274	0.0	0.0	0.0	0.0	0.0	0.1068837179034732	0.0	0.0	0.0	0.0	0.0	0.0	0.0	0.0305153214846184	0.0	0.0	0.0	0.0535419748358725	0.0	0.0073885522492284	0.0002302665335125	0.0	0.0	0.0	0.0	0.0	0.0	0.0	0.0	0.0	0.0	0.0020423640363721	5.118444599624065	0.0012314253748714	0.228043960884724	0.0	0.0	0.0	0.0	0.0	0.0	0.0	0.0	0.0	0.0	0.0	0.0	0.0	0.0	0.0	0.0	0.0	0.0	0.0	0.0	0.0	0.0	0.0	0.0	0.0	0.0	0.0	0.0	0.0	0.0	0.0	0.0	0.0	0.4838800912055705	2.103775119701054	0.0	0.0	0.0	0.0	0.0	0.0	0.0	0.0	0.0	0.0	0.0	0.0	0.0	0.0	0.0	0.0	0.0	0.0	0.0	0.0	0.0	0.0	0.0	0.3530186190515521	0.0130751344681468	0.0	0.0	1.095568120099015	0.0067578221791723	0.0	0.4155710234596546	0.0	0.0	0.0	0.0	0.0	0.0089203252765075	0.0	0.0	0.0	0.0	0.0	0.0	0.0	0.0	0.0	0.0	0.0	0.5042636852156372	24.22674245439096	0.0	0.0	0.0	0.0	0.0	0.0	0.0	0.0	0.0	0.0	0.0	0.0	0.0	0.0	0.0021524915089215	0.0	0.0	0.0	0.0	0.0	0.0	0.0	0.0	0.0	0.0	0.0	0.0	0.1217509266976525	4.151195008222016	0.0	0.0	0.9828876925040736	0.0	0.0	0.0	0.0	0.0	0.0	0.0	0.0	0.0	0.0	0.0	0.4652485251678819	0.0	0.0	0.0	0.0125545318706402	0.0	3.656512413118184	0.0	0.0	0.0	0.0	0.0	0.0	0.0	0.0	0.0	0.0082595604412107	0.0	0.0101817854166197	28.70278347186869	0.0	0.0	0.0	0.0	0.0	0.2786825750806559	0.0166192367665572	0.0	0.0	0.0	1.30352883462608	0.0	0.0	0.0	0.0	0.0
SRR7057668	0.0	0.0	0.0	0.0	0.0	0.0	0.0	0.0	0.279809644620546	0.0	0.0	0.0515628339893799	0.0	10.39769798702897	0.1949185152184378	0.0	0.0	0.0	0.0	0.0	0.0	0.0373292912605947	0.0	0.0	0.0	0.0	0.0032708141056308	0.0091222705331356	0.1277617999119981	0.0045911427354268	0.0048312024862988	0.0	0.0	0.0	0.0	0.0	0.0	5.975847388414977	0.0	0.0	0.0	0.0	0.0	6.104819489570954	0.2665263384056291	0.0	0.0	0.4613348262382507	0.0	0.0	0.0	0.0	0.0	0.0	0.2307174255672237	0.0	0.0	0.0	0.0	0.0	0.0	0.0	0.0	0.0	0.0	0.0	0.0	0.0	0.0	0.0	0.0022805676332839	0.0	0.0	0.0136333933516052	0.0	2.010370381187877	0.0	0.0416203593074316	0.1500773542534736	0.1277317924431391	0.0	0.0	0.0	0.0	0.1602198787278153	0.0	0.0	0.0	0.0	0.0	0.0	0.0039209759309092	1.659553062757321	0.0	0.0012002987543599	0.0044811153496105	0.0	0.1021754314648916	0.0	0.0	0.0	0.6863908426807432	0.0	0.0023105751021429	0.0	0.0	0.0	0.0	0.1801248330709513	0.0	0.0	0.0	0.7956480367963586	0.0024005975087199	0.0296873891911696	0.0	0.0	0.0271067468692957	6.941657778621099	0.008482111197477	0.0	0.0	0.0	0.0	0.0	0.0	0.0	0.110527510297313	0.0	0.0	0.0	0.0	0.1438658081996609	0.0	0.0	0.0	0.0	0.0	0.7800841629481577	0.0	0.0	0.0	0.0066116456385994	0.0132032862979595	0.0	0.0	0.0087421759275883	0.0	0.0450812207158361	0.0150637493672175	0.0482720149045097	0.0	0.0160039833914661	0.0299674589005203	0.0	0.0010302564308256	0.0081120190815493	0.0	0.0	0.008782185886067	0.0	0.0	0.0	0.0	0.0064015933565864	3.000866915775336	0.0011802937751206	0.3880065748364767	0.0	0.0	0.0	0.0	0.0	0.0	0.0	0.0	0.0	0.0429206829579882	0.0	0.0030407568443785	0.0	0.0	0.0	0.0	0.0	0.0	0.0	0.0144435950107981	0.0	0.0	0.0	0.0	0.0	0.0	0.0	0.0	0.0	0.0	0.0	0.0	0.0	0.2865413201345815	0.0	0.0	0.0	0.0	0.0	0.8282261454876119	0.0	0.0	0.0	0.0	0.0	0.0	0.00959238754526	0.0	0.0	0.0	0.0	0.0	0.0	0.0	0.0023805925294805	0.0	0.0	0.0	0.7294515604934068	0.0155038589104828	0.0	0.0	1.677957643657506	0.0037109236488962	0.0	2.096841903949893	0.0	0.0	0.0	0.0	0.0	1.707364963139325	0.0	0.0	0.0	0.0	0.0	0.0	0.0	0.0	0.0	0.0	0.0	0.7787038193806438	24.31484196416488	0.0	0.0	0.0	0.0	0.0	0.0	0.0	0.0	0.0	0.0158839535160301	0.0001500373442949	0.0	0.0	0.0	0.009052253105798	0.0	0.0	0.0	0.0	0.0652262348098441	0.0	0.0	0.0	0.0	0.0	0.0	0.0	0.0028707145208442	3.07780606592981	0.0	0.0	0.9825245503605848	0.5811746543714731	0.0	0.0	0.0	0.0057414290416884	0.0	0.0	0.0241260049626352	0.0	0.0	0.0	0.0042910680468368	0.0	0.0	0.0	0.0594948082577753	0.0	0.0	0.0	0.0	0.0	0.0	0.0	0.0	0.0	0.0	0.0	0.0074418522770317	0.0	0.0	20.42990500335533	0.0	0.0	0.0	0.0	0.1538883027985665	0.0260764904384701	0.0	0.0	0.0	0.0	0.3012849898339697	0.0	0.0	0.0085221211559557	0.0	0.0
SRR7057669	0.0	0.0	0.0	0.0	0.0	0.0	0.0046699981320007	0.0	0.0719699712120115	0.0	0.0	0.0069099972360011	0.0	9.194906322037472	0.0	0.0	0.0	0.0	0.0	0.0	0.0	0.0048599980560007	0.0	0.0	0.0	0.0	0.0069099972360011	0.0	0.0612899754840097	0.1846099261560295	0.0341999863200054	0.0	0.0	0.0	0.0	0.0	0.0	15.98961360415456	0.0	0.0	0.0	0.0	0.0029299988280004	1.336169465532214	0.5792197683120925	0.0	0.0	0.0951699619320152	0.0	0.0	0.0	0.0	0.0	0.0	0.0	0.0	0.0	0.0	0.0	0.0	0.0	0.0	0.0	0.0	0.0	0.0	0.0	0.0	0.0	0.0	0.000259999896	0.0	0.0086599965360013	0.0	0.0	3.68352852658859	0.0	0.0535799785680085	0.2464199014320395	0.0	0.0	0.0	0.0	0.0	0.0109499956200017	0.0	0.0	0.0	0.0	0.0	0.0	0.0	3.788238484704606	0.0	0.0220199911920035	0.000109999956	0.0	0.0231999907200037	0.0	0.0	0.0	0.4101798359280656	0.0	0.0121599951360019	0.0	0.0	0.0	0.0507399797040081	0.7860796855681258	0.0	0.0	0.0	1.537309385076246	0.2947098821160471	0.0027799988880004	0.0	0.0	0.0421599831360067	4.033538386584646	0.0738099704760118	0.0	0.0	0.0	0.0	0.0	0.0	0.0	0.2197399121040352	0.0	0.0	0.0	0.0	0.3393498642600543	0.0	0.0	0.0	0.0	0.0	0.3903498438600624	0.0	0.0	0.0	0.0	0.0649099740360103	0.0	0.0	0.0246699901320039	0.0	0.1536099385560245	0.0491799803280078	0.0090399963840014	0.0	0.1266899493240202	0.0	0.0	0.0	0.0172699930920027	0.0	0.0	0.181539927384029	0.0	0.0	0.0	0.0	0.1882599246960301	0.4567198173120731	0.0031799987280005	0.730779707688117	0.0042099983160006	0.0	0.0	0.0	0.0	0.0	0.0	0.0	0.0	0.1043499582600166	0.0	0.0	0.0	0.0	0.0	0.0	0.0	0.0	0.0	0.0	0.0	0.0	0.0	0.0	0.0	0.0	0.0	0.0	0.0	0.0	0.0009199996320001	0.0	0.0	0.5864897654040938	0.0009399996240001	0.0	0.0	0.0	0.0	0.0	0.0	0.0	0.0	0.0	0.0	0.0	0.0	0.0	0.0	0.0	0.0	0.0	0.0	0.0	0.0	0.0	0.0	0.0	0.4793098082760767	0.0	0.0	0.0	9.30599627760149	0.0	0.0	1.865859253656299	0.0	0.0	0.0	0.0	0.0	1.346599461360216	0.0	0.0	0.0012599994960002	0.0	0.0	0.0	0.0	0.0	0.0	0.0	0.0	0.006599997360001	8.769376492249403	0.0	0.0	0.0	0.0	0.0	0.0	0.0079299968280012	0.0	0.0	0.0	0.0069699972120011	0.0	0.0	0.0	0.0	0.0	0.0	0.0	0.0	0.0	0.0	0.0	0.0	0.0	0.0	0.0	0.0	0.0	3.448128620748553	0.0	0.0	5.116037953584819	0.0360399855840057	0.0	0.0	0.0	0.0	0.0	0.0	0.0	0.0389399844240062	0.0	0.0	0.0034999986000005	0.0	0.0	0.0	0.0972699610920155	0.0	0.0	0.0	0.0	0.0	0.0	0.0	0.0	0.0	0.0	0.0	0.0	0.0	0.0	20.0029019988392	0.0	0.0	0.0	0.0	0.043819982472007	3.117398753040499	0.0	0.0	0.0	0.0	0.0	0.0	0.0	0.0	0.0	0.0
SRR7057670	0.0	0.0	0.0	0.0	0.0	0.0	0.0093994455027856	0.0	0.0546649327909616	0.0	0.0	0.0012112171521161	0.0	8.969433383607187	0.1063268478494039	0.0	0.0	0.0	0.0	0.0	0.0	0.0	0.0	0.0	0.0	0.0	0.1042047153184235	0.0	0.0217818886198741	0.1437744789739209	0.0048348585493561	0.0	0.0	0.0	0.0	0.0	0.0	8.13959948352099	0.0	0.0	0.6316847800354577	0.0	0.0	0.0064564881249167	0.282774159753136	0.0	0.0	0.1672380575240059	0.0	0.0	0.0	0.0	0.0	0.0214415466101885	0.2133443897772872	0.0	0.0	0.0	0.0	0.0	0.0	0.0	0.0	0.0	0.0	0.0	0.0	0.0	0.0	0.0	9.009053197558226e-05	0.0	0.0	0.0074574940357564	0.0	1.081216514475397	0.0	0.0171372211935774	0.0082482887053198	0.0	0.0	0.0	0.0	1.24478088030662	0.3607625302666649	0.0	0.0	0.0	0.0	0.0	0.0	0.0273074412477097	0.0070070413758785	0.0	0.0056957236326783	0.0017317402257528	0.0	0.0613116120389379	0.0	0.0	0.0	0.3292608742525364	0.0	0.0409611618715646	0.0	0.0	0.0	0.0483786156708876	0.1179985767697959	0.0	0.0	0.0	0.0078178561636587	0.1841450473580902	0.0150050786034886	0.0	0.0	0.0341142814414203	1.307864272807745	0.0	0.0	0.0	0.0	0.0	0.0	0.0	0.0	0.0206707720588419	0.0	0.0	0.0	0.0	0.0560162907705952	0.0	0.0	0.0	0.0	0.0	0.2647260231806943	0.0	0.0	0.0	0.0	0.0	0.0	0.0	0.0482584949615868	0.0	0.0263965258688456	0.0	0.0841445568651937	0.0009109153788641	0.0026526656637254	0.0765168918245945	0.0	0.0	0.0	0.0	0.0	0.011191246083189	0.0	0.0	0.0	0.0	0.0046346573671881	1.413300225396501	0.0012612674476581	0.0806610562954712	0.0	0.0	0.0	0.0	0.0	0.0	0.0	0.0	0.0	0.0258960229134256	0.0	0.000430432541661	0.0	0.0	0.0	0.0	0.0	0.0	0.0	0.0	0.0	0.0	0.0	0.0	0.0	0.0	0.0	0.0	0.0	0.0113614170880317	0.0	0.0	0.0	0.7735973880152165	3.693131227570586	0.0	0.0	0.0	0.0	0.0	0.280742117754131	0.0	0.0	0.0	0.0	0.0	0.0	0.0	0.0	0.0	0.0	0.0	0.4198719293017553	0.0	0.0	0.0	0.0	0.0	0.5060184979886289	0.0	0.0	0.0	2.628141018909904	0.0	0.0	2.3827143896902	0.0	0.0	0.0	1.93063009017762	0.0	0.4904528560750698	0.0	0.0	0.0	0.0	0.0	0.0	0.0	0.0	0.0	0.0	0.0	1.774363057436418	6.80684019371066	0.0	0.0	0.0	0.0	0.0	0.0	0.0	0.0	0.0	0.0	0.0093393851481353	0.0	0.0	0.0	0.0030830982053864	0.0	0.0	0.0	0.0	0.0	0.0	0.0	0.0	0.0	0.0	0.0	0.0	0.021251355487129	0.5109134168926355	0.0	0.0	2.1197701570308	0.1648156232197735	0.0	0.0	0.0176877744445393	0.0	0.0	0.0	16.33245248149866	0.0	0.0	0.0	0.4666189053379742	0.0	0.0	0.0	0.0305907406352642	0.0	0.0	0.0	0.0	0.0	0.0	0.0	0.0	0.0	0.0	0.0	0.0	0.0	0.0	32.54924874005889	0.0	0.0	0.0	0.0	0.0048949189040066	0.1109615052165921	0.0029729875551941	0.0	0.0	0.0	0.0	0.0	0.052062317422778	0.0	0.0	0.0013413479205253
SRR7057671	0.0	0.0	0.0	0.0	0.0	0.0	0.0	0.0	0.2577926509270443	0.0	0.0	0.593790148692334	0.0	23.29827614931389	0.0	0.0	0.0	0.0	0.0	0.0	0.0	0.0159693676490848	0.0	0.0	0.0	0.0	0.0016920521208121	0.0	0.1580917336545763	0.9730200787515098	0.0154787726554765	0.0	0.0	0.0	0.0	0.0	0.0	0.3070423809996764	0.0	0.0	0.2151709593394869	0.0	0.0175212497717231	0.1543371801320641	0.0264120325130318	0.0	0.0	0.3238227322096238	0.0	0.0	0.0	0.0	0.0	0.0002402914254407	0.0	0.0	0.0	0.0	0.0	0.0	0.0	0.0	0.0	0.0	0.0	0.0	0.0	0.0	0.0	0.0	0.0	0.0	0.0	0.0	0.0	4.54875673216477	0.0	0.010973308428462	0.0	0.0	0.0	0.0	0.0004205099945213	0.0656896684298717	0.6564761743041961	0.0	0.0	0.0	0.0	0.0	0.0	0.0	3.148408389695022	0.0	0.0015318578371849	0.0022727563989606	0.0	0.0566987642612961	0.0	0.0	0.0	0.7725469449348169	0.006517904915081	0.320458652253453	0.0	0.0	0.0	0.0009010928454029	0.3164638073055001	0.0	0.0	0.0	0.2867177312644776	0.1133074192380519	0.0124851419801935	0.0	0.0	0.0567388128322028	5.228551186879447	0.1537364515684622	0.0	0.0	0.0	0.0	0.0	0.0	0.0	0.0390573687768525	0.0	0.0	0.0	0.0	0.2209780021209723	0.0	0.0	0.0	0.0	0.0	0.1718283934756072	0.0	0.0015518821226383	0.0	0.0	0.0070685727650493	0.0	0.0	0.0404190201876836	0.0	0.034852268831639	0.0	0.0047057070815485	0.0	0.0552470035659247	0.0826001774952662	0.0	0.0	0.0	0.0	0.0	0.0053364720733305	0.0	0.0	0.0	0.0	0.0647285027281086	2.120411635231208	0.0	0.13651556607854	0.0	0.0	0.0	0.0	0.0	0.0	0.0	0.0	0.0	0.0518829236097538	0.0	0.007449034188664	0.0	0.0	0.0	0.0	0.0	0.0	0.005716933496945	0.0	0.0	0.0	0.0	0.0	0.0	0.0	0.0	0.0	0.0	0.0	0.0	0.0	0.0	0.8478082218114129	0.0	0.0	0.0	0.0	0.0	0.0	0.0	0.0	0.0	0.0	0.0	0.0	0.0030036428180096	0.0	0.0	0.0	0.0	0.0	0.0	0.0	0.0	0.0	0.0	0.0	0.0555173314195456	0.0	0.0	0.0	4.710182509347336	0.0	0.0	0.3761061415284457	0.0	0.0	0.0	0.0	0.0	0.1436141752717696	0.0	0.0	0.0	0.0	0.0	0.0	0.0	0.0	0.0	0.0	0.0	0.0778243854146308	0.7176904149352334	0.0	0.0	0.0	0.0	0.0	0.0	1.133024131666886	0.0	0.0	0.0231080254132211	0.0	0.0	0.0	0.0	3.003642818009683e-05	0.0	0.0	0.0	0.0	0.0576499178203325	0.0	0.0	0.0	0.0	0.0	0.0	0.0	0.0086404791731411	4.726021719140975	0.0	0.0	13.64971437359229	0.0827203232079866	0.0	0.0	0.0	0.0	0.0	0.0	3.388719839421249	0.0018722706898927	0.0	0.0	0.1687646778012373	0.0	0.0	0.0	0.0816490239362298	0.0	0.0	0.0	0.0	0.0	0.0	0.0	0.0	0.0	0.0	0.0	0.0	0.0	0.0	19.41393522063558	0.0	0.0	0.0	0.0	0.0751511433066022	1.003777381207929	0.0	0.0	0.0	0.0	4.08461381964046	0.0	0.0002002428545339	0.0	0.0	0.0
SRR7057672	0.0	0.0	0.0	0.0	0.0	0.0	0.0177116365452102	0.0	0.2217356803419846	0.0	0.0	0.0237255877111262	0.0	6.515950979793725	0.0	0.0	0.0	0.0	0.0	0.0	0.0	0.0510935684744877	0.0	0.0	0.0	0.0	0.0075349504624538	0.0043128335316302	0.2256082246035645	0.1772464509182533	0.0018912425463529	0.0	0.0	0.0	0.0	0.0	0.0	1.447320889824615	0.0	0.0	0.7747490100996356	0.0	0.0085356078943866	0.943820089798998	0.1582939991574464	0.0	0.0	0.7132385977587276	0.0	0.0	0.0	0.0	0.0	0.0	0.0	0.0	0.0	0.0	0.0	0.0	0.0	0.0	0.0	0.0	0.0	0.0	0.0	0.0	0.0	0.0	0.0	0.0	0.0038225113899832	0.0	0.0	2.489695730094672	0.0	0.0713468748968072	0.0128384348516975	0.0	0.0	0.0	0.0304500056537144	0.2349143387205394	1.020670580571436	0.0	0.0	0.0	0.0	0.0	0.0	0.0	2.952559831809499	0.0	0.0	0.0	0.0	0.1136346579702864	0.0	0.0	0.0	0.16508846312027	0.0002201446350252	0.0202733195709581	0.0	0.0	0.0	0.0	0.060109491936202	0.0	0.0	0.0	0.5517324882447769	0.303159175578355	0.0188123597203362	0.0	0.0	0.0835248758434291	4.946740008185378	0.3234825280209097	0.0	0.0	0.0	0.0	0.0	0.0	0.0	0.0186622611055463	0.0	0.0	0.0	0.0	0.3262743622560022	0.0	0.0	0.0	0.0	0.0	0.8605153585905941	0.0	0.0016710979113277	0.0	0.0	0.0159804991879664	0.0	0.0	0.005863852551126	0.0	0.0054435764297143	0.0	0.0335320305440674	0.0	0.1921262269310937	0.0418875201007061	0.0	0.0	0.0	0.0	0.0	0.0061140169091092	0.0013508875331092	0.0	0.0	0.0	0.0050032871596639	3.374697176044662	0.0	0.3060310624080021	0.0	0.0	0.0	0.0	0.0	0.0	0.0	0.0	0.0	0.0090859694819496	0.0	0.0017611570802016	0.0	0.0	0.0	0.0	0.0	0.0	0.0642822334273617	0.0	0.0	0.0	0.0	0.0	0.0	0.0	0.0	0.0	0.0	0.0003702432498151	0.0	0.0	0.0	0.4529575931386921	0.0	0.0	0.0	0.0	0.0	0.0	0.0	0.0	0.0	0.0	0.0	0.0	0.0	0.0	0.0	0.0	0.0	0.0	0.0	0.0	0.0	0.0	0.0	0.0	0.2483931943286739	0.0154001178774454	0.0	0.0	2.576702893801228	0.0	0.0	1.669917135558062	0.0	0.0	0.0	0.0	0.0	0.8721930308212497	0.0	0.0	0.0	0.0	0.0	0.0	0.0	0.0	0.0	0.0	0.0	0.4699687694815494	4.216630326124264	0.0	0.0	0.0	0.0	0.0	0.0	0.0687851918710592	0.0	0.0	0.0144494933171093	0.0	0.0	0.0	0.0	0.002261485796168	0.0	0.0	0.0	0.0	0.0003001972295798	0.0	0.0	0.0	0.0	0.0	0.0	0.0	0.0005003287159663	2.899825185146642	0.0	0.0	6.774941136326566	0.003542327309042	0.0	0.0	0.0	0.0	0.0	0.0	23.12427264712916	0.0	0.0	0.0	0.08797780141553	0.0	0.0	0.0	0.0797824170480005	0.0	0.0	0.0	0.0	0.0	0.0	0.0	0.0	0.0	0.0	0.0	0.0024616172825546	0.0	0.0	23.76055068179794	0.0	0.0	0.0	0.0	0.1587142752788582	2.059573139552686	0.0	0.0	0.0	0.0	0.4637947131265241	0.0	0.0096063113465546	0.0	0.0	0.0
SRR7057673	0.0	0.0	0.0	0.0	0.0	0.0	0.0	0.0	0.2216437563440911	0.0	0.0	0.0	0.0	4.004049816787097	0.0	0.0	0.0	0.0	0.0	0.0	0.0	0.0022003351110374	0.0	0.0	0.0	0.0	0.0	0.0	0.0076011576563109	0.3434723108329398	0.052548003060866	0.0	0.0	0.0	0.0	0.0	0.0	37.74781899283261	0.0	0.0	0.0	0.0	0.0055808499634493	0.0043006549897548	0.1323001493127403	0.0	0.0	0.1986202498640543	0.0	0.0	0.0	0.0	0.0	0.0	0.1507629611989906	0.0	0.0	0.0	0.0	0.0	0.0	0.0	0.0	0.0	0.0	0.0	0.0	0.0	0.0	0.0	0.0022603442504293	0.0	0.0	0.0	0.0	2.753909420404728	0.0	0.0	0.0	0.0	0.0	0.0	0.0	0.0	4.203370173277389	0.0	0.0	0.0	0.0	0.0	0.0	0.0	6.727954667495862	0.0	0.0	0.0180627509569707	0.0	0.0706507601107647	0.0	0.0	0.0	0.1894488530603211	0.0121518507268657	0.0035205361776598	0.0	0.0	0.0	0.0	0.372306702310762	0.0	0.0	0.0	0.0069910647391597	0.0086813221653656	0.0152023153126221	0.0	0.0	0.0855630312496592	2.921955013748594	0.1633748819945278	0.0	0.0	0.0	0.0	0.0	0.0	0.0	0.09336421937061	0.0	0.0	0.0	0.0	0.0216132917043265	0.0	0.0	0.0	0.0	0.0	0.2763820929927627	0.0	0.0005400822545272	0.0	0.0	0.0	0.0	0.0	0.0974148362795653	0.0	0.0427665133399815	0.0232535415143726	0.0	0.0	0.0204931211023438	0.0	0.0	0.0	0.0	0.0	0.0	0.1585641493199414	0.0	0.0	0.0	0.0	0.0961646458755667	3.737739257688946	0.0	0.17168614780031	0.0	0.0	0.0	0.0	0.0	0.0	0.0	0.0	0.0	0.0485073876751428	0.0	0.0046507083028744	0.0	0.0	0.0	0.0	0.0	0.0	0.0	0.0	0.0	0.0	0.0	0.0	0.0	0.0	0.0	0.0	0.0	0.0	0.0	0.0	0.0	0.6151136818137403	0.0	0.0	0.0	0.0	0.0	0.0	0.0	0.0	0.0	0.0	0.0	0.0	0.0439666961278201	0.0	0.0	0.0	0.0	0.0	0.0	0.0	0.0	0.0	0.0	0.0	0.0	0.0	0.0	0.0	0.2318653130871832	0.0	0.0	1.026316307973704	0.0	0.0	0.0	0.0	0.0	0.1278794760442015	0.0	0.0	0.0	0.0	0.0	0.0	0.0	0.0	0.0	0.0	0.0	0.0	5.615365220123025	0.0	0.0	0.0	0.0	0.0	0.0	0.0	0.0	0.0	0.0	0.0	0.0	0.0	0.0	0.0	0.0	0.0	0.0	0.0	0.0022803472968933	0.0	0.0	0.0	0.0	0.0	0.0	0.0	0.0	2.626109956546383	0.0	0.0	2.02813888555227	0.0838027631608293	0.0	0.0	0.0	0.0	0.0	0.0	0.0127519421207849	0.0	0.0	0.0	0.1834579406443601	0.0	0.0	0.0	0.0	0.0	0.0	0.0	0.0	0.0	0.0	0.0	0.0	0.0	0.0	0.0	0.0	0.0	0.0	20.45919593554098	0.0	0.0	0.0	0.0	0.0	1.370158675166228	0.0	0.0	0.0	0.0	0.3541539376447033	0.0	0.0	0.0	0.0	0.0
SRR7057674	0.0	0.0	0.0	0.0	0.0	0.000470000047	0.0	0.0	1.00037010003701	0.0	0.0	0.7314700731470073	0.0	3.554510355451036	0.0	0.0	0.0	0.0	0.0	0.0	0.0	0.0	0.0	0.0	0.0	0.0	0.0	0.0	0.0593000059300006	0.0215700021570002	0.0	0.0	0.0	0.0	0.0	0.0	0.0	16.38728163872817	0.0	0.0	0.0	0.0	0.0	0.1971000197100019	0.0578900057890005	0.0	0.0	0.7512200751220075	0.0	0.0	0.0	0.0	0.0	0.0	0.0	0.0	0.0	0.0	0.0	0.0	0.0	0.0	0.0	0.0	0.0	0.0	0.0	0.0	0.0	0.0	0.000180000018	0.0	0.0	0.0	0.0	6.466360646636065	0.0	0.0	0.0	0.0	0.0	0.0	0.0	0.0	0.2903000290300029	0.0	0.0	0.0	0.0	0.0	0.0	0.0	0.881410088141009	0.0	0.0	0.0	0.0	0.0443700044370004	0.0	0.0	0.0	0.0258400025840002	0.000120000012	0.4818600481860048	0.0	0.0	0.0	0.0	2.109180210918021	0.0	0.0	0.0	0.0865400086540008	0.0	0.306040030604003	0.0	0.0	0.1771100177110017	3.569470356947035	0.0519100051910005	0.0	0.0	0.0	0.0	0.0	0.0	0.0	0.7899500789950079	0.0	0.0	0.0	0.000910000091	0.108570010857001	0.0	0.0	0.0	0.0	0.0	2.307250230725023	0.0	0.0	0.0	0.0	0.006370000637	0.0	0.0	0.296420029642003	0.0	0.2226200222620022	0.0	0.1129100112910011	0.0	0.3267200326720033	0.003160000316	0.0	0.0	0.0	0.0	0.0	0.0190500019050001	0.0	0.0	0.0	0.0	0.5729300572930058	0.3152900315290031	0.0	2.718160271816027	0.0	0.0	0.0	0.0	0.0	0.0	0.0	0.0	0.0	0.0579200057920004	0.0	0.0	0.0	0.0	0.0	0.0	0.0	0.0	0.0	0.0	0.0	0.0	0.0	0.0547200054720005	0.0	0.0	0.0	0.0	0.0	0.0	0.0	0.0	0.0	0.4336300433630043	0.0	0.0	0.0	0.0	0.0	0.0	0.0	0.0	0.0	0.0	0.0	0.0	0.0	0.0	0.0	0.0	0.0	0.005560000556	0.0	0.0	0.0	0.0	0.0	0.0	0.491470049147005	0.0	0.0	0.0	0.0476200047620004	0.0	0.0	1.00257010025701	0.0	0.0	0.0	0.0	0.0	0.2438700243870024	0.0	0.0	0.0	0.0	0.0	0.0	0.0	0.0	0.0	0.0	0.0	2.621860262186026	34.46717344671735	0.0	0.0	0.0	0.0	0.0	0.0	0.0	0.0	0.0	0.0	0.0	0.0	0.0	0.0	0.0654300065430006	0.0	0.0	0.0	0.0	0.004130000413	0.0	0.0	0.0	0.0	0.0	0.0	0.0	0.0141800014180001	0.0869400086940008	0.0	0.0	0.1355300135530013	0.2145000214500021	0.0	0.0	0.0	0.0	0.0	0.0	0.0063600006359999	0.0	0.0	0.0	1.214220121422012	0.0	0.0	0.0	0.1540500154050015	0.0	0.0	0.0	0.0	0.0	0.0	0.0	0.0	0.0	0.0	0.0	0.0	0.0	0.0	12.06785120678512	0.0	0.0	0.0	0.0	0.1608300160830016	1.380510138051014	0.0	0.0	0.0	0.001050000105	0.0158400015840001	0.0	0.0	0.0	0.0	0.0
SRR7057675	0.0	0.0	0.0	0.0	0.0	0.0	0.0	0.0	0.1222899877710012	0.0	0.0	0.0	0.0	0.001709999829	0.0	0.0	0.0	0.0	0.0	0.0	0.0	0.0170899982910001	0.0	0.0	0.0	0.0	0.0	0.0	0.0	0.4471999552800044	0.0762499923750007	0.0	0.0	0.0	0.0	0.0	0.0	8.776839122316089	0.0	0.0	0.0	0.0	0.0	0.0	0.0	0.0	0.0	1.682939831706017	0.0	0.0	0.0	0.0	0.0	0.0117299988270001	0.0	0.0	0.0	0.0	0.0	0.0	0.0	0.0	0.0	0.0	0.0	0.0	0.0	0.0	0.0	0.0	0.0	0.0	0.0	0.0	0.010089998991	1.119939888006011	0.0	0.0	0.0	0.0	0.0	0.0	0.003569999643	0.0	0.0250599974940002	0.0	0.0	0.0	0.0	0.0	0.0	0.0	0.007379999262	0.0	0.0	0.0238199976180002	0.0	0.3844399615560039	0.0	0.0	0.0	0.97479990252001	0.0665599933440006	0.4892599510740049	0.0	0.0	0.0	0.006889999311	1.899929810007019	0.0	0.0	0.0	0.7504299249570077	0.3428199657180034	0.0	0.0	0.0	0.1319099868090013	9.819829018017098	0.0849999915000008	0.0	0.0290199970980002	0.0	0.0	0.0	0.0	0.0	2.669919733008026	0.0	0.0	0.0	0.007289999271	0.0	0.0	0.0	0.0	0.0	0.0	0.0	0.0	0.0	0.0	0.0	0.0129799987020001	0.0	0.0	0.1510199848980014	0.0	0.5279699472030055	0.0	0.0	0.0	0.0528399947160005	0.0	0.0	0.0	0.0	0.0	0.0	0.2894999710500029	0.0	0.0	0.0	0.0	0.0723399927660007	0.8060999193900081	0.0	1.670449832955017	0.0	0.0	0.0	0.0	0.0315499968450003	0.0	0.0	0.0	0.0	0.0328599967140003	0.0	0.001059999894	0.0	0.0	0.0	0.0	0.0	0.0	0.0	0.0	0.0	0.0	0.0	0.0	0.0	0.0	0.0	0.0	0.0	0.0468699953130004	0.0	0.0	0.0	2.100849789915022	0.0	0.0	0.0	0.0	0.0	0.0	0.0	0.0	0.0	0.0	0.0	0.0	0.0	0.0	0.0	0.0	0.0	0.0	0.0	0.0	0.0	0.0	0.0	0.0	0.0	0.0	0.0	0.0	0.0869999913000008	0.0	0.0	10.68576893142311	0.0	0.0	0.0	0.0	0.0	0.0	0.0	0.0	0.0	0.0	0.0	0.0	0.0	0.0	0.0	0.0	0.0	0.0	37.81661621833838	0.0	0.0	0.002809999719	0.0	0.0	0.0	0.0	0.0	0.0	0.0214399978560002	0.0	0.0	0.0	0.0	0.0	0.0	0.0	0.0	0.0	0.0	0.0	0.0	0.0	0.0	0.0	0.0	0.0	0.0517199948280005	0.0146699985330001	0.0	0.0	3.662019633798038	0.2208099779190021	0.0	0.0	0.0	0.0	0.0	0.0	0.00039999996	0.0	0.0	0.0	0.004069999593	0.0	0.0	0.0	0.006049999395	0.0	0.0	0.0	0.0	0.0	0.0	0.0	0.0	0.0	0.0	0.0	0.0	0.0	2.226239777376023	9.397809060219094	0.0	0.0	0.0	0.0	0.0221799977820002	0.0	0.0	0.0	0.0	0.0	0.0	0.0	0.0	0.0	0.0	0.0
SRR7057676	0.0	0.0	0.0	0.0	0.0	0.0	0.0354620964322869	0.0	0.0897859456227175	0.0	0.0	0.0387041165350129	0.0	13.67552121727048	0.0	0.0	0.0	0.0	0.0	0.0	0.0	0.0342313295414372	0.0	0.0	0.0	0.0	0.0	0.0	0.1366151248843154	0.0567153393279352	0.0102063595826559	0.0	0.0	0.0	0.0	0.0	0.0	10.29507486114598	0.0	0.0	0.0	0.0	0.0	0.6022552652557809	0.2106412505632259	0.0	0.0	0.4097252998343267	0.0	0.0	0.0	0.0	0.0	0.0	0.6862776195847632	0.0	0.0	0.0	0.0	0.0	0.0	0.0	0.0	0.0	0.0	0.0	0.0	0.0	0.0	0.0	0.0	0.0	0.0003602244558584	0.0	0.0	0.601074529539356	0.0	0.1014031843241523	0.0146291154018068	0.0	0.0	0.0	0.0	0.4644293859503857	0.0899060204413369	0.0	0.0	0.0	0.0	0.0	0.0	0.0	0.7816370380384017	0.0	0.0129880928806739	0.0	0.0	0.1237070818827211	0.0	0.0	0.0	0.3344383885599116	0.0	0.0	0.0	0.0	0.0	0.0	0.0653507200336529	0.0	0.0	0.0	0.067652154057193	0.1580985111823176	0.0608679268051923	0.0	0.0	0.144570081617856	4.851773139843437	0.022704146953967	0.0	0.0	0.0	0.0	0.0	0.0	0.0	0.409865387122716	0.0	0.0	0.0	0.0	1.046351981919934	0.0	0.0	0.0	0.0	0.0	0.7791454855520474	0.0	0.0	0.0	0.0	0.0	0.0	0.0	0.0046729116912748	0.0	0.0078048632102663	0.0082051126056645	0.0	0.0	0.035902370767225	0.0	0.0	0.0	0.0195621892000905	0.0	0.0	0.0	0.0	0.0	0.0	0.0	0.0084152435382486	2.943073829303039	0.0	0.0935182712348063	0.0	0.0	0.0	0.0	0.0	0.0	0.0	0.0	0.0	0.0	0.0	0.0028317644724427	0.0	0.0	0.0	0.0	0.0	0.0	0.0	0.0	0.0	0.0	0.0	0.0	0.0	0.0	0.0	0.0	0.0	0.0	0.0	0.0	0.0	0.491926519414247	0.0	0.0	0.0	0.0	0.0	0.0	0.0	0.0	0.0	0.0	0.0	0.0	0.0	0.0	0.0	0.0	0.0	0.0	0.0	0.0	0.0	0.0	0.0	0.0	0.0	0.0	0.0	0.0	0.184194771762285	0.0	0.0	1.033053695757827	0.0	0.0	0.0	0.0	0.0	1.07638069280969	0.0	0.0	0.0	0.0	0.0	0.0	0.0	0.0	0.0	0.0	0.0	0.0	45.55063259917254	0.0	0.0	0.0	0.0	0.0	0.0	0.0	0.0	0.0	0.0	0.0	0.0	0.0	0.0	0.1297208290485801	0.0	0.0	0.0	0.0	0.0	0.0	0.0	0.0	0.0	0.0	0.0	0.0	0.0	0.6753007799159656	0.0	0.0	2.641796103151874	0.0111269331920719	0.0	0.0	0.0	0.0	0.0	0.0	0.0119274319828685	0.0	0.0	0.0	0.0163001566275946	0.0	0.0	0.0	0.0362726014579684	0.0	0.0	0.0	0.0	0.0	0.0	0.0	0.0	0.0	0.0	0.0	0.0	0.0	0.0	7.60683982189302	0.0	0.0	0.0	0.0	0.0	0.997721680379044	0.0	0.0	0.0006504052675221	0.0	0.0	0.0	0.0	0.0	0.0	0.0
SRR7057677	0.0	0.0	0.0	0.0	0.0	0.0	0.0034000013600005	0.0	0.1159100463640185	0.0	0.0	0.0	0.0	7.386212954485183	0.0	0.0	0.0	0.0	0.0	0.0	0.0	0.0	0.0	0.0	0.0	0.0	0.012790005116002	0.0139300055720022	0.0	0.0	0.0052300020920008	0.0	0.0	0.0	0.0	0.0	0.0	16.81339672535869	0.0	0.0	0.0	0.0	0.0038000015200006	0.0	0.243880097552039	0.0	0.0	0.1593000637200255	0.0	0.0	0.0	0.0	0.0	0.0	0.0	0.0	0.0	0.0	0.0	0.0	0.0	0.0	0.0	0.0	0.0	0.0	0.0	0.0	0.0	0.0	0.0	0.0	0.0	0.0	0.0	0.8348703339481336	0.0	0.0	0.0362700145080058	0.0	0.0	0.0	0.0	0.1131900452760181	0.0023100009240003	0.0	0.0	0.0	0.0	0.0	0.0	0.0186400074560029	8.098553239421296	0.0	0.0	0.0	0.0	0.0111000044400017	0.0	0.0	0.0	0.3172301268920508	0.0	0.0	0.0	0.0	0.0	0.0	0.2675701070280428	0.0	0.0	0.0	0.000590000236	0.6837502735001094	0.0579900231960091	0.0	0.0	0.0087000034800013	5.411162164464866	0.1513300605320242	0.0	0.0	0.0	0.0	0.0	0.0	0.0	0.1530000612000245	0.0	0.0208400083360033	0.0	0.0	0.0371200148480059	0.0	0.0	0.0	0.0	0.0	0.0	0.0	0.0	0.0	0.0	0.0	0.0	0.0	0.06274002509601	0.0	0.0037800015120006	9.000003600001442e-05	0.0538000215200086	0.0	0.0	0.0054700021880008	0.0	0.0	0.0	0.0	0.0	0.0	0.0	0.0	0.0	0.0	0.0208800083520033	0.9731503892601556	0.0089100035640014	0.0	0.0	0.0	0.0	0.0	0.0	0.0	0.0	0.0	0.0	0.0023400009360003	0.0	0.0	0.0	0.0	0.0	0.0	0.0	0.0	0.0	0.0	0.0	0.006610002644001	0.0	0.0	0.0	0.0	0.0	0.0	0.0	0.0	0.0	0.0	0.0	0.1533400613360245	0.0	0.0	0.0	0.0	0.0	0.0	0.0	0.0	0.0	0.0	0.0	0.0	0.149630059852024	0.0	0.0	0.0	0.0	0.0	0.100300040120016	0.0	0.0	0.0	0.0	0.0	0.0	0.0	0.0	0.0	4.312851725140691	0.0	0.0	1.727270690908277	0.0	0.0	0.0	0.0	0.0	1.068580427432171	0.0	0.0	0.0	0.0	0.0	0.0	0.0	0.0	0.0	0.0	0.0	0.0	5.161382064552827	0.0	0.0	0.0	0.0	0.0	0.0	0.0	0.0	0.0	0.0	0.006640002656001	0.0	0.0	0.0	0.0091600036640014	0.0	0.0	0.3017401206960483	0.0	0.0167600067040026	0.0	0.0	0.0	0.0	0.0	0.0	0.0	0.0	2.891811156724463	0.0	0.0	0.1028400411360164	0.1222200488880195	0.0	0.0	0.0	0.0	0.0	0.0	0.0034200013680005	0.006500002600001	0.0	0.0	0.0	0.0	0.0	0.0	0.0649200259680104	0.0	0.0	0.0	0.0	0.0	0.0	0.0	0.0	0.0	0.0	0.0	0.0	0.0	0.0	40.30069612027845	0.0	0.0	0.0	0.0	0.2159500863800346	1.164150465660186	0.0	0.0	0.0	0.0	0.0	0.0	0.0	0.0	0.0	0.0
SRR7057678	0.0	0.0	0.0253799999999999	0.0	0.0	0.0	0.0	0.0	0.0357299999999999	0.0	0.0	0.0794599999999999	0.0784099999999999	1.999	0.0	0.0	0.0	0.0	0.0	0.0	0.0	0.0114599999999999	0.0	0.0	0.0	0.0	0.0	0.0	1.60265	0.1724199999999999	0.0015799999999999	0.0	0.0	0.0	0.0	0.0	0.0003599999999999	7.703419999999999	0.0	0.0	0.0	0.0	0.0	0.51792	0.0729099999999999	0.0	0.0	0.72194	0.0	0.0	0.0	0.0	0.0	0.0	0.0	0.0	0.0	0.0	0.0	0.0	0.0	0.0	0.0	0.0	0.0	0.0	0.0	0.0	0.0	0.0	6.000000000000001e-05	0.0	0.0	0.0	0.0	2.509370000000001	0.0	0.0	0.0	0.0381599999999999	0.0	0.0	0.0	0.0	0.0035699999999999	0.0	0.0	0.0	0.0075399999999999	0.0	0.0	0.0	8.61615	0.0003399999999999	0.0082699999999999	0.0	0.0	0.0929399999999999	0.0	0.0	0.0	0.59355	0.0069099999999999	0.0109499999999999	0.0	0.0	0.0	0.0	0.2060099999999999	0.0	0.0	0.06636	0.0057499999999999	0.8365300000000001	0.0	0.0	0.0	0.1599799999999999	8.61045	0.0361099999999999	0.0	0.0	0.0	0.0	0.0	0.0	0.0	0.1237399999999999	0.0	0.0	0.0	0.0	0.1367899999999999	0.0	0.0	0.0	0.0	0.0	0.4118399999999999	0.0	0.0	0.0	0.0	0.0	0.0	0.0	0.13931	0.0	0.00633	0.0	0.0485499999999999	0.0	0.0051399999999999	0.0005399999999999	0.0	0.0	0.0	0.0041899999999999	0.0	0.0	0.0	0.0	0.0	0.0	0.1811099999999999	1.93372	0.0	0.8033	0.0	0.0	0.0	0.0	0.0	0.0	0.0	0.0	0.0	0.0	0.0	0.0122899999999999	0.0	0.0	0.0	0.0	0.0	0.0	0.0	0.0	0.0	0.0067799999999999	0.0	0.0	0.0	0.0	0.0	0.0	0.0	0.0	0.0	0.0	0.0	0.1180699999999999	0.0	0.0	0.0	0.0	0.0	0.0	0.0	0.0	0.0	0.0	0.0	0.0	0.0	0.0117499999999999	0.0	0.0	0.0	0.0	0.0	0.0	0.0	0.0	0.0	0.0	0.0	0.0	0.0	0.0	0.0	0.0	0.0	0.0583599999999999	0.0	0.0	0.0	0.0	0.0	0.41869	0.0	0.0	0.0	0.0	0.0	0.0	0.0	0.0	0.0	0.0	0.0	0.0	3.550870000000001	0.0	0.0	0.0029599999999999	0.0	0.0	0.0	0.0	0.0	0.0	0.0	0.0	0.0	0.0	0.0	0.0	0.0	0.0	0.0	0.0	0.0	0.0	0.0	0.0	0.0	0.0	0.0	0.0	0.0037999999999999	0.76916	0.0	0.0	2.522149999999999	0.0931399999999999	0.0	0.0	0.0	0.0	0.0	0.0	0.0	0.0	0.0	0.0	20.64737	0.0	0.0	0.0	0.0043099999999999	0.0	0.0	0.0	0.0	0.0	0.0	0.0	0.0	0.0	0.0	0.0	0.0	0.0	0.0	30.27382	0.0	1.79263	0.0	0.0	0.0006499999999999	1.087	0.0	0.0	0.0	0.0	0.0	0.0	0.0	0.0	0.0	0.0
SRR7057679	0.0	0.8003199999999998	0.0	0.0	0.0	0.0	0.0059199999999999	0.0	0.0852299999999999	0.0677299999999999	0.0	0.0	0.0	0.7844499999999999	0.19713	0.0	0.0	0.0	0.0	0.0	0.0	0.0060599999999999	0.0	0.0	0.0	0.0	0.0	0.0	0.0930599999999999	0.0674999999999999	0.0	0.0	0.0	0.0	0.0	0.0	0.0	0.3279299999999999	0.0	0.0	0.0	0.0	0.0	5.031759999999999	0.01159	0.0	0.0	0.0462499999999999	0.0	0.0	0.0	0.0	0.0	0.0	0.0061299999999999	0.0	0.0	0.0	0.0	0.0	0.0	0.0	0.0	0.0	0.0	0.0	0.0	0.2408299999999999	0.0	0.0	0.0	0.0	0.0	0.0	0.0	0.58246	0.0	0.0	0.2468799999999999	0.0	0.0	0.0	0.0002899999999999	0.0	0.2087899999999999	0.0	0.0	0.0	0.0	0.0	0.0	0.0	7.57117	0.0	0.0	0.0	0.0	0.20821	0.0	0.0	0.0	0.0439899999999999	0.0068199999999999	0.0	0.0	0.0	0.0	0.0	0.0	0.0	0.0	0.0	0.0189199999999999	0.0896799999999999	0.00118	0.0	0.0	0.0	3.81439	0.0	0.0	0.0	0.0	0.0	0.0	0.0	0.0	0.0039399999999999	0.0	0.0	0.0	0.0	0.0416999999999999	0.0	0.0	0.0	0.0	0.0	0.4374399999999999	0.0	0.0	0.0098899999999999	0.0	0.0642799999999999	0.0	0.0	0.0	0.0	0.0432099999999999	0.0	0.0093699999999999	0.0	0.0	0.0	0.0	0.0	0.0	0.0	0.0	0.0	0.0	0.0	0.0	0.0	0.0	0.3765699999999999	0.0	0.13916	0.0	0.0	0.0	0.0	0.0	0.0	0.0	0.0	0.0	0.0077599999999999	0.0	0.0	0.0	0.0	0.0	0.0	0.0	0.0	0.0	0.00142	0.0	0.0	0.0	0.0	0.0	0.0	0.0	0.0	0.0	0.0	0.0	0.0	0.0	0.0679499999999999	0.0	13.33002	0.0	0.0	0.0	0.0	0.0	0.0	0.0	0.0	0.0	0.0	0.0	0.0	0.0	0.0	0.0	0.0	0.0	0.0	0.0	0.0	0.0	0.0	0.0236799999999999	0.0	0.0	0.0	0.10107	0.0	0.0	0.0480599999999999	0.0	0.0	0.0	0.0252199999999999	0.0	1.13384	0.0	0.0	0.0	0.0	0.0	0.0	0.0	0.0	0.0	0.0	0.0	0.0030099999999999	0.6480499999999999	0.0	0.0	0.0	0.0	0.0	0.0	7.999999999999999e-05	0.0	0.0	0.0	0.0	0.0	0.0	0.0	0.0	0.0	0.0	0.0	0.0	0.0	0.0	0.0	0.0	0.0	0.0	0.0	0.0	0.0172	0.0567399999999999	0.0	0.0	0.4620199999999999	0.0	0.0	0.0	0.0	0.0	0.0	0.0	57.21916	0.0	0.0	0.0	0.01817	0.0	0.0	0.0	0.2719699999999999	0.0	0.0	0.0	0.0	0.0	0.0	0.0	0.0	0.0	0.0	0.0	0.0	0.0	0.0	4.599879999999999	0.0	0.0	0.0	0.0	0.23355	0.0409199999999999	0.0	0.0	0.0	0.0	0.0	0.0	0.0	0.0	0.0	0.0
SRR8490384	0.0	0.0	0.0	0.0	0.0	0.0	0.0	0.0	0.0135154657474548	0.0	0.0	1.104904342038595	0.0	6.120123257043034	0.0307451817114322	0.0	0.0	0.0	0.0	0.0	0.0	0.0068278130664919	0.0	0.0	0.0	0.0	0.0	0.0	0.1157424440787593	1.464916303726354	0.0044951437930423	0.0	0.0049056134935206	0.0	0.0	0.0	0.0	14.40749649824294	0.0	0.0	0.0427489175863941	0.0	0.0	0.0810527486602919	0.2256882550702769	0.0	0.2033627079467034	0.3607828438081697	0.0	0.0	0.0	0.0	0.0	0.0	0.4970587843669511	0.0	0.0	0.0	0.0	0.0	0.0	0.0	0.0	0.0	0.0	0.0	0.0	0.0	0.0	0.0	0.0	0.0	0.0	0.0	0.0	1.338832025486764	0.0	0.1951332910249198	0.0202131298845268	0.0	0.0	0.0	0.0	0.0	1.017504330205054	0.0	0.0	0.0	0.0	0.0	0.0	0.0702603989745465	0.0	0.0	0.0069779849081303	0.0	0.0	0.1755208485069465	0.0	0.0	0.0	0.073474076385608	0.0	0.0387042893182668	0.0180606668210433	0.0	0.0	0.0	0.1975760863155709	0.0	0.0	0.0	0.3233199750474468	0.0744551990843121	0.0	0.0	0.0	0.0	2.632862784884743	0.2017909093375549	0.0	0.0	0.0	0.0004304926126967	0.0	0.0	0.0	0.0815633329218624	0.0	0.0	0.0	0.0	0.0956294287553247	0.0	0.0	0.0	0.0	0.0	0.0022225432562481	0.0	0.0	0.0	0.0049756936862852	0.0062471486121568	0.0	0.0	0.0120738160677262	0.0	0.0003504009638229	0.0	0.0114931516133912	0.0	0.0	0.2927049422654343	0.0	0.0	0.0	0.0	0.0	0.0	0.0	0.0	0.0	0.0	0.0009210539620487	0.0465833052762275	0.0	0.288480107787341	0.0	0.0	0.0	0.0	0.0	0.0	0.0	0.0	0.0	0.0101816508630826	0.0	0.0	0.0	0.0	0.0	0.0	0.0	0.0	0.0	0.0	0.0	0.0107523038613084	0.0	0.0	0.0	0.0	0.0	0.0	0.0	0.0	0.0	0.0	0.0	0.8872652976801353	0.0	0.0	0.0	0.0	0.0	0.0	0.0399356984197016	0.0	0.0	0.0	0.0	0.0	0.0	0.0	0.0	0.0	0.0	0.0	0.0	0.0283123978768905	0.0	0.0	0.0	0.0	0.3710946436006722	0.0	0.0	0.0	3.325875799677571	0.0	0.0	5.042980682795323	0.0	0.0	0.0	0.0	0.0	0.0142162676751006	0.0	0.0	0.0	0.0	0.0	0.0	0.0	0.0	0.0	0.0	0.0	0.9873898702285024	11.85683777947105	0.0	0.0	0.0	0.0	0.0	0.0	0.9577359372329758	0.0	0.0	0.0	0.0001001145610922	0.0	0.0	0.0	0.0	0.0	0.0	0.0532309121327535	0.0	0.0	0.0	0.0	0.0	0.0	0.0	0.0	0.0	0.0	0.4757143599420816	0.0	0.0	0.7164298106323065	0.1856324191772645	0.0	0.0	0.0272812178976402	0.0	0.0	0.0	0.3509816282772376	0.0	0.0077488670285407	0.0	1.122003909073152	0.0	0.0	0.0	0.0167591775268439	0.0	0.2122929267961328	0.0	0.0	0.0	0.0	0.0	0.0	0.0	0.0	0.0	0.0	0.0	0.0	41.14705457454966	0.0	0.0	0.0	0.0	0.0	0.0749057146092273	0.1516034798620061	0.0	0.0008609852253934	0.0	0.0	0.0	0.0	0.0120938389799447	0.0	0.0
SRR8490385	0.0	0.0	0.0	0.0	0.0	0.0	0.0	0.0	0.0783637285370009	0.0	0.0	0.5413439189386545	0.0	3.35885706191835	0.0	0.0	0.0	0.0	0.0	0.0	0.0	0.0022006663617743	0.0	0.0	0.0	0.0	0.0	0.0130439497079715	0.0227568907865301	0.0636992881444501	0.0	0.0	0.0	0.0	0.0	0.0	0.0	3.94168354177645	0.0	0.0	0.6901889892259376	0.0	0.0	0.0022806905931115	0.10784265475586	0.0	0.0	0.3774442901310517	0.0	0.0	0.0	0.0	0.0	0.0	0.071511653728749	0.0	0.0	0.0	0.0	0.0	0.0	0.0	0.0	0.0	0.0	0.0	0.0	0.0	0.0	0.0	0.0	0.0	0.0	0.0	0.0	0.6706630767796489	0.0	0.0015204603954077	0.0038311600752707	0.0	0.0	0.0	0.0	0.0186756549883304	1.167743592759887	0.0	0.0	0.0	0.0	0.0	0.0	1.343986959251261	0.0	0.0	0.0	0.0	0.0	0.0163549522795502	0.0	0.0	0.0	0.1404825381125404	0.0	0.0	0.0	0.0	0.0	0.1389420716592984	0.0019505906388454	0.0	0.0	0.0	0.2943491289162359	0.0066720202877431	0.0	0.0	0.0	0.0171952067085913	8.216577979812287	0.0167650764651536	0.0	0.0	0.0	0.0	0.0	0.0	0.0	0.0	0.0	0.0	0.0	0.0	0.014804482797391	0.0	0.0	0.0	0.0	0.0	0.0	0.0	0.0026608056919635	0.0	0.0	0.0573773738688074	0.0	0.0	0.000770233226621	0.0	0.0	0.0	0.0	0.0	0.0561470013119972	0.0214564970272998	0.0	0.0	0.0	0.0	0.0	0.0	0.0	0.0	0.0	0.0	0.0	0.5437646519366064	0.0	0.1040114946805892	0.0	0.0	0.0	0.025057587437476	0.0	0.0	0.0	0.0	0.0	0.1232673253461147	0.0	0.0	0.0	0.0	0.0	0.0	0.0	0.0	0.0	0.0	0.0	0.0	0.0	0.0	0.0	0.0	0.0	0.0	0.0	0.0	0.0	0.0	0.0	0.0291188171778414	0.0	0.0	0.0	0.0	0.0	0.0	0.0	0.0	0.0	0.0	0.0	0.0	0.038191564405702	0.0	0.0	0.0	0.0	0.0	0.0	0.0	0.0	0.0	0.0	0.0	0.0957389897661011	0.0	0.0	0.0	3.262577908590722	0.0	0.0	1.03168239342873	0.0	0.0	0.0	0.0	0.0	0.0721818566661985	0.0	0.0	0.0	0.0	0.0	0.0	0.0	0.0	0.0	0.0	0.0	0.4384727695546212	2.713281581662928	0.0	0.0	0.0	0.0	0.0	0.0	0.0	0.0	0.0	0.0	0.0	0.0	0.0	0.0	0.0046113963308089	0.0	0.0	0.0	0.0	0.0	0.0	0.0	0.0	0.0	0.0	0.0	0.0	0.0018105482340052	22.14625588628237	0.0	0.0	0.3665409886113515	0.0256777752303397	0.0	0.0	0.0	0.0	0.0	0.0	0.0	0.0	0.0	0.0	0.0686207783716909	0.0	0.0	0.0	0.0005001514458578	0.0	0.8925402611910888	0.0	0.0	0.0	0.0	0.0	0.0	0.0	0.0	0.0	0.0	0.0	0.0	46.50729240814118	0.0	0.0	0.0	0.0	0.018075473253301	0.0105832045943511	0.0	0.0	0.0	0.0	0.0	0.0	0.0	0.0	0.0	0.0
SRR8490386	0.0	0.596380059638006	0.0	0.0	0.0	0.0	0.0	0.0	0.0	0.0	0.0	0.0	0.0	27.04725270472527	0.0	0.0	0.0	0.0	0.0	0.0	0.0	0.0	0.0	0.0	0.0	0.0	0.0	0.0	0.0204300020430002	0.0	0.0786100078610008	0.0	0.0	0.0	0.0	0.0	0.0	47.31192473119247	0.0	0.0	0.0	0.0	0.0	0.2178500217850021	0.8805800880580089	0.0	0.0	0.0992800099280009	0.0	0.0	0.0	0.0	0.0	0.0	0.0	0.0	0.0	0.0	0.0	0.0	0.0	0.0	0.0	0.0	0.0	0.0	0.0	0.0	0.0	0.0	0.0	0.0	0.0	0.0	0.0	0.1263600126360012	0.0	0.0	0.0	0.0	0.0	0.0	0.0607500060750006	0.0	0.0	0.0	0.0	0.0	0.0	0.0	0.0	0.0	0.0	0.0	0.0	0.0	0.0	0.0	0.0	0.0	0.0	0.1933100193310019	0.2580100258010026	0.1772400177240018	0.0	0.0	0.1112900111290011	0.0	0.3853200385320038	0.0	0.0	0.0	3.093210309321031	0.0	0.0	0.000550000055	0.0	0.0	0.4385200438520044	0.0075600007559999	0.0	0.0	0.0	0.0	0.0	0.0	0.0	0.4445400444540044	0.0	0.0	0.0	0.0	0.0652800065280006	0.0187800018780001	0.0	0.0	0.0	0.0	0.0	0.0	0.000360000036	0.0	0.0	0.0732900073290007	0.0	0.0	0.0	0.0	0.0408600040860004	0.0	0.0	0.0	0.0	0.0	0.0	0.0	0.0	0.0	0.0	0.0413200041320004	0.0	0.0	0.0	0.0	0.1950600195060019	0.0	0.0	0.0	0.0	0.0	0.0	0.0359400035940003	0.0	0.0	0.0	0.0	0.0	0.0	0.0	0.0	0.0	0.0	0.0	0.0	0.0	0.0	0.0	0.0	0.0	0.0	0.0	0.0	0.0	0.0	0.0	0.0	0.0	0.0	0.0	0.0	0.0	2.440650244065024	0.0	0.0	0.0	0.0	0.0	0.0	0.0	0.0	0.0	0.0	0.0	0.0	0.0	0.0	0.0	0.0	0.0	0.0	0.0	0.0	0.0	0.0	0.0	0.0	0.0	0.0	0.0	0.0	0.002860000286	0.0	0.0	1.438090143809015	0.0	0.0	0.0	0.0	0.0	1.469150146915015	0.0	0.0	0.0	0.0	0.0	0.0	0.0	0.0	0.0	0.0	0.0	0.0	0.002440000244	0.0	0.0	0.0	0.0	0.0	0.0	0.0	0.0	0.0	0.0	0.0	0.0	0.0	0.0	0.0	0.0	0.0	0.0	0.0	0.0	0.0	0.0	0.0	0.0	0.0	0.0	0.0	0.0	1.728300172830017	0.0	0.0	0.0	1.831980183198019	0.0	0.0	0.0	0.0	0.0	0.0	0.0	0.0191600019160001	0.0	0.0	0.0	0.0	0.0	0.0	0.0771300077130007	0.0	0.0	0.0	0.0	0.0	0.0	0.0	0.0	0.0	0.0	0.0	0.0	0.0	0.301160030116003	5.177240517724051	0.0	0.0	0.0	0.0	3.491980349198035	0.0	0.0	0.0	0.0	0.0	0.0	0.0	0.0	0.0	0.0	0.0
SRR8490387	0.0	0.0	0.0	0.0	0.0	0.0	0.0	0.0	0.0	0.0	0.0	0.0	0.0	10.51027894897211	0.0	0.0	0.0	0.0	0.0	0.0	0.0	0.0	0.0	0.0	0.0	0.0	0.0	0.0	0.1745699825430017	0.1213399878660012	0.0	0.0	0.0	0.0	0.0	0.0	0.0	37.68763623123638	0.0	0.0	0.0	0.0	0.0	0.0	0.102539989746001	0.0	0.0	0.0969399903060009	0.0	0.0	0.0	0.0	0.0	0.0	0.3817599618240038	0.0	0.0	0.0	0.0	0.0	0.0	0.0	0.0	0.0	0.0	0.0	0.0	0.0	0.0	0.0	0.0	0.0	0.0	0.0	0.0	0.1695299830470017	0.0	0.0	0.0844099915590008	0.0	0.0	0.0	0.004189999581	0.0	0.0	0.0	0.0	0.0	0.0	0.0	0.0	0.0	0.4863299513670049	0.0	0.0	0.0	0.0	0.003049999695	0.0	0.0	0.0	2.235109776489023	0.0	0.0	0.0	0.0	0.0	0.0	0.4039099596090041	0.0	0.0	0.0	0.1439799856020014	0.0160599983940001	0.0	0.0	0.0	0.0904499909550009	1.616399838360016	0.004679999532	0.0	0.0	0.0	0.0	0.0	0.0	0.0	0.0936799906320009	0.0	0.0	0.0	0.0	0.000359999964	0.0	0.0	0.0	0.0	0.0	0.9306799069320094	0.0	0.0	0.0	0.0	0.0125199987480001	0.0	0.0	0.0	0.0	0.0195999980400001	0.0	0.0	0.0	0.0	0.0268799973120002	0.0	0.0	0.0	0.0	0.0	0.0	0.0	0.0	0.0	0.0	0.3808799619120038	0.4655199534480047	0.0	0.5369499463050055	0.0	0.0	0.0	0.0	0.0	0.0	0.0	0.0	0.0	0.0624899937510006	0.0	0.0	0.0	0.0	0.0	0.0	0.0	0.0	0.0	0.0	0.0	0.0	0.0	0.0	0.0	0.0	0.0	0.0	0.0	0.0	0.0	0.0	0.0	0.3204699679530032	0.0	0.0	0.0	0.0	0.0	0.0	0.0	0.0	0.0	0.0	0.0	0.0	0.0	0.0	0.0	0.0	0.0	0.0	0.0	0.0	0.0	0.0	0.0	0.0	0.0	0.0	0.0	0.0	0.1301799869820013	0.0	0.0	1.887949811205019	0.0	0.0	0.0	0.0	0.0	0.0	0.0	0.0	0.0	0.0	0.0	0.0	0.0	0.0	0.0	0.0	0.0	0.0	24.06014759398524	0.0	0.0	0.0	0.0	0.0	0.0	0.0	0.0	0.0	0.0	0.0	0.0	0.0	0.0	0.0	0.0	0.0	0.2731299726870027	0.0	0.0	0.0	0.0	0.0	0.0	0.0	0.0	0.0	0.0	3.192079680792032	0.0	0.0	0.0	0.0142399985760001	0.0	0.0	0.0	0.0	0.0	0.0	0.0	0.0	0.0	0.0	0.0	0.0	0.0	0.0	0.0	0.0	5.470479452952056	0.0	0.0	0.0	0.0	0.0	0.0	0.0	0.0	0.0	0.0	0.0	0.0	7.733259226674079	0.0	0.0	0.0	0.0	0.0553399944660004	0.0	0.0	0.0	0.0	0.0	0.0	0.0	0.0	0.0	0.0	0.0
SRR8490388	0.0	0.0	0.0	0.0	0.0	0.0	0.0	0.0	0.2100600840240336	0.0	0.0	0.9471403788561514	0.0	9.196683678673471	0.0	0.0	0.0	0.0	0.0	0.0	0.0	0.0	0.0	0.0	0.0	0.0	0.0	0.0	0.0296200118480047	0.0	0.0	0.0	0.0	0.0	0.0	0.0	0.0	11.97072478828991	0.0	0.0	0.0	0.0	0.0	2.864281145712458	0.0	0.0	0.0	0.2511201004480402	0.0	0.0	0.0	0.0	0.0	0.0	0.0	0.0	0.0	0.0	0.0	0.0	0.0	0.0	0.0	0.0	0.0	0.0	0.0	0.0	0.0	0.0	0.0	0.0	0.0	0.0	0.0	1.242260496904199	0.0	0.0	0.2927801171120468	0.0	0.0	0.0	0.0	0.0	0.0	0.0	0.0	0.0	0.0	0.0	0.0	0.0	0.0764000305600122	0.0	0.0	0.0	0.0	0.1275200510080203	0.0	0.0	0.0	0.6965602786241114	0.0227500091000036	0.0	0.0	0.0	0.0	0.0174100069640027	0.0340800136320054	0.0	0.0	0.0	0.0	0.0	0.0	0.0	0.0	0.0	4.360911744364698	0.0094700037880015	0.0	0.0	0.0	0.0	0.0	0.0	0.0	1.358900543560217	0.0	0.0	0.0	0.0	0.0951400380560152	0.0	0.0	0.0	0.0	0.0	0.0	0.0	0.0052300020920008	0.0	0.0	0.0	0.0	0.0	0.0007800003120001	0.0	0.0104000041600016	0.0	0.0590000236000094	0.0	0.0	0.1005700402280161	0.0	0.0	0.0093600037440014	0.0	0.0	0.000420000168	0.0	0.0	0.0	0.0	0.0	0.4224101689640675	0.0	0.0743200297280118	0.0030200012080004	0.0	0.0	0.0	0.0	0.0	0.0	0.0	0.0	0.3022001208800484	0.0	0.0	0.0	0.0	0.0	0.0	0.0	0.0	0.0032200012880005	0.0	0.0	0.0	0.0	0.0	0.0	0.0	0.0	0.0	0.0	0.0	0.0	0.0	0.0	0.599750239900096	0.0	0.0	0.0	0.0	0.0	6.882582753033101	0.0	0.0	0.0	0.0	0.0	0.0	0.0	0.0	0.0	0.0	0.0	0.0	0.0	0.0	0.0	0.0	0.0	0.0	0.075530030212012	0.0	0.0	0.0	0.1484700593880237	0.0	0.0	0.9021003608401446	0.0	0.0	0.0	0.0	0.0	0.0	0.0	0.0	0.0	0.0	0.0	0.0	0.0	0.0	0.0	0.0	0.0	2.450860980344392	36.09876443950578	0.0	0.0	0.0	0.0	0.0	0.0	0.0	0.0	0.0	0.0	0.0	0.0	0.0	0.0	0.0	0.0	0.0	0.0	0.0	0.0	0.0	0.0	0.0	0.0	0.0	0.0	0.0	0.0	2.577701031080413	0.0	0.0	6.859482743793096	1.402840561136224	0.0	0.0	0.0	0.0	0.0	0.0	0.0	0.0181500072600029	0.0	0.0	0.0764100305640122	0.0	0.0	0.0	0.0423800169520067	0.0	0.0	0.0	0.0	0.000390000156	0.0	0.0	0.0	0.0	0.0	0.0	0.0	0.0	0.0	5.315842126336849	0.0	0.0	0.0	0.0	1.742740697096279	0.0112600045040018	0.0	0.0	0.0	0.0	0.0	0.0	0.0	0.0	0.0	0.0
SRR8490389	0.0	0.0	0.0	0.0	0.0	0.0	0.0	0.0	0.0135800027160005	0.0	0.0	0.6355201271040254	0.0	25.24763504952701	0.0	0.0	0.0	0.0	0.0	0.0	0.0	0.0	0.0	0.0419100083820016	0.0	0.0	0.0	0.0	0.3972500794500159	0.0420700084140016	0.0	0.0	0.0168100033620006	0.0	0.0	0.0	0.0	27.11005542201109	0.0	0.0	0.0	0.0	0.0	0.3667000733400147	0.5047101009420203	0.0	0.0	0.2675200535040107	0.0	0.0	0.0	0.0	0.0	0.0	0.0	0.0	0.0	0.0	0.0	0.0	0.0	0.0	0.0	0.0	0.0	0.0	0.0	0.0	0.0	0.0	0.0	0.0	0.0	0.0	0.0	0.7929401585880317	0.0	0.0	0.0218500043700008	0.0	0.0	0.0	0.0	0.2095600419120084	0.176740035348007	0.0	0.0	0.0	0.0	0.0	0.0	0.0	0.0536500107300021	0.0	0.0	0.001880000376	0.0	0.0187500037500007	0.0	0.0	0.0	0.3813700762740152	0.150630030126006	0.0	0.0	0.0	0.0	0.2050600410120082	0.0222200044440008	0.0	0.0	0.0	0.1233900246780049	0.5134001026800206	0.0	0.0	0.0	0.2886400577280115	1.268310253662051	0.175790035158007	0.0	0.0	0.0	0.0	0.0	0.0	0.0	0.3284900656980131	0.0	0.0	0.0	0.0	0.025980005196001	0.0	0.0	0.0	0.0	0.0	11.64621232924247	0.0	0.0	0.0	0.0303500060700012	0.0	0.0	0.0	0.1641900328380065	0.0	0.0	0.0060500012100002	0.0	0.0	0.0	0.3432300686460137	0.0	0.0	0.0	0.0	0.0	0.0	0.0	0.0	0.0	0.0	0.0	0.0371700074340014	0.0	0.0776900155380031	0.0	0.0	0.0	0.0	0.0	0.0	0.0	0.0	0.0	0.0989000197800039	0.0	0.0	0.0	0.0	0.0	0.0	0.0	0.0	0.0	0.0	0.0	0.0	0.0	0.0	0.0	0.0	0.0	0.0	0.0	0.0109700021940004	0.0	0.0	0.0	0.1549600309920062	0.0	0.0	0.0	0.0	0.0	0.0	0.0	0.0	0.0	0.0	0.0	0.0	0.0	0.0	0.0	0.0	0.0	0.0	0.0	0.0	0.0	0.0	0.0	0.0	0.6272201254440252	0.0	0.0	0.0	1.794350358870072	0.0	0.0	5.152871030574207	0.0	0.0	0.0	0.0	0.0	0.1041900208380041	0.0	0.0	0.0	0.0	0.0	0.0	0.0	0.0	0.0	0.0	0.0	0.0	10.49212209842442	0.0	0.0	0.0	0.0	0.0	0.0	0.0	0.0	0.0	0.0	0.0	0.0	0.0	0.0	0.0	0.0	0.0	0.0	0.0	0.0	0.0	0.0	0.0	0.0	0.0	0.0	0.0	0.0	0.4121200824240165	0.0	0.0	0.5683701136740228	0.1300100260020052	0.0	0.0	0.0	0.0	0.0	0.0	0.0	0.0	0.0	0.0	0.0	0.0	0.0	0.0	0.0066300013260002	0.0	0.0	0.0	0.0	0.0	0.0	0.0	0.0	0.0	0.0	0.0	0.000410000082	0.0	0.0	8.30133166026633	0.0	0.0	0.0	0.0	0.4339200867840173	0.0	0.0	0.0	0.0043200008640001	0.0	0.0	0.0	0.0	0.0	0.0	0.0
SRR8490390	0.0	0.0	0.0	0.0	0.0	0.0	0.0	0.0	0.0	0.0	0.0	0.0	0.0	0.9640729568615948	0.0	0.0	0.0	0.0	0.0	0.0	0.0	0.003862014813128	0.0	0.0	0.0	0.0	0.0	0.0	0.0	0.0621924457989733	0.0014307464204075	0.0	0.0	0.0	0.0	0.0	0.0	2.577444652875405	0.0	0.0	0.9900765229220084	0.0	0.0	0.032436922342386	0.1631851336842431	0.0	0.0	0.0293653198873852	0.0	0.0	0.0	0.0	0.0	0.0861949679147611	0.0950796030289001	0.0	0.0	0.0	0.0	0.0	0.0	0.0	0.0	0.0	0.0	0.0	0.0	0.0	0.0	0.0	0.0	0.0	0.0	0.0	0.0	0.3058295512769011	0.0	0.0209209144410639	0.0053828082110437	0.0	0.0	0.0	0.0	0.0	0.0394205657091304	0.0	0.0	0.0	0.0	0.0	0.0	0.0	0.0	0.0	0.0	0.0003501826903095	0.0	0.0029015137197075	0.0	0.0850543728663243	0.0	0.0861349365964223	0.0	0.0	0.0	0.0	0.0	0.0	0.0	0.0	0.0	0.0	0.0	0.0	0.0	0.0	0.0	0.0	3.454642286881065	0.0	0.0	0.0	0.0	0.0	0.0	0.0	0.0	0.0	0.0	0.0	0.0	0.0	0.0	0.0	0.0	0.0	0.0	0.0	0.2176135289780679	0.0	0.0	0.0	0.0142074120068439	0.0	0.0	0.0650639438595114	0.0	0.0	0.0	0.0	0.0058030274394151	0.0	0.0	0.0067735337525587	0.0	0.0	0.0	0.0	0.0	0.0	0.0	0.0	0.0	0.0	0.0	0.0	0.0	0.0440829981001088	0.0	0.0	0.0	0.0	0.0	0.0	0.0	0.0	0.0	0.006643465896158	0.0	0.0	0.0	0.0	0.0	0.0	0.0	0.0	0.0	0.0	0.0	0.0	0.0	0.0	0.0	0.0	0.0	0.0	0.0	0.0	0.0	0.0	0.0	0.018689750442806	0.0	0.0	0.0	0.0	0.0	0.0	0.0972007096102036	0.0	0.0	0.0	0.0	0.0	0.0	0.0	0.0	0.0	0.0	0.0	0.0	0.0	0.0	0.0	0.0	0.0	0.2473390367754858	0.0	0.0	0.0	0.7411566614302683	0.0	0.0	0.5439237650282153	0.0	0.0	0.0	0.0	0.0	0.0023812422941048	0.0	0.0	0.0	0.0	0.0	0.0	0.0	0.0	0.0	0.0	0.0	0.0	0.4770088555199247	0.0	0.0	0.0	0.0	0.0	0.0	0.0	0.0	0.0	0.0	0.0	0.0	0.0	0.0	0.0	0.0	0.0	0.0	0.0	0.0	0.0	0.0	0.0	0.0	0.0	0.0	0.0	0.0	0.0614820751986311	0.0	0.0	1.103375631066727	0.0020310596037952	0.0	0.0	0.0	0.0181594737974801	0.0	0.0	70.91373569591256	0.0	0.0	0.0	4.049712735133919	0.0	0.0	0.0	0.0002201148339088	0.0	0.1348603566480633	0.0	0.0	0.0	0.0	0.0	0.0	0.0	0.0	0.0	0.0	0.0	0.0	12.19078993510914	0.0	0.0	0.0	0.0	0.0277644847316845	0.0040020878892518	0.0	0.0	0.0	0.0	0.0	0.0	0.0	0.0	0.0	0.0
SRR8490391	0.0	0.0	0.0	0.0	0.0	0.0001601210675391	0.0	0.0	0.0080660987772855	0.0	0.0	1.231591206110941	0.0	26.62796340312911	0.0	0.0	0.0	0.0	0.0	0.0	0.0	0.0698328005805189	0.0	0.0022517025122695	0.0	0.0	0.0	0.0	1.159546733285037	0.0	0.0960526253900574	0.0	0.0111184066272508	0.0	0.0	0.0	0.0	21.87558012613337	0.0	0.0	2.225782914461625	0.0	0.0	2.337187147202	0.0364875882654875	0.0	0.0	0.4481588529086843	0.0	0.0	0.0	0.0	0.0	0.0	0.3216031641524156	0.0	0.0	0.0	0.0	0.0	0.0	0.0	0.0	0.0	0.0	0.0	0.0	0.0	0.0	0.0	0.0	0.0	0.0	0.0	0.0	0.2187453933919437	0.0	0.0	0.1288574291021441	0.0	0.0	0.0	0.0	0.0	0.0	0.0	0.0	0.0	0.0	0.0	0.0	0.0	0.7434721392845131	0.0	0.0	0.0020315360444031	0.0	0.7123385992148664	0.0	0.0	0.0	2.326038717874585	0.0	0.0789296787300878	0.0	0.1193302255835637	0.0	0.0	0.5599233580510223	0.0	0.0	0.0	0.0306331617335867	0.2624484372634149	0.0305631087665383	0.0	0.0	0.5272286375728689	3.627642860767027	0.2267614543356232	0.0	0.0	0.0	0.0	0.0	0.0	0.0	0.4566352619215388	0.0	0.0	0.0	0.0	1.188348510308644	0.0	0.0	0.0	0.0	0.0011909004398225	0.1681671511830094	0.0	0.0	0.0019414679439123	0.0601454759943993	0.0	0.0	0.0	0.0177934536302898	0.0	0.0033225121514377	0.0974736998644675	0.0	0.0	0.0001100832339331	0.4225394821024176	0.0	0.0	0.0076958188086011	0.0	0.0	0.0	0.0	0.0	0.0	0.0	0.0022316873788271	0.0	0.0054040860294468	0.011328565528396	0.0	0.0	0.0	0.0	0.0	0.0	0.0	0.0	0.0	0.3405775106558069	0.0	0.0	0.0	0.0	0.0	0.0	0.0	0.0	0.0	0.0	0.0	0.0	0.0	0.0	0.0	0.0	0.0	0.0	0.0	0.0	0.0	0.0	0.0	0.3331218734485144	0.0	0.0	0.0	0.0	0.0	2.574356470927669	0.0	0.0	0.0	0.0	0.0	0.0	0.0	0.0	0.0	0.0	0.0	0.0	0.0	0.0	0.0	0.0	0.0	0.0	0.632318095712168	0.0	0.0	0.0	0.7549808410138907	0.0	0.0	1.469701241108402	0.0	0.0	0.0	0.0	0.0	0.0	0.0	0.0	0.0	0.0	0.0	0.0	0.0	0.0	0.0	0.0	0.0	0.0	10.2909209653419	0.0	0.0	0.0	0.0	0.0	0.0	0.0	0.0	0.0	0.0	0.0	0.0	0.0	0.0	0.195958163967776	0.0	0.0	0.0	0.0	0.0	0.0	0.0	0.0	0.0	0.0	0.0	0.0	0.0	0.1655351611353345	0.0	0.0	2.085626942531249	0.4477585502398364	0.0	0.0	0.0	0.0	0.0	0.0	0.0	0.0	0.0334953258158493	0.0	0.0485867364314157	0.0	0.0	0.0	0.0439632406062223	0.0	0.0	0.0	0.0	0.0	0.0	0.0	0.0	0.0	0.0	0.0	0.0	0.0862051797363986	0.0	11.97817669940242	0.0	0.0	0.0	0.0	0.022507017555974	0.0	0.0003402572685207	0.0	0.0052139422617441	0.0	0.0	0.0	0.0	0.0	0.0	0.0
SRR8490392	0.0	0.0188300018830001	0.0	0.0	0.0	0.0	0.001670000167	0.0	0.0322800032280003	0.0	0.0	2.06308020630802	0.0	13.17714131771413	0.0	0.0	0.0	0.0	0.0	0.0	0.0	0.0	0.0	0.0	0.0	0.0	0.0	0.0	0.004360000436	0.0	0.0	0.0	0.0118000011800001	0.0	0.0	0.0	0.0	19.47157194715719	0.0	0.0	1.132080113208011	0.0	0.0	0.2264900226490022	0.0741000074100007	0.0	0.0	0.4283300428330043	0.0	0.0	0.0	0.0	0.0	0.0	0.207190020719002	0.0	0.0	0.0	0.0	0.0	0.0	0.0	0.0	0.0	0.0	0.0	0.0	0.0	0.0	0.0	0.0459600045960004	0.0	0.0	0.0	0.0	0.2176500217650021	0.0	0.0	0.0	0.0	0.0	0.0	0.0	0.0847700084770008	0.9591200959120096	0.0	0.0	0.0	0.0	0.0	0.0	0.0	0.0	0.0	0.00920000092	0.000610000061	0.0	0.0535200053520005	0.0	0.0	0.0	0.589000058900006	0.0380200038020003	0.001730000173	0.0	0.0	0.0	0.0	0.0132700013270001	0.0	0.0	0.0	0.0	0.0255200025520002	0.0157400015740001	0.0	0.0	0.0	12.68107126810713	0.2677200267720026	0.0	0.0	0.0	0.0	0.0	0.0	0.0	0.1583200158320015	0.0	0.0	0.0	0.0	0.6836000683600069	0.0	0.0	0.0	0.0	0.0	1.097770109777011	0.0	0.003430000343	0.0	0.101620010162001	0.0	0.0	0.0	0.104980010498001	0.0	0.000940000094	0.0	0.008240000824	0.0	0.0	0.793690079369008	0.0	0.0	0.0	0.0	0.0	0.0	0.0	0.0	0.0	0.0	0.0290000029000002	0.2267100226710022	0.0	0.0832700083270008	0.0	0.0	0.0	0.0970700097070009	0.0	0.0	0.0	0.0	0.0	0.2250800225080022	0.0	0.0	0.0	0.0	0.0	0.0	0.0	0.0	0.0	0.0	0.0	0.0	0.0	0.0	0.0	0.0	0.0	0.0	0.0	0.0	0.0	0.0	0.0	0.4428100442810045	0.0	0.0	0.0	0.0	0.0	0.0	0.0	0.0	0.0	0.0	0.0	0.0	0.002980000298	0.0	0.0	0.0	0.0	0.0	0.0	0.0	0.0	0.0	0.0	0.0	0.203030020303002	0.006060000606	0.0	0.0	4.820800482080049	0.0	0.0	0.6420600642060065	0.0	0.0	0.0	0.0	0.0	0.0726400072640007	0.0	0.0	0.0	0.0	0.0	0.0	0.0	0.0	0.0	0.0	0.0	1.95633019563302	5.093780509378051	0.0	0.0	0.0	0.0	0.0	0.0	0.0	0.0	0.0	0.0	0.0	0.0	0.0	0.0	0.0305400030540003	0.0	0.0	0.0	0.0	0.0	0.0	0.0	0.0	0.0	0.0	0.0	0.0	0.0541400054140005	1.603190160319016	0.0	0.0	1.04778010477801	0.0375600037560003	0.0	0.0	0.0	0.0	0.0	0.0	0.0	0.0118200011820001	0.0	0.0	10.85718108571811	0.0	0.0	0.0	0.0156200015620001	0.0	0.0	0.0	0.0	0.0	0.0	0.0	0.0	0.0	0.0	0.0	0.0	0.0	0.0	17.54417175441717	0.0	0.0	0.0	0.0	0.0	0.0904200090420008	0.0	0.0	0.001170000117	0.0	0.0	0.0	0.0	0.000370000037	0.0	0.0
SRR8490393	0.0	0.0	0.0	0.0	0.0	0.0	0.0	0.0	0.0	0.0	0.0	1.083681982805513	0.0	10.71600230718098	0.0	0.0	0.0	0.0	0.0	0.0	0.0	0.0022434821085807	0.0	0.0	0.0	0.0	0.0	0.0	0.0317292469642131	0.2829291343093615	0.0034353319787642	0.0	0.0	0.0	0.0	0.0	0.0	35.45089333153989	0.0	0.0	0.0	0.0	0.0	0.0028143681808535	0.0	0.0	0.0	0.0546648453064	0.0	0.0	0.0	0.0	0.0	0.0	0.0	0.0	0.0	0.0	0.0	0.0	0.0	0.0	0.0	0.0	0.0	0.0	0.0	0.0	0.0	0.0	0.0003104818989553	0.0	0.0	0.0	0.0	0.8523329059032525	0.0	0.0	0.0	0.0	0.0	0.0	0.0	0.0	0.0443688649152349	0.0	0.0	0.0	0.0	0.0	0.0	0.0	0.0	0.0	0.0416346210954021	0.0	0.0	0.0	0.0	0.0	0.0	0.4373888712670936	0.0539938037828513	0.0519205859414397	0.0	0.8084748337895248	0.0	0.0	0.3434731046056584	0.0	0.0	0.0	0.0	0.0336622471738385	0.0368872527049233	0.0	0.0	0.0399620250590942	3.878429710754061	0.0	0.0	0.0	0.0	0.0	0.0	0.0	0.0	0.503651717831246	0.0	0.0	0.0	0.0	0.0417247610015505	0.0	0.0	0.0	0.0	0.0	1.529994704781291	0.0	0.0088537418927918	0.0	0.0	0.0	0.0	0.0	0.0	0.0	0.0063097934303832	0.0	0.0	0.0	0.0	3.599486763405482	0.0	0.0	0.0	0.0	0.0	0.0	0.0	0.0	0.0	0.0	0.0626472347730913	0.1164707742887736	0.0056387519068345	0.1559320220914882	0.0	0.0	0.0	0.0	0.0	0.0	0.0	0.0	0.0	0.0844510765158602	0.0	0.0	0.0	0.0	0.0	0.0	0.0	0.0	0.0	0.0	0.0	0.0	0.0	0.0	0.0	0.0	0.0	0.0	0.0	0.0	0.0	0.0	0.0	0.2318598697037672	0.0	0.0	0.0	0.0	0.0	0.0	0.0	0.0	0.0	0.0	0.0	0.0	0.0	0.0	0.0	0.0	0.0	0.0	0.0	0.0	0.0	0.0	0.0	0.0	1.581484622282244	0.0	0.0	0.0	0.0527118140065195	0.0042365755889716	0.0	1.408546204564104	0.0	0.0	0.0	0.0	0.0	0.0	0.0	0.0	0.0	0.0	0.0	0.0	0.0	0.0	0.0	0.0	0.0	1.948424149121852	9.22933485062165	0.0	0.0	0.0	0.0	0.0	0.0	0.0	0.0	0.0	0.0	0.0155841882185339	0.0	0.0	0.0	0.0032951143469779	0.0	0.0	0.0	0.0	0.0	0.0	0.0	0.0	0.0	0.0	0.0	0.0	0.0	0.4032358623820031	0.0	0.0	11.05629046843606	0.1420705076349001	0.0	0.0	0.0	0.0	0.0	0.0	0.0	0.0013621141373525	0.0	0.0	6.3474719111533	0.0	0.0	0.0	0.0	0.0	0.9972878905348992	0.0	0.0	0.0	0.0	0.0	0.0	0.0	0.0	0.0	0.0	0.0	0.0	6.19116931389209	0.0	0.0	0.0	0.0	0.0083429490912845	0.0108969130988206	0.0	0.0	0.0	0.0	0.0	0.0	0.0	0.0	0.0	0.0
SRR8490394	0.0	0.0	0.0	0.0	0.0	0.0	0.0	0.0	0.0551844368287209	0.0	0.0	1.821106416955924	0.0	19.83865502786425	0.0	0.0	0.0	0.0	0.0	0.0	0.0	0.0368129597619648	0.0	0.0	0.0	0.0	0.0	0.0	0.1214897677773293	0.2324686904827148	0.0	0.0	0.0	0.0	0.0	0.0	0.0	30.03370470985867	0.0	0.0	1.961847732557697	0.0	0.0	0.1112689460232602	0.0	0.0	0.0	0.4004621971606516	0.0	0.0	0.0	0.0	0.0	0.0	0.1674634640625106	0.0	0.0	0.0	0.0	0.0	0.0	0.0	0.0	0.0	0.0	0.0	0.0	0.0	0.0	0.0	0.0	0.0	0.0	0.0	0.0	0.2989940391207453	0.0	0.0	0.0	0.0	0.0	0.0	0.0	0.1469918181421786	0.0	0.0	0.0	0.0	0.0	0.0	0.0	0.0	0.0	0.0	0.0	0.0	0.0	0.0077606239541659	0.0	0.0404632532455609	0.0	0.2627411243864006	0.0043103465518626	0.0	0.0	0.0	0.0	0.0	0.5898674253409975	0.0	0.0	0.0	0.0	0.0448936094461993	0.0	0.0	0.0	0.0	2.379541315121736	0.0	0.0	0.0	0.0	0.0	0.0	0.0	0.0	0.2369790531158705	0.0	0.0	0.0	0.0	0.0013801109609212	0.0	0.0	0.0	0.0	0.0	0.0	0.0	0.0	0.0	0.0	0.0765461543108065	0.0	0.0	0.0	0.0	0.0186514995805662	0.0007400595007837	0.0010700860349172	0.0	0.0	0.4029723989808779	0.0	0.0	0.0	0.0	0.0	0.0	0.0	0.0	0.0	0.0	0.1722438484054118	0.3991020878078597	0.0	0.0	0.0	0.0	0.0	0.0	0.0	0.0	0.0	0.0	0.0	0.1137491454312926	0.0	0.0	0.0	0.0	0.0	0.0	0.0	0.0	0.0	0.0	0.0	0.0	0.0	0.0	0.0	0.0	0.0	0.0	0.0	0.0	0.0	0.0	0.0	0.3535284236852643	0.0	0.0	0.0	0.0	0.0	0.0	0.0	0.0	0.0	0.0	0.0	0.0	0.0	0.0	0.0	0.0	0.0	0.0	0.0	0.0	0.0	0.0	0.0	0.0	0.0	0.0	0.0	0.0	0.035162827091298	0.0	0.0	3.738430569817814	0.0	0.0	0.0	0.0	0.0	0.0523242068662319	0.0	0.0	0.0	0.0	0.0	0.0	0.0	0.0	0.0	0.0	0.0	3.473389260496544	23.24246869448304	0.0	0.0	0.0	0.0	0.0	0.0	0.0	0.0	0.0	0.0	0.0	0.0	0.0	0.0	0.0521941964133915	0.0	0.0	0.0	0.0	0.0	0.0	0.0	0.0	0.0	0.0	0.0	0.0	0.4025823676223568	0.3525983489072521	0.0	0.0	1.685045477656403	0.0530542655629512	0.0	0.0	0.0	0.0	0.0	0.0	0.0	0.0255920576014311	0.0	0.0	0.0	0.0	0.0	0.0	0.0058504703778182	0.0	0.0	0.0	0.0	0.0	0.0	0.0	0.0	0.0	0.0	0.0	0.1054084748413772	0.0	0.0	6.104530804276664	0.0	0.0	0.0	0.0	0.0042003377071515	0.3341768678201726	0.0	0.0	0.0	0.0	0.0	0.0	0.0	0.0	0.0	0.0
SRR8490395	0.0	0.0	0.0	0.0	0.0	0.0	0.0286099971390001	0.0	0.0114699988530001	0.0	0.0	0.602859939714006	0.0	20.2087579791242	0.0	0.0	0.0	0.0	0.0	0.0	0.0	0.0129399987060001	0.0	0.0	0.0	0.0	0.0	0.0	0.0209899979010002	0.0	0.0176099982390001	0.0	0.0	0.0	0.0	0.0	0.0	10.0786989921301	0.0	0.0	0.0	0.0	0.0	0.005349999465	0.306209969379003	0.0	0.0	0.2562099743790025	0.0	0.0	0.0	0.0	0.0	0.0	0.99399990060001	0.0	0.0	0.0	0.0	0.0	0.0	0.0	0.0	0.0	0.0	0.0	0.0	0.0	0.0	0.0	0.0	0.0	0.0	0.0	0.0	0.4316099568390042	0.0	0.1297299870270013	0.006589999341	0.0	0.0	0.0	0.0	0.0	0.0727099927290007	0.0	0.0	0.0	0.0	0.0	0.0	0.0	0.0	0.0	0.0	0.0	0.0	0.108169989183001	0.0	0.0	0.0	2.831889716811028	0.0132399986760001	0.0	0.0	0.0	0.0	0.0	0.00369999963	0.0	0.0	0.0	0.7242199275780072	0.103399989660001	0.002889999711	0.0	0.0	0.2160199783980021	1.855049814495018	0.0	0.0	0.0	0.0	0.0	0.0	0.0	0.0	1.668269833173017	0.0	0.0	0.0	0.0	0.0830799916920008	0.0	0.0	0.0	0.0	0.0	0.206049979395002	0.0	0.0	0.0	0.0363099963690003	0.0	0.0	0.0	0.00569999943	0.0	0.003769999623	0.00569999943	0.00179999982	0.0	0.0	0.0199599980040001	0.0	0.0	0.0	0.0	0.0	0.0	0.0	0.0	0.0	0.0	0.0125399987460001	0.2882599711740028	0.0	0.1196799880320012	0.0	0.0	0.0	0.2157199784280021	0.0	0.0	0.0	0.0	0.0	0.1988299801170019	0.0	0.0	0.0	0.0	0.0	0.0	0.0	0.0	0.0	0.0	0.0	0.0	0.0	0.0	0.0	0.0	0.0	0.0	0.0	0.0	0.0	0.0	0.0	0.4550099544990044	0.0	0.0	0.0	0.0	0.0	0.0	0.0	0.0	0.0	0.0	0.0	0.0	0.0	0.0	0.0	0.0	0.0	0.0	0.0	0.0	0.0	0.0	0.0	0.0	0.4427899557210044	0.0	0.0	0.0	2.958829704117029	0.0	0.0	2.267109773289023	0.0	0.0	0.0	3.473659652634035	0.0	0.6934499306550069	0.0	0.0	0.0	0.0	0.0	0.0	0.0	0.0	0.0	0.0	0.0	2.425139757486024	7.912539208746079	0.0	0.0	0.0	0.0	0.0	0.0	3.828469617153038	0.0	0.0	0.0	0.0	0.0	0.0	0.0	0.0211099978890002	0.0	0.0	0.0	0.0	0.0	0.0	0.0	0.0	0.0	0.0	0.0	0.0	0.0	0.4078599592140041	0.0	0.0	0.4747599525240048	0.106499989350001	0.009849999015	0.0	0.0	0.0	0.0	0.0	6.895789310421069	0.0	0.0	0.0	0.0311399968860003	0.0	0.0	0.0	0.008669999133	0.0	0.0	0.0	0.0	0.0	0.0	0.0	0.0	0.0	0.0	0.0	0.0	0.0	0.0	25.67872743212725	0.0	0.0	0.0	0.0	0.0	0.0	0.0	0.0	0.0	0.0	0.0	0.0	0.0	0.0	0.0	0.0
SRR8490396	0.0	0.0	0.0	0.0	0.0	0.0	0.0002102061281292	0.0	0.1921284011101286	0.0	0.0	0.618306311168732	0.0	8.623326033508459	0.0	0.0	0.0	0.0	0.0	0.0	0.0	0.0212808680191796	0.0	0.0	0.0	0.0	0.0006005889375121	0.0	0.1795760923161252	0.1030710714927057	0.0080879310251632	0.0	0.0	0.0	0.0	0.0	0.0	17.83084492653496	0.0	0.0	0.0	0.0	0.0	0.2705052574554608	0.214340181982452	0.0	0.0	0.5976560615339401	0.0	0.0	0.0	0.0	0.0	0.0	0.0	0.0	0.0	0.0	0.0	0.0	0.0	0.0	0.0	0.0	0.0	0.0	0.0	0.0	0.0	0.0	0.0	0.0	0.0	0.0	0.0	1.05707656928384	0.0	0.0207203183441682	0.07356213502961	0.0	0.0	0.0	0.0	0.0	0.0776561496203176	0.0	0.0	0.0	0.0	0.0	0.0	0.0	0.5114214999228244	0.0	0.0	0.0	0.0	0.1878341902069169	0.0	0.0	0.0	0.0698284738014096	0.0131629075471407	0.0	0.0	0.0	0.0	0.0117214940971116	0.0518308253072963	0.0	0.0	0.0	0.0	0.182538997741185	0.0	0.0	0.0	0.0452343568102881	12.68281677012479	0.0819503605235293	0.0	0.0	0.0	0.000400392625008	0.0	0.0	0.0	0.0164761565190826	0.0	0.0	0.0	0.0	0.0393285655914189	0.0	0.0	0.0	0.0	0.0	0.5397993272202722	0.0	0.0	0.0	0.0003303239156316	0.0131629075471407	0.0	0.0	0.0	0.0	0.0	0.0	0.0092290500064363	0.0	0.0	0.0120317983814928	0.0	0.0	0.0062661445813764	0.0	0.0	0.0	0.0	0.0	0.0	0.0	0.0	0.6221200509219341	0.0	0.0814999188203953	0.0	0.0	0.0	0.0	0.0	0.0	0.0	0.0	0.0	0.0456347494352962	0.0190686987660099	0.0	0.0	0.0	0.0	0.0	0.0	0.0024423950125493	0.0	0.0	0.0	0.0	0.0	0.0	0.0	0.0	0.0	0.0	0.0	0.0	0.0	0.0	0.0	0.2889433378370831	0.0	0.0	0.0	0.0	0.0	0.0	0.0	0.0	0.0	0.0	0.0	0.0	0.0	0.0	0.0	0.0	0.0	0.0	0.0	0.0	0.0	0.0	0.0	0.0	1.405498231565874	9.008834062681868e-05	0.0	0.0	3.19995787869585	0.0	0.0	0.3962085220767485	0.0	0.0	0.0	0.0	0.0	0.3379914344005732	0.0	0.0	0.0	0.0	0.0	0.0	0.0	0.0	0.0	0.0	0.0	0.0	14.09666318792208	0.0	0.0	0.0	0.0	0.0	0.0	0.0	0.0	0.0	0.0	0.0	0.0	0.0	0.0	0.0181477957284913	0.0	0.0	0.2624573656927983	0.0	0.0098296389439484	0.0	0.0	0.0	0.0	0.0	0.0	0.0	0.0	1.083602580690625	0.0	0.0	10.29003040381398	0.0006506380156381	0.0	0.0	0.0	0.0072971555907723	0.0	0.0	0.0	0.0	0.0040739949594572	0.0	0.0858441788017329	0.0	0.0	0.0	0.2771717946618454	0.0	0.0	0.0	0.0	0.0	0.0	0.0	0.0	0.0	0.0	0.0	0.0	0.0	0.0	22.69350324928625	0.0	0.0	0.0	0.0	0.0017417079187851	0.3271407942628541	0.0469059960196969	0.0	0.0	0.0	0.0311705658568792	0.0	0.0	0.0	0.0	0.0
SRR8490397	0.0	0.0036099999999999	0.0	0.0	0.0	0.0	0.0	0.0	0.61982	0.0	0.0	0.0	0.0	2.01428	0.0	0.0	0.0	0.0	0.0	0.0	0.0	0.0267	0.0	0.0	0.0	0.0	0.0	0.0	0.09226	0.0	0.0	0.0	0.0	0.0	0.0	0.0	0.0	12.1678	0.0	0.0	0.0	0.0	0.0	0.5034	0.0	0.0	0.0	1.19517	0.0	0.0	0.0	0.0	0.0	0.0	0.0	0.0	0.00056	0.0	0.0	0.0	0.0	0.0	0.0	0.0	0.0	0.0	0.0	0.00178	0.0	0.0	0.0	0.0	0.0	0.0	0.0	2.81335	0.0	0.0	0.0	0.0	0.0	0.0	0.00152	0.0	0.04021	0.0	0.0	0.0	0.0	0.0	0.0	0.0	1.67415	0.0	0.0018899999999999	0.0	0.0	0.1265	0.0	0.0	0.0	0.03222	0.01366	0.0	0.0	0.0	0.0	0.0	0.08122	0.0	0.0	0.0	0.11357	0.14402	0.0	0.0	0.0	0.4106	7.99975	0.19898	0.0	0.0	0.0	0.0	0.0	0.0	0.0	0.01362	0.0	0.0	0.0	0.0	0.81234	0.0	0.0	0.0	0.0	0.0	0.0	0.0	0.0	0.0	0.0	0.07843	0.0	0.88568	0.0017899999999999	0.0	0.00174	0.0	0.0477	0.0	0.00913	0.01172	0.0	0.0	0.0	0.0	0.0	0.1078399999999999	0.0	0.0	0.0	0.0	0.0	4.61717	0.0	1.07586	0.0	0.0	0.0	0.0	0.0	0.0	0.0	0.0	0.0	0.00684	0.0	0.0	0.0	0.0	0.0	0.0	0.0	0.0	0.0	0.0	0.0	0.0	0.0	0.0	0.0	0.0	0.0	0.0	0.0	0.0	0.0	0.0	0.0	0.19343	0.0	0.01889	0.0	0.0	0.0	0.02244	0.0	0.0	0.0	0.0	0.0	0.0	0.0	0.0	0.0	0.0	0.0	0.0	0.0	0.0	0.0	0.0	0.0	0.0	0.63138	0.05104	0.0	0.0	0.4911300000000001	0.0	0.0	3.82107	0.0	0.0	0.0	0.0	0.0	0.16761	0.0	0.0	0.0	0.0	0.0	0.0	0.0	0.0	0.0	0.0	0.0	0.098	30.41354	0.0	0.0	0.0	0.0	0.0	0.0	0.0	0.0	0.0	0.0	0.0	0.0	0.0	0.0	0.03753	0.0	0.0	0.0	0.0	0.0	0.0	0.0	0.0	0.0	0.0	0.0	0.0	0.1158	3.34863	0.0	0.0	0.63936	0.02346	0.0	0.0	0.0	0.0	0.0	0.0	0.0	0.00197	0.0	0.0	2.51654	0.0	0.0	0.0	0.07517	0.0	8.02389	0.0	0.0	0.0	0.0	0.0	0.0	0.0	0.0	0.0	0.3945000000000001	0.0	0.0	10.59692	0.0	0.0	0.0	0.0	0.17082	0.0	0.0	0.0	0.0	0.0	0.0	0.0	0.0	0.0	0.2	0.0
SRR8490398	0.0	0.0	0.0	0.0	0.0	0.0	0.0608906741351759	0.0	0.0120221074754404	0.0	0.0	1.648538988884752	0.0	18.96129391482327	0.0	0.0	0.0	0.0	0.0	0.0	0.0	0.0106518672723328	0.0	0.0	0.0	0.0	0.0	0.0	0.0785637722292717	0.1166204435637567	0.021453760844276	0.0	0.0	0.0	0.0	0.0	0.0	9.828973018970226	0.0	0.0	0.9186110325139998	0.0	0.0	0.4168330708373179	0.7577628358251203	0.0	0.0	0.4594005329134198	0.0	0.0	0.0	0.0	0.0	0.0	0.104478315048628	0.0	0.0	0.0	0.0	0.0	0.0	0.0	0.0	0.0	0.0	0.0	0.0	0.0	0.0	0.0	0.0	0.0	0.0	0.0	0.0	0.0759433128627448	0.0	0.0	0.1016478188626466	0.0	0.02926513017732	0.0	0.0376566012021907	0.0	0.1246018427030258	0.0	0.0	0.0	0.0	0.0	0.0	0.2473033522776543	0.0	0.0	0.0	0.0	0.0	0.0468982212581865	0.0	0.0	0.0	0.2192284307439094	0.0083114569984118	0.0014302507229517	0.0	0.0	0.0	0.0	0.0519191014184786	0.0	0.0	0.0	0.1783412632234431	0.0416473007718253	0.015872782498772	0.0	0.0	0.0388468098457659	3.214273462137913	0.0281549355602037	0.0	0.0	0.0	0.0	0.0	0.0	0.0	0.0561898500807191	0.0	0.0	0.0	0.0	0.2231191127804704	0.0	0.0	0.0	0.0	0.0	0.5529069245838797	0.0	0.003750657490258	0.0	0.0010101770840428	0.0	0.0	0.0	0.0114620092902285	0.0	0.0115620268233021	0.0	0.0	0.0	0.0	0.1231815937333814	0.0	0.0	0.0173530419882605	0.0	0.0	0.0	0.0	0.0	0.0	0.0	0.0	0.1098292530680628	0.0	0.0222238958489423	0.0	0.0	0.0353461961881918	0.1760408599627514	0.0	0.0	0.0	0.0	0.0	0.050548861215371	0.0	0.0017703103354017	0.0	0.0	0.0	0.0	0.0	0.0024804348202239	0.0	0.0	0.0	0.0	0.0	0.0	0.0	0.0	0.0	0.0	0.0	0.0	0.0	0.0	0.0	0.4527593687173361	0.0	0.0	0.0	0.0	0.0	0.0	0.0	0.0	0.0	0.0	0.0	0.0	0.0	0.0	0.0	0.0	0.0	0.0	0.0	0.0	0.0	0.0	0.0	0.0	0.819353632691811	0.0	0.0	0.0	3.369750717300743	0.0	0.0	3.453305364430385	0.0	0.0	0.0	0.062190902065132	0.0	0.1877429113323565	0.0	0.0	0.0	0.0	0.0	0.0	0.0	0.0	0.0	0.0	0.0	9.089373367151262	4.832247092915389	0.0	0.0	0.0	0.0	0.0	0.0	0.0	0.0	0.0	0.0	0.0	0.0	0.0	0.0	0.0	0.0	0.0	1.124057047200374	0.0	0.0	0.0	0.0	0.0	0.0	0.0	0.0	0.0	0.0015402700093326	0.2354512746084388	0.0	0.0	0.9656292748118748	0.2289801402185803	0.0	0.0	0.0	0.0	0.0	0.0	1.640327549419413	0.0	0.0	0.0	0.1288325843520369	0.0	0.0	0.0	0.0581301902223458	0.0	0.0	0.0	0.0	0.0	0.0	0.0	0.0	0.0	0.0	0.0	0.0	0.0	0.0	33.86630676357565	0.0	0.0	0.0	0.0	0.0	0.0483584772410603	0.0	0.0	0.0	0.0	0.1794514578405594	0.0	0.0	0.0	0.0	0.0
SRR8490399	0.0	0.0	0.0	0.0	0.0	0.0	0.0	0.0	0.0029037039647774	0.0	0.0	0.2260583600440722	0.0	35.46328696885747	0.0	0.0	0.0	0.0	0.0	0.0	0.0	0.0274049577641238	0.0	0.0	0.0	0.0	0.0042153771350734	0.0	0.018353411611852	0.0630904782140098	0.0	0.0	0.0020926694090981	0.0	0.0	0.0	0.0	6.309218038529947	0.0	0.0	3.01368425563649	0.0	0.0233397722134354	0.5167992290966359	0.7136803706808404	0.0	0.0	0.1657814708442088	0.0	0.0	0.0	0.0	0.0	0.0	0.0900348484526861	0.0	0.0	0.0	0.0	0.0	0.0	0.0	0.0	0.0	0.0	0.0	0.0	0.0	0.0	0.0	0.0	0.0	0.0	0.0	0.0	0.2244663292495908	0.0	0.0	0.0070890427829739	0.0	0.0	0.0	0.0	0.1873589951341932	0.4696691099166096	0.0	0.0	0.0	0.0	0.0	0.0	0.0	1.524184249428571	0.0	0.0	0.0	0.0	0.0351748690629767	0.0	0.0	0.0	0.3930213380187767	0.0	0.0	0.0	0.0	0.0	0.0	0.0399109103572516	0.0	0.0	0.0	0.0159903973508607	0.3107964519541127	0.0	0.0	0.0	0.0296478187576072	2.204542113920517	0.0	0.0	0.0	0.0	0.0	0.0	0.0	0.0	0.0201857489413495	0.0	0.0	0.0	0.0	0.3450601587384867	0.0	0.0	0.0	0.0	0.0	0.0198553274557025	0.0	0.0	0.0	0.0	0.0	0.0	0.0	0.0014118008932193	0.0	0.0	0.0	0.0059876378308168	0.0	0.0002503193073084	0.0485419200732453	0.0	0.0	0.0	0.0	0.0	0.0	0.0	0.0	0.0	0.0	0.0	1.171614511470832	0.0061578549597866	0.0018824011909591	0.0	0.0	0.0	0.0	0.0	0.0	0.0	0.0	0.0	0.0681669537662241	0.0	0.0	0.0	0.0	0.0	0.0	0.0	0.000150191584385	0.0	0.0	0.0	0.0	0.0	0.0	0.0	0.0	0.0	0.0	0.0	0.0	0.0	0.0	0.0	0.0567624061252533	0.0	0.0	0.0	0.0	0.0	0.0	0.0	0.0	0.0	0.0	0.0	0.0	0.0	0.0	0.0	0.0	0.0	0.0	0.0	0.0	0.0	0.0	0.0	0.0	0.3723149249182257	0.0031440104997935	0.0	0.0	2.72561679678598	0.0	0.0	1.563133933645759	0.0	0.0	0.0	0.0	0.0	0.0154497076470746	0.0	0.0	0.0	0.0	0.0	0.0	0.0	0.0	0.0	0.0	0.0	1.092253278281776	5.866923848060586	0.0	0.0	0.0	0.0	0.0	0.0	0.0	0.0	0.0	0.0	0.0	0.0	0.0	0.0	0.0254624799394106	0.0	0.0	0.0	0.0	0.0	0.0	0.0	0.0	0.0	0.0	0.0	0.0	0.0425342566978436	0.704789028885246	0.0	0.0	2.180801830815388	0.0474505278933807	0.0	0.0	0.0	0.0	0.0	0.0	0.0	0.0	0.0	0.0	0.1557086219181187	0.0	0.0	0.0	0.0117249563543255	0.0	0.07376409347764	0.0	0.0	0.0	0.0	0.0	0.0	0.0	0.0	0.0	0.0	0.0	0.0	31.14617005452155	0.0	0.0	0.0	0.0	0.001341711487173	0.0460988036339153	0.0974943638104765	0.0	0.0	0.0	0.0	0.0	0.0	0.0	0.0	0.0
SRR8490400	0.0	0.0	0.0	0.0	0.0	0.0	0.0132599946960021	0.0	0.0018999992400003	0.0040299983880006	0.0	0.1401599439360224	0.0	4.93872802450879	0.0	0.0	0.0	0.0	0.0	0.0	0.0	0.0113799954480018	0.0	0.0	0.0	0.0	0.0	0.0	0.1276699489320204	0.0374299850280059	0.0	0.0	0.0	0.0	0.0	0.0	0.0	24.24429030228388	0.0	0.0	10.08919596432161	0.0	0.0	0.1221499511400195	0.2203899118440353	0.0	0.0	0.5704697718120915	0.0	0.0	0.0	0.0	0.0	0.0	0.0	0.0	0.0	0.0	0.0	0.0	0.0	0.0	0.0	0.0	0.0	0.0	0.0	0.0	0.0	0.0	0.0	0.0	0.0	0.0	0.0	0.5951797619280953	0.0	0.0	0.0608999756400096	0.0	0.0	0.0	0.0	0.4953998018400793	0.0793399682640126	0.0	0.0	0.0	0.0	0.0	0.0	0.0037299985080005	0.0	0.0	0.0	0.0	0.0	0.2512298995080402	0.0	0.0	0.0	0.144139942344023	0.0	0.0	0.0	0.0	0.0	0.0029699988120003	0.0212699914920033	0.0	0.0	0.0	0.0	0.487089805164078	0.0	0.0	0.0	0.118759952496019	4.459198216320715	0.0	0.0	0.0	0.0	0.0	0.0	0.0	0.0	0.1225699509720196	0.0	0.0	0.0	0.0	0.1527299389080244	0.0	0.0	0.0	0.0	0.0	0.0	0.0	0.0	0.0	0.0	0.0452499819000072	0.0	0.0	0.0108299956680017	0.0	0.1132199547120181	0.0	0.0674599730160107	0.0	0.000679999728	0.0518999792400082	0.0	0.0	0.0080799967680012	0.0	0.0	0.0037299985080005	0.0	0.0	0.0	0.0	0.000439999824	0.3262598694960521	0.0	0.1056899577240169	0.0	0.0	0.0	0.0	0.0	0.0	0.0	0.0	0.0	0.038259984696006	0.0	0.0044899982040006	0.0	0.0	0.0	0.0	0.0	0.0	0.0	0.0	0.0	0.0	0.0	0.0	0.0	0.0	0.0	0.0	0.0	0.0	0.0	0.0	0.0	0.9641096143561544	0.0	0.0	0.0	0.0	0.0	0.0	0.0	0.0	0.0	0.0	0.0	0.0	0.0	0.0	0.0	0.0	0.0	0.0	0.0	0.0	0.0	0.0	0.0	0.0	3.008178796728481	0.0	0.0	0.0	2.18833912466435	0.0	0.0	6.052677578928968	0.0	0.0	0.0	0.0	0.0	0.0	0.0	0.0	0.0	0.0	0.0	0.0	0.0	0.0	0.0	0.0	0.0	1.68936932425227	15.86754365298254	0.0	0.0	0.0	0.0	0.0	0.0	0.0	0.0	0.0	0.0	0.0	0.0	0.0	0.0	0.0181799927280029	0.0	0.0	0.0	0.0	0.0	0.0	0.0	0.0	0.0	0.0	0.0	0.0	0.0	2.330669067732373	0.0	0.0	0.0348099860760054	0.0583999766400092	0.0	0.0	0.0	0.0	0.0	0.0	0.0	0.0015899993640001	0.0	0.0	2.098359160656336	0.0	0.0	0.0	0.0024199990320002	0.0	4.222348311060675	0.0	0.0	0.0	0.0	0.0	0.0	0.0	0.0	0.0	0.025989989604004	0.0031299987480004	0.0	12.65565493773803	0.0	0.0	0.0	0.0	0.0005699997719999	0.4858098056760777	0.0	0.0	0.0	0.0	0.0	0.0	0.0	0.0	0.0	0.0
SRR8490401	0.0	0.0	0.0	0.0	0.0	0.0	0.0487942450993236	0.0	0.0	0.0	0.0	1.153770378022888	0.0	13.25869350633505	0.0	0.0	0.0	0.0	0.0	0.0	0.0	0.0115610058075052	0.0	0.0097308465836527	0.0	0.0	0.0	0.0	0.0740664437806089	0.1150600102208892	0.0	0.0	0.01450126160976	0.0	0.0	0.0	0.0	9.689532989370075	0.0	0.0	1.808077302725337	0.0	0.0013801200704461	0.3227580799529559	0.6056526917841852	0.0	0.0	0.3869336632287009	0.0	0.0	0.0	0.0	0.0	0.0	0.0	0.0	0.0	0.0	0.0	0.0	0.0	0.0	0.0	0.0	0.0	0.0	0.0	0.0	0.0	0.0	0.0020901818458205	0.0	0.0	0.0	0.0	0.1275710986855856	0.0	0.0	0.0	0.0	0.0	0.0	0.0253222030316637	0.1678546033504914	0.0060905298760992	0.0	0.0	0.0	0.0	0.0	0.0	0.0	6.722924894465819	0.0	0.0	0.0019601705348365	0.0	0.068986001782155	0.0	0.0	0.0	3.448510020371773	0.0304626502505717	0.0015501348617329	0.0	0.0	0.0	0.0	0.0453939492735868	0.0	0.0	0.0	0.0270523535547592	0.0338429443361572	0.0	0.0	0.0	0.0	1.960640575730088	0.0003700321928007	0.0	0.0	0.0	0.0	0.0	0.0	0.0	0.8059401167901609	0.0	0.0	0.0	0.0	0.049044266851216	0.0	0.0	0.0	0.0	0.0	1.678436023934083	0.0	0.0003900339329521	0.0	0.0174515182820905	0.0	0.0	0.0	0.0207518054070704	0.0	0.0084907386942663	0.0	0.0233320298866001	0.0	0.0	0.1731850671008377	0.0	0.0	0.0	0.0	0.0	0.0	0.0	0.0	0.0	0.0	0.0613853405246256	0.317447617942761	0.0	0.0127511093465131	0.0	0.0	0.0	0.0046404037151232	0.0	0.0	0.0	0.0	0.0	0.3587012070050095	0.0	0.0027902427511193	0.0	0.0	0.0	0.0	0.0	0.0030002610227089	0.0	0.0	0.0	0.0	0.0	0.0	0.0	0.0	0.0	0.0	0.0297325867350459	0.0015401339916572	0.0064205585885972	0.0	0.0	0.403705122345644	0.0	0.0	0.0	0.0	0.0	0.0	0.1366418878442424	0.0	0.0	0.0	0.0	0.0	0.0	0.0	0.0	0.0	0.0	0.0	0.0	0.0	0.0	0.0	0.0	0.0	1.032089791811887	0.0099808683355451	0.0	0.0	0.6396456491714779	0.0	0.0	3.546138514050722	0.0	0.0	0.0	0.4903926641617821	0.0	0.0617853753276535	0.0	0.0	0.0	0.0	0.0	0.0	0.0	0.0	0.0	0.0	0.0	0.0	8.437754084605361	0.0	0.0	0.0	0.0	0.0	0.0	0.0	0.0	0.0	0.0	0.0	0.0	0.0	0.0	1.786105391169031	0.0	0.0	0.0	0.0	0.0	0.0	0.0	0.0	0.0	0.0	0.0	0.0	0.0	0.1625141387300695	0.0	0.0	1.13749896240973	0.0581250568799485	0.0	0.0	0.0	0.0	0.0	0.0	11.06377254821169	0.0	0.0	0.0	0.0	0.0	0.0	0.0	0.0254822169528749	0.0	0.793269014404253	0.0	0.0	0.0	0.0	0.0	0.0	0.0	0.0	0.0	0.0	0.0005100443738605	0.0	26.45090122840687	0.0	0.0	0.0	0.0	0.0171214895695925	0.0	0.0	0.0	0.0	0.0	0.0	0.0	0.0	0.0	0.0	0.0
SRR8490402	0.0	0.0	0.0	0.0	0.0	0.0	0.0	0.0	0.01907	0.0	0.0	3.84751	0.0	3.16597	0.0	0.0	0.0	0.0	0.0	0.0	0.0	0.0248	0.0	0.0	0.0	0.0	0.0	0.0	0.05011	0.0	0.75896	0.0	0.0	0.0	0.0	0.0	0.0	10.18365	0.0	0.0	4.50756	0.0	0.0	10.87772	0.15078	0.0	0.0	0.8443899999999999	0.0	0.0	0.0	0.0	0.0	0.0	0.0	0.0	0.0	0.0	0.0	0.0	0.0	0.0	0.0	0.0	0.0	0.0	0.0	0.0	0.0	0.0	0.0	0.0	0.0	0.0	0.0	2.52996	0.0	0.0	0.0	0.0	0.0	0.0	0.01242	0.0	0.13092	0.0	0.0	0.0	0.0	0.0	0.0	0.0	5.39266	0.0	0.0	0.0	0.0	0.6488700000000001	0.0	0.0	0.0	0.73946	0.10332	0.48953	0.0	0.0	0.0	0.0	0.77446	0.0	0.0	0.0	2.27229	0.16643	0.0	0.0	0.0	0.18976	0.3313499999999999	0.02052	0.0	0.0	0.0	0.0	0.0	0.0	0.0	4.43834	0.0	0.0	0.0	0.0	0.03422	0.0	0.0	0.0	0.0	0.0	0.0	0.0	0.00351	0.00196	0.035	0.0016	0.0	0.0	0.0198	0.0	0.02089	0.09926	0.0	0.0	0.0703299999999999	0.16848	0.0	0.0	0.0	0.0	0.0	0.0	0.0	0.0	0.0	0.0	0.15502	0.0054799999999999	0.0	0.1226	0.0	0.0	0.13521	0.0076499999999999	0.0	0.0	0.0	0.0	0.0	0.11881	0.0	0.0	0.0	0.0	0.0	0.0	0.0	0.0	0.0	0.0	0.0	0.0	0.0053999999999999	0.0	0.0	0.0	0.0	0.0	0.0	0.0	0.0	0.0	0.0	7.83201	0.0	0.0	0.0	0.0	0.01845	0.0	0.0	0.0	0.0	0.0	0.0	0.0	0.0513399999999999	0.0	0.0	0.0	0.0	0.0	0.0	0.0	0.0	0.0	0.0	0.0	0.0	0.0317299999999999	0.0	0.0	0.14777	0.0	0.0	0.0	0.0	0.0	0.0	0.0	0.0	1.19872	0.0	0.0	0.01378	0.0	0.0	0.0	0.0	0.0	0.0	0.0	0.0	0.0	0.0	0.0	0.0	0.0	0.0	0.0	0.0	0.0	0.0	0.0	0.0	0.0	0.0	0.0	0.0	1.44955	0.0	0.0	0.0	0.0	0.0	0.0	0.0	0.0	0.0	0.0	0.0	0.0	0.04497	2.156540000000001	0.0	0.0	10.69479	0.3052199999999999	0.0	0.0	0.0	0.0	0.0	0.0	0.0	0.0467999999999999	0.0	0.0	0.0	0.0574399999999999	0.0	0.0	0.2733999999999999	0.0	0.0	0.0	0.0	0.0	0.0	0.0	0.0	0.0	0.0	0.0	0.0	0.0	0.0	21.9391	0.0	0.0	0.0	0.0	0.0623599999999999	0.0	0.0	0.0	0.0	0.0	0.0	0.0	0.0	0.0	0.0	0.0
SRR8490403	0.0	0.0	0.0	0.0	0.0	0.0	0.000820184377448	0.0	0.0010802428385901	0.0	0.0	0.0327073526128673	0.0	16.19271012123525	0.0	0.0	0.0	0.0	0.0	0.0	0.0	0.0016903799974234	0.0	0.0	0.0	0.0	0.0	0.0	0.0813882960889607	0.1065439510802028	0.0023605306472895	0.0	0.0	0.0	0.0	0.0	0.0	12.97695721998305	0.0	0.0	2.653336470038465	0.0	0.0	0.0610637271258578	0.0319071727324302	0.0	0.0	0.2316320708895359	0.0	0.0	0.0	0.0	0.0	0.0	0.5489734092223931	0.0	0.0	0.0	0.0	0.0	0.0	0.0	0.0	0.0	0.0	0.0	0.0	0.0	0.0	0.0	0.0	0.0	0.0	0.0	0.0	0.5005525242074419	0.0	0.0	0.0	0.0	0.0	0.0	0.0	0.3058387525515736	0.0115826037693273	0.0	0.0	0.0	0.0	0.0	0.0	0.0	0.2456152143001746	0.0	0.0	0.0	0.0	0.0277762440996736	0.0	0.0	0.0	1.123512565624752	0.0	0.0	0.0	0.0	0.0	0.0	0.0180540585523625	0.0	0.0	0.0	0.0	0.0870395664945479	0.0	0.0	0.0	0.0	2.262938708621698	0.0	0.0	0.0	0.0	0.0	0.0	0.0	0.0	0.0174439213935292	0.0	0.0	0.0	0.0	0.0249956190151546	0.0	0.0	0.0	0.0	0.0	0.0	0.0	0.0	0.0	0.0	0.0253056887188239	0.0	0.0	0.0	0.0	0.0	0.0	0.0	0.0	0.0	0.0	0.0	0.0	0.0	0.0	0.0	0.0	0.0	0.0	0.0	0.0	0.0037608454380544	0.794178531333844	0.0	0.1117851292970659	0.0	0.0	0.0	0.0	0.0	0.0	0.0	0.0	0.0	0.0250256257606709	0.0	0.0	0.0	0.0	0.0	0.0	0.0	0.0	0.0	0.0	0.0	0.0	0.0	0.0	0.0	0.0	0.0	0.0	0.0	0.0	0.005951337860751	0.0	0.0	0.1508739164564194	0.0	0.0	0.0	0.0	0.0	0.0	0.0	0.0	0.0	0.0	0.0	0.0	0.0	0.0	0.0	0.0	0.0	0.0	0.0	0.0	0.0	0.0	0.0	0.0	0.9913628583705616	0.0079017763193165	0.0	0.0	1.196879058412331	0.0	0.0	3.15700969577961	0.0	0.0	0.0	0.0	0.0	0.0863694158446818	0.0	0.0	0.0	0.0	0.0	0.0	0.0	0.0	0.0	0.0	0.0	0.789917573470516	44.65853923962106	0.0	0.0	0.0	0.0	0.0	0.0	0.0	0.0	0.0	0.0	0.0	0.0	0.0	0.0	0.013603057967431	0.0	0.0	0.0	0.0	0.0142732086172971	0.0	0.0	0.0	0.0	0.0	0.0	0.0	0.0031207015337047	0.816883635441247	0.0	0.0	0.8690353591487365	0.0	0.0	0.0	0.0	0.0	0.0	0.0	0.0	0.0	0.0	0.0	0.0	0.0	0.0	0.0	0.0	0.0	2.065914417561069	0.0	0.0	0.0	0.0	0.0	0.0	0.0	0.0	0.0	0.0	0.0	0.0	6.645533916024321	0.0	0.0	0.0	0.0	0.0182541035224718	0.0	0.0	0.0	0.0	0.0	0.0	0.0	0.0	0.0	0.0	0.0
SRR8490404	0.0	0.0	0.0	0.0	0.0	0.0	0.0	0.0	0.0	0.0	0.0	0.0	0.0	3.683600368360037	0.0	0.0	0.0	0.0	0.0	0.0	0.0	0.0193400019340001	0.0	0.0	0.0	0.0	0.0	0.0	0.1667300166730016	0.0500800050080004	0.0	0.0	0.0	0.0	0.0	0.0	0.0	44.93162449316245	0.0	0.0	2.919120291912029	0.0	0.0	0.004550000455	0.0	0.0	0.0	0.299460029946003	0.0	0.0	0.0	0.0	0.0	0.0	0.297870029787003	0.0	0.0	0.0	0.0	0.0	0.0	0.0	0.0	0.0	0.0	0.0	0.0	0.0	0.0	0.0	0.0	0.0	0.003580000358	0.0	0.0	0.6075100607510061	0.0	0.0	0.0	0.0	0.0	0.0	0.0	0.0	0.001590000159	0.0	0.0	0.0	0.0	0.0	0.0	0.0	0.3234300323430032	0.0	0.0	0.0	0.0	0.0485700048570004	0.0	0.0	0.0	0.2241000224100022	0.0071500007149999	0.0	0.0	0.0	0.0	1.221590122159012	0.3683500368350037	0.0	0.0	0.0	0.0327300032730003	0.0623100062310006	0.0	0.0	0.0	0.1807100180710018	0.6807100680710069	0.0	0.0	0.0	0.0	0.0	0.0	0.0	0.0	0.5656900565690057	0.0	0.0	0.0	0.0	0.0709500070950007	0.0	0.0	0.0	0.0	0.0	0.5155300515530052	0.0	0.0	0.0	0.0	0.1427600142760014	0.0	0.0	0.0451400045140004	0.0	0.0216400021640002	0.0	0.0593500059350005	0.0	0.0	0.3527500352750035	0.0	0.0	0.0	0.0	0.0	0.0	0.0	0.0	0.0	0.0	0.0381000038100003	0.1488700148870015	0.0	0.0	0.0	0.0	0.0355900035590003	0.0	0.0	0.0	0.0	0.0	0.0	0.0686200068620006	0.0	0.0	0.0	0.0	0.0	0.0	0.0	0.0	0.0	0.0	0.0	0.0	0.0	0.0	0.0	0.0	0.0	0.0	0.0	0.0	0.0	0.0	0.0	0.1919000191900019	1.571290157129016	0.003720000372	0.0	0.0	0.0	0.0	0.0	0.0	0.0	0.0	0.0	0.0	0.0	0.0	0.0	0.0	0.0	0.0	0.0	0.0	0.0	0.0	0.0	0.0	1.504960150496015	0.004550000455	0.0	0.0	2.702460270246027	0.0	0.0	1.798260179826018	0.0	0.0	0.0	0.0	0.0	0.99531009953101	0.0	0.0	0.0	0.0	0.0	0.0	0.0	0.0	0.0	0.0	0.0	6.517970651797065	23.85630238563024	0.0	0.0	0.0	0.0	0.0	0.0	0.0	0.0	0.0	0.0	0.0	0.0	0.0	0.0	0.001250000125	0.0	0.0	0.0	0.0	0.0	0.0	0.0	0.0	0.0	0.0	0.0	0.0	0.0	0.2309600230960023	0.0	0.0	0.0	0.0457100045710004	0.0	0.0	0.0	0.0	0.0	0.0	0.0	0.0	0.0	0.0	0.004860000486	0.0	0.0	0.0	0.0230800023080002	0.0	0.0	0.0	0.0	0.0	0.0	0.0	0.0	0.0	0.0	0.0	0.0285300028530002	0.0	0.0129100012910001	2.273560227356022	0.0	0.0	0.0	0.0	0.0327200032720003	0.0	0.0	0.0	0.0	0.0	0.0	0.0	0.0	0.0	0.0	0.0
SRR8490405	0.0	0.0	0.0	0.0	0.0	0.0	0.0	0.0	0.0453407617247969	0.0	0.0	15.21552562083043	0.0	16.02280918319428	0.0	0.0	0.0	0.0	0.0	0.0	0.0	0.0	0.0	0.0	0.0020000336005643	0.0	0.0	0.0	0.2174636533893769	0.0135502276438244	0.1303121892447793	0.0	0.0	0.0	0.0	0.0	0.0	0.0	0.0	0.0	0.0	0.0	0.0	0.905025204423434	0.0	0.0	0.0	0.1743429289612065	0.0	0.0	0.0	0.0	0.0	0.0	0.0	0.0	0.0	0.0	0.0	0.0	0.0	0.0	0.0	0.0	0.0	0.0	0.0	0.0	0.0	0.0	0.0	0.0	0.0	0.0	0.0	1.874081484568941	0.0	0.0	0.0	0.0	0.0	0.0	0.0134402257957933	0.0	0.0566309513999835	0.0	0.0	0.0	0.0	0.0	0.0	0.0	5.351429904022389	0.0	0.0	0.0	0.0	0.0222603739742827	0.0	0.0	0.0	0.0858814428082391	0.0436307329963142	0.0	0.0	0.0	0.0	0.0062201044977554	0.6199304148309692	0.0	0.0	0.0	0.0	0.364686126726929	0.0	0.0	0.0	0.0	22.69542128307756	0.014360241252053	0.0	0.0	0.0	0.0	0.0	0.0	0.0	0.5737796394979437	0.0	0.0	0.0	0.0	0.0707611887879715	0.0105001764029635	0.0	0.0	0.0	0.0	0.0	0.0	0.0	0.0	0.0	0.014700246964149	0.0	0.0	0.0	0.0	1.275131422207893	0.0	0.0	0.0	0.0012100203283415	0.08684145893651	0.0	0.0	0.0	0.0	0.0	1.079418134224655	0.0045100757692729	0.0	0.0	0.0	0.1202620204019427	2.232537506630111	0.0	0.2761546393979418	0.0	0.0	0.0	0.0	0.0	0.0	0.0	0.0	0.0	0.522508778147473	0.0	0.0065901107138598	0.0	0.0	0.0	0.0	0.0	0.0	0.0	0.0	0.0	0.0	0.0	0.0	0.0	0.0	0.0	0.0	0.0	0.0	0.1746929348413053	0.0	0.0	1.169189642385992	0.0	0.0	0.0	0.0	0.0080601354102747	0.0	0.0	0.0	0.0	0.0	0.0	0.0	0.0	0.0	0.0	0.0	0.0	0.0	0.0	0.0	0.0	0.0	0.0	0.0	0.8610844662190327	0.0464107797010988	0.0	0.0	0.1274621413639749	0.0	0.0	10.64922890704564	0.0	0.0	0.0	0.0	0.0	0.9676762569611173	0.0	0.0	0.0	0.0	0.0	0.0	0.0	0.0	0.0	0.0	0.0	0.0	0.0	0.0	0.0	0.0	0.0	0.0	0.0	0.2257237921597083	0.0	0.0	0.0	0.0	0.0	0.0	0.0	0.0499708395101036	0.0	0.0	0.0	0.0	0.0	0.0	0.0	0.0	0.0	0.0	0.0	0.0	0.0063101060097808	5.570193579252132	0.0	0.0	0.117711977561223	1.126738929214011	0.0	0.0	0.0	0.0	0.0	0.0	0.0	0.0	0.0	0.0	0.0	0.0	0.0	0.0	0.0815613702310197	0.0	0.0	0.0	0.0	0.0	0.0	0.0	0.0	0.0	0.0	0.0	0.0274304608317418	0.0	0.3292755318289348	7.239241619259204	0.0	0.0	0.0	0.0	1.072788022838784	0.0	0.0	0.0	0.0	0.0	0.0	0.0	0.0	0.0	0.0	0.0
SRR8490406	0.0	0.0	0.0	0.0	0.0	0.0	0.00076	0.0	0.02532	0.00141	0.0	0.04337	0.0	3.685540000000001	0.0	0.0	0.0	0.0	0.0	0.0	0.0	0.02743	0.0	0.0	0.0	0.0	0.07599	0.0	0.04725	0.01607	0.00525	0.0	0.0	0.0	0.0	0.0	0.0	4.01341	0.0	0.0	0.0	0.0	0.0	3.02005	0.0	0.0	0.0	2.23553	0.0	0.0	0.0	0.0	0.0	0.0	0.0	0.0	0.0	0.0	0.0	0.0	0.0	0.0	0.0	0.0	0.0	0.0	0.0	0.0	0.0	0.0	0.0	0.0	0.0	0.0	0.0	0.0823	0.0	0.0	0.55825	0.0	0.0	0.0	0.30464	0.04669	1.59181	0.0	0.0	0.0	0.0	0.0	0.0	0.0	21.67001	0.0	0.0	0.0	0.0	0.62625	0.0	0.0	0.0	0.22248	0.02526	0.0	0.0	0.0	0.0	0.26342	0.0	0.0	0.0	0.0	0.1928	0.23342	0.0	0.0	0.0	0.07358	20.082	0.05492	0.0	0.0	0.0	0.0	0.00871	0.0	0.0	0.08656	0.0	0.0	0.0	0.0	0.00637	0.0	0.0	0.0	0.0	0.00854	2.34213	0.0	0.00342	0.02969	0.00718	0.04909	0.0	0.0	0.0	0.0	0.0	0.00011	0.06776	0.0	0.0	0.26843	0.0	0.0	0.0	0.0	0.0	0.0	0.0	0.0	0.0	0.0	0.00501	0.0	0.0	0.0	0.0	0.0	0.0	0.41281	0.0	0.0	0.0	0.0	0.0	0.0	0.0	0.0	0.0	0.0	0.00604	0.0	0.0	0.0	0.0	0.0	0.0	0.0	0.0	0.0	0.0	0.0	0.0	0.0	0.0	0.0	0.0	0.0	0.0	1.1692	0.0	0.93581	0.0	0.0	0.0483	0.0	0.0	0.0	0.0	0.0	0.0	0.0	0.02022	0.0	0.0	0.0	0.0	0.0	0.0	0.0	0.0	0.0	0.0	0.0	0.10319	0.0	0.0	0.0	0.04532	0.0	0.0	0.11589	0.0	0.0	0.0	0.0	0.0	0.02329	0.0	0.0	0.02246	0.0	0.0	0.0	0.0	0.0	0.0	0.0	0.0	0.0	0.19649	0.0	0.0	0.0	0.0	0.0	0.08869	0.02233	0.0	0.0	0.0	0.0	0.0	0.0	0.0	0.4330600000000001	0.0	0.0	0.0	0.0	0.0	0.0	0.0	0.0	0.0	0.0	0.0	0.0	0.00194	0.30507	0.0	0.0	1.5189	0.34761	0.0	0.0	0.0	0.0	0.0	0.01027	11.47652	0.0	0.0	0.0	0.34542	0.0	0.0	0.0	0.15606	0.0	0.0	0.0	0.0	0.18437	0.0	0.0	0.0	0.0	0.0	0.0	0.00183	0.0	0.0	19.2918	0.0	0.0	0.0	0.0	0.08521	0.4648799999999999	0.0	0.0	0.0	0.05881	0.0	0.0	0.0	0.0	0.0	0.0
SRR8490407	0.0017	0.0	0.0	0.0	0.0	0.01096	0.0	0.0	0.0891	0.0	0.0	0.0	0.0	0.04788	0.0	0.0	0.0	0.0	0.0	0.0	0.0	0.00153	0.0	0.0	0.0	0.0	0.0	0.0	0.0997199999999999	0.0	0.0	0.0	0.0	0.0	0.0	0.0	0.0	3.8634	0.0	0.0	0.0	0.0	0.0	0.93757	0.03531	0.0	0.0	0.17527	0.0	0.0	0.0	0.0	0.0	0.0	0.0	0.0	0.0	0.0	0.0	0.0	0.0	0.0	0.0	0.0	0.0	0.0	0.0	0.0	0.0	0.0	0.0	0.0	0.0	0.0	0.0	0.03041	0.0	0.0	0.42682	0.0	0.0	0.0	0.0	0.0	0.0084	0.0	0.0	0.0	0.0	0.0	0.0	0.0	28.24254	0.0	0.0	0.0	0.0	0.10883	0.0	0.0	0.0	0.0	0.0	0.0	0.02494	0.0	0.0	0.23619	0.0011	0.0	0.0	0.0	0.17168	0.02712	0.0	0.0	0.0	0.03388	5.98275	0.01792	0.0	0.0	0.0	0.0	0.0	0.0	0.0	0.44797	0.0	0.0	0.0	0.0	0.04832	0.0	0.0	0.0	0.0	0.0	5.59401	0.0	0.0	0.00248	0.0	0.07752	0.0	0.03427	0.00444	0.0	0.0	0.0	0.0	0.0	0.0	0.0	0.0	0.0	0.0	0.0	0.0	0.0	0.0	0.0	0.0	0.0	0.01105	0.6699	0.0	0.05226	0.0	0.0	0.0	0.00752	0.0	0.0	0.0	0.0	0.0	0.0	0.0	0.0	0.0	0.0	0.0	0.0	0.0	0.0	0.0	0.0	0.0	0.0	0.0	0.0	0.0	0.0	0.0	0.0	0.0	0.0	0.0	0.0	0.0	0.4302400000000001	0.0	3.629119999999999	0.0	0.0	0.0	0.0	0.0	0.0	0.0	0.0	0.0	0.0	0.0	0.0	0.0	0.0	0.0	0.0	0.0	0.0	0.03445	0.0	0.0	0.0	0.0	0.0	0.0	0.0	0.0	0.0	0.0	0.5809	0.0	0.0	0.0	0.0	0.0	0.0	0.0	0.0	0.0	0.0	0.0	0.0	0.0	0.0	0.0	0.0	0.0	0.0	18.8341	0.0	0.0	0.0	0.0	0.0	0.01141	0.12407	0.0	0.0	0.0	0.0	0.0	0.0	0.0	1.32856	0.0	0.0	0.0	0.0	0.0	0.0	0.0	0.0	0.0	0.0	0.0	0.0	0.14302	4.20264	0.0	0.0	0.00775	0.00557	0.0	0.0	0.0	0.0	0.0	0.00032	10.99421	0.11095	0.06427	0.0	0.0674	0.0	0.0	0.0	0.32439	0.0	0.36	0.0	0.0	0.0	0.0	0.0	0.0	0.0	0.0	0.0	0.0225	0.0	0.00136	7.29167	0.0	0.0	0.0	0.0	3.90634	0.0	0.0	0.0	0.0	0.0	0.0	0.0	0.0	0.0	0.0	0.0
SRR8490408	0.0	0.0	0.0	0.0	0.0	0.0	0.0	0.0	0.0062524578411773	0.0	0.0	0.3621223502959013	0.0	8.87306800303199	0.0	0.0	0.0	0.0	0.0	0.0	0.0	0.0	0.0	0.0	0.0010804247149554	0.0	0.0	0.0	0.0248997881067047	0.0525306497984357	0.1597427948926723	0.0	0.0	0.0	0.0	0.0	0.0	43.87472715524473	0.0	0.0	0.0	0.0	0.0095837673789566	0.0171967600463742	0.4117318517909389	0.0	0.0	0.2328115182078075	0.0	0.0	0.0	0.0	0.0	0.0	0.2932052589873079	0.0	0.0	0.0	0.0	0.0	0.0	0.0	0.0	0.0	0.0	0.0	0.0	0.0	0.0	0.0	0.0062824696388149	0.0	0.0	0.0	0.0	0.0	0.0	0.0	0.0	0.0	0.0	0.0	0.0	0.0	0.0	0.0	0.0	0.0	0.0	0.0	0.0	0.0	0.0	0.0	0.0359041139071769	0.0207481561001629	0.0	0.0048318994196618	0.0	0.0	0.0	1.246339936228932	0.0375747706423395	0.0311022262851526	0.0	0.0	0.0	0.0	0.5430434703882097	0.0	0.0	0.0	0.0084033033385423	0.2369731541468951	0.01290507298419	0.0	0.0	0.0448776414008346	6.665440184536542	0.0	0.0	0.0	0.0	0.0	0.0	0.0	0.0	0.5779171792431606	0.0	0.0	0.0	0.0	0.0	0.0	0.0	0.0	0.0	0.0	0.0	0.0	0.0	0.0002801101112847	0.0	0.0288013217995994	0.0	0.0	0.0529708228304546	0.0	0.0157862055574046	0.0	0.1240687714340507	0.0	0.0	0.0792011339657619	0.0	0.0	0.0	0.0	0.0	0.0	0.0	0.0	0.0	0.0	0.1046311304973985	0.0832727345119366	0.0	0.0529007953026334	0.0	0.0	0.0	0.0	0.0	0.0	0.0	0.0	0.0	0.2361328238130409	0.0	0.0001200471905506	0.0	0.0	0.0	0.0	0.0	0.0	0.0	0.0	0.0	0.0	0.0	0.0	0.0	0.0	0.0	0.0	0.3093416021838184	0.0	0.0466083217312725	0.0594133553900037	0.0	0.8899098235516382	0.0	0.0	0.0	0.0	0.0	0.0	0.0	0.0	0.0	0.0	0.0	0.0	0.0970481496276186	0.0	0.0	0.0	0.0	0.0	0.0	0.0	0.0	0.0	0.0	0.0	0.4889221953149783	0.0	0.0	0.0	0.2938755224678821	0.0	0.0	5.829211463026116	0.0	0.0	0.0	0.0	0.0	0.5692237618607874	0.0	0.0	0.0	0.0	0.0	0.0	0.0	0.0	0.0	0.0	0.0	0.0	20.18730562984309	0.0	0.0	0.0	0.0	0.0	0.0	0.0	0.0	0.0	0.0	0.0	0.0	0.0	0.0	0.0491693284630188	0.0	0.0	0.0	0.0	0.0	0.0	0.0	0.0	0.0	0.0	0.0	0.0	0.0	1.798907150400823	0.0	0.0	0.4780079049074191	0.6067485128403975	0.0	0.0	0.0	0.0	0.0	0.0	0.0	0.0056722297535161	0.0	0.0	0.0	0.0	0.0	0.0	0.0217385454222054	0.0	0.0	0.0	0.0	0.0	0.0	0.0	0.0	0.0	0.0	0.0	0.0	0.0	0.1964172116058822	3.432179189639445	0.0	0.0	0.0	0.0	0.070837846357403	0.0	0.0	0.0	0.0	0.0	0.0	0.0	0.0	0.0	0.0	0.0
SRR8490409	0.0	0.0	0.0	0.0	0.0	0.0	0.0	0.0	0.1267411907669507	0.0	0.0	0.0851643979003118	0.0	22.97140815175249	0.0	0.0	0.0	0.0	0.0	0.0	0.0	0.0004501818284404	0.0	0.0	0.0	0.0	0.0	0.0	0.0053821738600219	0.0005002020316004	0.0	0.0	0.0	0.0	0.0	0.0	0.0	17.99268724637882	0.0	0.0	1.62649694211492	0.0	0.0	0.0710086804060159	0.3930287443098268	0.0	0.0	0.0783716543111762	0.0	0.0	0.0	0.0	0.0	0.0	0.0	0.0	0.0	0.0	0.0	0.0	0.0	0.0	0.0	0.0	0.0	0.0	0.0	0.0	0.0	0.0	0.0	0.0	0.0	0.0	0.0	0.3175582617819336	0.0	0.0299220855303457	0.0221689540405369	0.0	0.0	0.0	0.0	0.0	0.0208584247177435	0.0	0.0	0.0	0.0	0.0	0.0	0.0	1.657469451911627	0.0	0.0	0.0	0.0	0.0618949993902536	0.0	0.0	0.0	0.3128563626848884	0.0	0.0	0.0	0.0	0.0	0.0	0.0437376656431531	0.0	0.0	0.0	0.0700683005866068	0.0005602262753925	0.0	0.0	0.0	0.0561826921893752	1.063869696970606	0.0558425548078868	0.0	0.0	0.0	0.0	0.0	0.0	0.0	0.1377656435434272	0.0	0.0	0.0	0.0	0.0104542224604517	0.0	0.0	0.0	0.0	0.0	0.1104246004961404	0.0	0.0	0.0	0.0	0.0201781499547667	0.0	0.0	0.0	0.0	0.0	0.0086835072685857	0.0383855039050272	0.0	0.0	0.1009707820988897	0.0	0.0	0.0	0.0	0.0	0.0	0.0	0.0	0.0	0.0	0.0	0.2049127642654869	0.0	0.1182077441078452	0.0	0.0	0.0	0.0	0.0	0.0	0.0	0.0	0.0	0.0387156372458836	0.0	0.0	0.0	0.0	0.0	0.0	0.0	0.0	0.0	0.0	0.0	0.0	0.0	0.0	0.0	0.0	0.0	0.0	0.0	0.0	0.0	0.0	0.0	0.3619862062286958	0.0	0.0	0.0	0.0	0.0	0.0	0.0	0.0	0.0	0.0	0.0	0.0	0.0	0.0	0.0	0.0	0.0	0.0	0.0	0.0	0.0	0.0	0.0	0.0	1.321273662432257	0.0001300525282161	0.0	0.0	6.269612296406518	0.0	0.0	1.404917446156503	0.0	0.0	0.0	0.0	0.0	1.706969444958819	0.0	0.0	0.0	0.0	0.0	0.0	0.0	0.0	0.0	0.0	0.0	0.0	24.36865249874424	0.0	0.0	0.0	0.0	0.0	0.0	0.0	0.0	0.0	0.0	0.0	0.0	0.0	0.0	0.0	0.0	0.0	0.0	0.0	0.0	0.0	0.0	0.0	0.0	0.0	0.0	0.0	0.0170969054401072	2.818528403622223	0.0	0.0	2.483473074774902	0.0952884870199072	0.0	0.0	0.0	0.0	0.0	0.0	0.0	0.0	0.0	0.0	0.072029092550481	0.0	0.0	0.0	0.0027611152144351	0.0	0.0	0.0	0.0	0.0	0.0	0.0	0.0	0.0	0.0	0.0	0.0340537543113662	0.0	0.0	11.1050453278079	0.0	0.0	0.0	0.0	0.014285770022512	0.0709686642434878	0.0	0.0	0.0	0.0	0.0	0.0	0.0	0.0	0.0	0.0
SRR8490410	0.0	0.0	0.0	0.0	0.0	0.0	0.0	0.0	0.0477644791523422	0.0	0.0	0.0222747329911531	0.0	9.400578321777148	0.0	0.0	0.0	0.0	0.0	0.0	0.0	0.0614357968380093	0.0	0.0	0.0	0.0	0.0	0.0	0.1597991748533488	0.3461096888378047	0.0	0.0	0.0	0.0	0.0	0.0	0.0	13.36983758775058	0.0	0.0	0.9839743111433658	0.0	0.0	0.8563352836077294	0.0903408685162774	0.0	0.0	0.5020328197758764	0.0	0.0	0.0	0.0	0.0	0.0	1.722786340741118	0.0	0.0	0.0	0.0	0.0	0.0	0.0	0.0	0.0	0.0	0.0	0.0	0.0	0.0	0.0	0.0	0.0	0.0	0.0	0.0	0.2624292058606985	0.0	0.0	0.0607747660927684	0.0	0.0	0.0	0.0	0.1721784779005903	0.1961358346069025	0.0	0.0	0.0	0.0	0.0	0.0	0.0	0.0	0.0	0.0	0.0	0.0	0.3233842530658055	0.0	0.0	0.0	0.1269379343209866	0.0	0.0	0.0023837169298086	0.0	0.0	0.0	0.0409738905875932	0.0	0.0	0.0	0.4951320594202539	0.1381053476686196	0.0	0.0	0.0	0.3941646208933589	5.350042320991121	0.2080343880212414	0.0	0.0	0.0	0.0	0.0	0.0	0.0	0.1104822750114253	0.0	0.0	0.0	0.0	0.1767756462652213	0.0	0.0	0.0	0.0	0.0	0.0	0.0	0.0	0.0	0.0	0.0166960341260126	0.0	0.1477303559440235	0.0	0.0	0.0	0.0	0.0044669653390531	0.0	0.0474539950144259	0.0423760770168924	0.0	0.0	0.0	0.0	0.0	0.0	0.0	0.0	0.0	0.0	0.0045771371299266	0.1097611505620714	0.0	0.28633648448025	0.070820430296962	0.0	0.0	0.0013120458731299	0.0	0.0	0.0	0.0	0.0	0.0276130570398422	0.0	0.0	0.0	0.0	0.0	0.0	0.0	0.0	0.0	0.0	0.0	0.0	0.0	0.0	0.0	0.0	0.0	0.0	0.0	0.0	0.0	0.0	0.0	0.970773727473249	0.0649012004418489	0.0505488207762363	0.0	0.0	0.0	0.0	0.0	0.0	0.0	0.0	0.0	0.0	0.0	0.0	0.0	0.0	0.0	0.0	0.0	0.0	0.0078822908561319	0.0	0.0	0.0	0.0	0.0325006783076851	0.0	0.0	0.1558129591471982	0.0	0.0	2.170474420764297	0.0	0.0	0.0	1.305505674999026	0.0	0.0	0.010736741801491	0.004016262558207	0.0	0.0	0.0	0.0	0.0	0.0	0.0	0.0	0.0	0.0	36.4895681836688	0.0	0.0	0.0	0.0	0.0	0.0	0.0	0.0	0.0	0.0	0.0	0.0	0.0	0.0	0.1215094697161283	0.0	0.0	0.0	0.0	0.0	0.0	0.0	0.0	0.0	0.0	0.0	0.0	0.0	4.922515678697793	0.0	0.0	0.0239273098542557	0.0224249672514351	0.0	0.0	0.0	0.0	0.0	0.0	0.0	0.0	0.0023536700777522	0.0	0.0	0.0	0.0	0.0	0.0006810619799453	0.0	4.285382196458937	0.0	0.0	0.0	0.0	0.0	0.0	0.0	0.0	0.0	0.0	0.0	0.0	12.81593388570798	0.0	0.0	0.0	0.0	0.1146087093605058	0.0265413859831635	0.0210528276741923	0.0	0.0	0.0	0.0	0.0	0.0	0.0	0.0	0.0
SRR8490411	0.0	0.0	0.0	0.0	0.0	0.0	0.0	0.0	0.0130100091070063	0.0	0.0	6.394204475943132	0.0	5.353023747116623	0.0	0.0	0.0	0.0	0.0	0.0	0.0	0.0640200448140313	0.0	0.0	0.0	0.0	0.0913400639380447	0.0	0.4258902981232087	0.0175300122710085	0.2572501800751261	0.0	0.0	0.0	0.0	0.0	0.0	20.96108467275927	0.0	0.0	0.0	0.0	0.0	0.1499701049790734	0.0	0.0	0.0	1.402200981540687	0.0	0.0	0.0	0.0	0.0	0.0	1.249030874321612	0.0	0.0	0.0	0.0	0.0	0.0	0.0	0.0	0.0	0.0	0.0	0.0	0.0	0.0	0.0	0.0	0.0	0.0	0.0	0.0	0.1210300847210593	0.0	0.0	0.1149000804300563	0.0	0.0	0.0	0.0	0.0	0.2096801467761027	0.0	0.0	0.0	0.0	0.0	0.0	0.0	0.0	0.0	0.0308500215950151	0.0033000023100016	0.0	0.2421301694911186	0.0	0.0	0.0	1.710001197000838	0.0808800566160396	0.212390148673104	0.0	0.0	0.0	0.0	0.5291803704262593	0.0	0.026570018599013	0.0	0.0	0.1539101077370754	0.0127100088970062	0.0	0.0	0.1414900990430693	0.7829505480653839	0.0026000018200012	0.0	0.0	0.0	0.0	0.0	0.0	0.0	1.050330735231514	0.0	0.0	0.0	0.0	0.7623205336243736	0.0	0.0	0.0	0.0	0.0	0.7805105463573825	0.0	0.0	0.0	0.0403600282520197	0.0	0.0	0.0	0.1099300769510538	0.0	0.0362900254030177	0.00020000014	0.0150200105140073	0.0	0.0049000034300024	0.2338101636671145	0.0	0.0	0.0	0.0	0.0	0.0	0.0	0.0	0.0	0.0	0.4385903070132148	1.113210779247546	0.0	0.2863102004171403	0.0	0.0	0.0	0.0	0.0	0.0	0.0	0.0	0.0	0.1603501122450785	0.0	0.0	0.0	0.0	0.0	0.0	0.0	0.0	0.0	0.0	0.0	0.0	0.0	0.0	0.0	0.0	0.0	0.0	0.0	0.0095500066850046	0.0222900156030109	0.0	0.0	0.2948502063951445	0.0	0.0	0.0	0.0	0.0083800058660041	0.0	0.0	0.0	0.0	0.0	0.0	0.0	0.0	0.0	0.0	0.0	0.0	0.0	0.0	0.0	0.0	0.0	0.0	0.0	1.129340790538553	0.0	0.0	0.0	0.7656605359623753	0.0	0.0	3.332932333052633	0.0	0.0	0.0	0.0	0.0	1.865591305913915	0.0	0.0	0.0	0.0	0.0	0.0	0.0	0.0	0.0	0.0	0.0	0.0	15.48396083877259	0.0	0.0	0.0	0.0	0.0	0.0	0.0	0.0	0.0	0.0	0.016470011529008	0.0	0.0	0.0	0.1480301036210725	0.0	0.0	0.0	0.0	0.0	0.0	0.0	0.0	0.0	0.0	0.0	0.0	0.0	1.830661281462897	0.0	0.0019200013440009	2.423951696766188	0.1565501095850767	0.0	0.0	0.0	0.0	0.0	0.0	0.0	0.0	0.0958800671160469	0.0	0.0	0.0	0.0	0.0	0.0	0.0	0.0	0.0	0.0	0.0	0.0	0.0	0.0	0.0089000062300043	0.0	0.0	0.0	0.0	0.0115500080850056	26.59850861895604	0.0	0.0	0.0	0.0	0.0	0.0096900067830047	0.0	0.0	7.00000490000343e-05	0.0	0.0	0.0	0.0	0.0	0.0	0.0
SRR8490412	0.0	0.0	0.0	0.0	0.0	0.0	0.0	0.0	0.0549028121003873	0.0	0.0	0.0	0.0	0.2630784802524767	0.0	0.0	0.0	0.0	0.0	0.0	0.0	0.0195437173413208	0.0	0.0	0.0	0.0	0.0	0.0	0.0999335413386203	0.0	0.0141316110006473	0.0	0.0	0.0	0.0	0.0	0.0	38.06870588820133	0.0	0.0	1.199553280733674	0.0	0.0	1.146865423265302	0.0	0.0	0.0	0.2955310734582187	0.0	0.0	0.0	0.0	0.0	0.0	0.0	0.0	0.0	0.0	0.0	0.0	0.0	0.0	0.0	0.0	0.0	0.0	0.0	0.0	0.0	0.0	0.0	0.0	0.0	0.0	0.0	2.1918730007153	0.0	0.4686382970065741	0.0808007431824247	0.0	0.0	0.0	0.0	0.2948996610518067	0.0154746151666663	0.0	0.0	0.0	0.0	0.0	0.0	0.0	1.602153857964882	0.0	0.008318607893998	0.0	0.0	0.129389431218693	0.0	0.0	0.0	1.357075642504719	0.001673743997949	0.0150636959815411	0.0	0.0	0.0	0.0	0.0650655451178741	0.0	0.0	0.0	0.0025056047873488	0.1864270185979016	0.0022951339852115	0.0	0.0	0.0520263778045109	5.91399902441772	0.0139311626176594	0.0	0.0	0.0	0.0	0.0	0.0	0.0	0.1837410102658636	0.0	0.0	0.0	0.0	0.0984001112087628	0.0	0.0	0.0	0.0	0.0	0.4724768835407924	0.0	0.0	0.0	0.0	0.0199947262030435	0.0	0.0	0.0258177517288422	0.0	0.0	0.0113754457345636	0.0561155248174641	0.0	0.0	0.0	0.0	0.0	0.0	0.0	0.0	0.0	0.0	0.0	0.0	0.0	0.1039425089983784	0.0	0.0	0.0991217253875193	0.0	0.0	0.0	0.0004109191851252	0.0	0.0	0.0	0.0	0.0	0.1505267132047677	0.0	0.0	0.0	0.0	0.0	0.0	0.0	0.0	0.0	0.0	0.0	0.0	0.0	0.0699063735670321	0.0	0.0	0.0	0.0	0.0	0.0	0.0	0.0	0.0	0.0522268261874988	0.0	0.0	0.0	0.0	0.0	0.0	0.0	0.0	0.0	0.0	0.0	0.0	0.0	0.0	0.0	0.0	0.0	0.0	0.0	0.0	0.0	0.0	0.0	0.0	0.0	0.0	0.0	0.0	3.847807159835837	0.0	0.0	3.084309291454054	0.0	0.0	0.0	0.0	0.0	0.0	0.0	0.0	0.0	0.0	0.0	0.0	0.0	0.0	0.0	0.0	0.0	0.0	24.54752034826704	0.0	0.0	0.0	0.0	0.0	0.0	0.0	0.0	0.0	0.0	0.0	0.0	0.0	0.0	0.0497312438192993	0.0	0.0	0.0	0.0	0.0	0.0	0.0	0.0	0.0	0.0	0.0	0.0	0.0	4.612096799330422	0.0	0.0	1.156486945648722	0.0	0.0	0.0	0.0	0.0	0.0	0.0	0.0	0.0003006725744818	0.0	0.0	0.4810460519135254	0.0	0.0	0.0	0.0085391011152847	0.0	5.250665213014994	0.0	0.0	0.0	0.0	0.0	0.0	0.0	0.0	0.0	0.0	0.0	0.0	1.653408509494889	0.0	0.0	0.0	0.0	0.0408614028720845	0.3593137489249703	0.0	0.0	0.0	0.0	0.0	0.0	0.0	0.0	0.0	0.0
SRR8490413	0.0	0.0	0.0	0.0	0.0	0.0	0.0	0.0	0.1680188488363452	0.0	0.0	1.795608305946131	0.0	11.94174039682614	0.0	0.0	0.0	0.0	0.0	0.0	0.0	0.0	0.0	0.00035006010532	0.0	0.0	0.0	0.0097916812316674	0.0118420332771136	0.0271646641728384	0.0175930207216579	0.0	0.006541123110838	0.0	0.0	0.0	0.0	6.359041847485214	0.0	0.0	0.568037532044252	0.0	0.0	0.127801943593715	0.0894853646371082	0.0	0.0	0.0980268312069182	0.0	0.0	0.0	0.0	0.0	0.0	0.0	0.0	0.0	0.0	0.0	0.0	0.0	0.0	0.0	0.0	0.0	0.0	0.0	0.0	0.0	0.0	0.0	0.0	0.0	0.0	0.0	1.629559795416873	0.0	0.0	0.0	0.0	0.0	0.0	0.0	0.0328456395963186	0.0648411332225743	0.0	0.0	0.0	0.0	0.0	0.0	0.0	0.0323655571661654	0.0	0.0	0.0037306405509826	0.0	0.0587100805208254	0.0	0.0	0.0	0.2488927348825793	0.0486783580740813	0.0	0.0	0.0	0.0	0.0	0.041717162836859	0.0	0.0	0.0	0.0140024042128033	0.0692118836804279	0.0	0.0	0.0	0.0354260826583924	18.79181655490248	0.0	0.0	0.0	0.0	0.0	0.0	0.0	0.0	0.4380952209494371	0.0	0.0	0.0	0.0	0.0454878102570211	0.0	0.0	0.0	8.001373835887623e-05	0.0	0.0	0.0	0.0017803056784849	0.0	0.0166628610132359	0.0	0.0	0.1204806865338778	0.0304952360320267	0.0	0.0	0.0	0.064431062813485	0.0	0.0	0.2283492075589379	0.0	0.0	0.0	0.0	0.0	0.0	0.0	0.0	0.0	0.0	0.0	0.0245742193934698	0.0	0.1363534118808199	0.0	0.0	0.0	0.047988239580736	0.0	0.0	0.0	0.0	0.0	0.1466951875637047	0.0	0.0080813875742465	0.0	0.0	0.0	0.0	0.0	0.0131022496562659	0.0	0.0	0.0	0.0	0.0	0.0	0.0	0.0	0.0	0.0	0.0	0.0049508500609554	0.0	0.0	0.0	0.3390682180130328	0.0	0.0	0.0	0.0	0.0	0.0	0.0	0.0	0.0	0.0	0.0	0.0	0.0	0.0	0.0	0.0	0.0	0.0	0.0	0.0	0.0	0.0	0.0	0.0	0.1832414625591214	0.0037606457028671	0.0	0.0	1.324317385295055	0.0	0.0	1.772014254847558	0.0	0.0	0.0	1.192554761652576	0.0	0.0670815178966228	0.0	0.0	0.0	0.0	0.0	0.0	0.0	0.0	0.0	0.0	0.0	0.0	9.940066709454014	0.0	0.0	0.0	0.0	0.0	0.0	0.0	0.0	0.0	0.0	0.0	0.0	0.0	0.0	0.0019303314379078	0.0	0.0	0.0	0.0	0.0	0.0	0.0	0.0	0.0	0.0	0.0	0.0	0.0	1.012643870952643	0.0	0.0	13.45916093793304	0.1830914367996985	0.0	0.0	0.0	0.0	0.0	0.0	0.0	0.0	0.0	0.0	0.7282350379560172	0.0	0.0	0.0	0.0321155142337939	0.0	0.0	0.0	0.0	0.0	0.0	0.0	0.0	0.0	0.0	0.0	0.0	0.0	0.0	25.51912163318442	0.0	0.0	0.0	0.0	0.0434074530596903	0.5722182498735032	0.0	0.0	0.0	0.0	0.0	0.0	0.0	0.0055209479467624	0.0	0.0
SRR8524508	0.0	0.0	0.0	0.0	0.0	0.0063099993689999	0.0	0.0	0.8451699154830082	0.0	0.0	0.8665499133450086	0.0	0.0	0.0	0.0	0.0	0.0	0.0	0.0	0.0	0.0	0.0	0.0	0.0	0.0	0.0	0.0	0.5606599439340056	0.0	0.0	0.0	0.0	0.0	0.0	0.0	0.0	12.44693875530612	0.0	0.0	0.0	0.0	0.0	0.202039979796002	0.0	0.0	0.0	1.172409882759012	0.0	0.0	0.0	0.0	0.0	0.0	0.0	0.0	0.0	0.0	0.0	0.0	0.0	0.0	0.0	0.0	0.0	0.0	0.0	0.0	0.0	0.0	0.0	0.0	0.0	0.0	0.0	1.466349853365015	0.0	0.0104199989580001	0.0	0.0	0.0	0.0	0.0	0.0	0.1640799835920016	0.0	0.0	0.0	0.0	0.0	0.0	0.0	0.1580599841940016	0.0	0.0	0.0	0.0	0.3163699683630031	0.0	0.0	0.0	0.1182199881780012	0.2448599755140024	0.0	0.0	0.0	0.0	0.0	0.3815299618470037	0.0	0.0	0.0	1.063729893627011	0.3945499605450039	0.0	0.0	0.0	0.5367999463200054	6.472039352796063	0.0349499965050003	0.0	0.0298299970170002	0.0	0.0	0.0	0.0	0.0	1.086599891340011	0.0	0.0	0.0	0.0	0.4250699574930042	0.0	0.0	0.0	0.0	0.0	0.0823899917610007	0.0	0.0064599993539999	0.0	0.0	0.0	0.0	0.0	0.0	0.0	0.1197099880290012	0.0	0.0	0.0	0.1947499805250019	0.0	0.0	0.0	0.4464099553590044	0.0	0.0	0.0	0.0	0.0	0.0	0.0	0.0	2.02489979751002	0.0	0.0	0.0	0.0	0.0	0.0	0.0	0.0	0.0	0.0	0.0	0.0	0.0	0.0	0.0	0.0	0.0	0.0	0.0	0.0	0.0380599961940002	0.0	0.0	0.0	0.0	0.0	0.0	0.0	0.0	0.0	0.0	0.0	0.0	0.0	0.0	0.4372299562770044	0.0	0.0	0.0	0.0	0.0	0.0	0.0	0.0	0.0	0.0	0.0	0.0	0.0	0.0	0.0	0.0	0.0	0.0	0.0	0.0	0.0103599989640001	0.0	0.0	0.0	0.0	0.0	0.0	0.0	0.0531799946820004	0.0	0.0	0.0	0.0	0.0	0.0	0.0	0.0	1.665849833415017	0.0	0.0	0.0	0.0	0.0	0.0	0.0	0.0	0.0	0.0	0.0	0.0	31.44185685581431	0.0	0.0	0.0	0.0	0.0	0.0	0.0	0.0	0.0	0.0	0.0	0.0	0.0	0.0	0.0	0.0	0.0	0.9663199033680095	0.0	0.0	0.0	0.0	0.0	0.0	0.0	0.0	0.0	0.0336799966320003	11.93478880652112	0.0	0.0	0.3427099657290034	0.3001499699850029	0.0	0.0	0.0	0.0	0.0	0.0180799981920001	0.0	0.8179399182060083	0.0	0.0	0.2410299758970023	0.0	0.0029799997019999	0.0	0.0785399921460006	0.0	0.0	0.0	0.0	0.0	0.0	0.0	0.0	0.0	0.0	0.0	0.0	0.0	0.8312899168710083	18.59902814009719	0.0	0.0	0.0	0.0	0.308769969123003	0.0	0.0	0.0	0.0	0.0	0.0	0.0	0.0	0.0	0.0	0.0
SRR8524509	0.0	0.0572034236193868	0.0	0.0	0.0	0.0	0.1441369800825161	0.0	0.0539435406321344	0.0	0.0	0.5649226760770629	0.0	7.744308419836419	0.0802332431231765	0.0	0.0	0.0	0.0	0.0	0.0	0.4916104152960531	0.0	0.0	0.0	0.0	0.000551672505535	0.0	0.8624446735167006	0.0215453189434408	0.1830349069273316	0.0	0.0	0.0	0.0	0.0	0.0	13.06489885385523	0.0	0.0	2.165836165502955	0.0	0.0481559945286124	6.178722031583151	0.1829346028354161	0.0	0.0	7.893430513287133	0.0	0.0	0.0	0.0	0.0	0.0	0.0467216460142213	0.0	0.0	0.0	0.0	0.0	0.0	0.0	0.0	0.0	0.0	0.0	0.0	0.5924461188986652	0.0	0.0	0.0538833581769851	0.0	0.0	0.0	0.0	2.021919854422653	0.0	0.0	0.9223362467994218	0.0	0.0	0.0	0.0	0.0	0.2709514434912323	0.0	0.0	0.0	0.0001705169562562	0.0	0.0	0.4117583277221553	4.649455755012473	0.0	0.0	0.0	0.0	0.9345833764222996	0.0	0.0174729728116731	0.0	0.1815203151394081	0.3577846958624462	0.0012838923765178	0.0	0.0	0.0	0.0	0.0175030640392477	0.0	0.0	0.0	0.0135009307718209	0.0516465769272703	0.3005411506062931	0.0	0.0	0.0322979175967781	5.474055694649469	0.0	0.0	0.0	0.0	0.0	0.0	0.0	0.0	0.9605721666375951	0.0	0.0	0.0	0.0	0.5327050017538171	0.0	0.0	0.0	0.0	0.0	1.388770335024694	0.0	0.0	0.0	0.0	0.0	0.0	0.0	0.0802833951691342	0.0	0.0032398221688693	0.0	0.1687616346477616	0.0	0.2270082208230693	0.2529769502199819	0.0	0.0	0.0	0.0	0.0	0.0	0.0	0.0	0.0	0.0	0.0	0.4064723020782106	0.0	0.0	0.0	0.0	0.0	0.0	0.0	0.0	0.0	0.0	0.0	0.1592026546882183	0.0	0.0	0.0	0.0	0.0	0.0	0.0	0.0	0.0	0.0	0.0	0.0	0.0	0.0	0.0	0.0	0.0	0.0	0.0	0.0	0.0	0.0	0.0	1.363904950638852	0.0	0.0	0.0	0.0	0.0	0.0	0.4754313652700894	0.0	0.0	0.0	0.0	0.0	0.0	0.0	0.0	0.0	0.0	0.0	0.0	0.0	0.0	0.0	0.0	0.0	0.3421372575236344	0.0	0.0	0.0	2.502737549428603	0.0	0.0	1.828523534800454	0.0	0.0	0.0	0.6349951146892033	0.0	0.0	0.0	0.0	0.0	0.0	0.0	0.0	0.0	0.0	0.0	0.0	0.0	0.0	4.622704653698618	0.0	0.0	0.0	0.0	0.0	0.0	5.950821104342034	0.0	0.0	0.0	0.0	0.0	0.0	0.0	0.0024775110703118	0.0	0.0	0.0	0.0	0.0	0.0	0.0	0.0	0.0	0.0	0.0	0.0	0.0	0.6614653645456933	0.0	0.0	5.179472607102955	0.2429866626652021	0.0	0.0	0.0	0.0	0.0	0.0	0.0	0.00622888410795	0.0	0.0	0.0184459225032531	0.0	0.0	0.0	0.5332767350777352	0.0	0.0	0.0	0.0	0.0	0.0	0.0	0.0	0.0	0.0	0.0	0.0161188675708144	0.0	0.0	14.92648261735102	0.0	0.0	0.0	0.0	0.3896513058639879	0.0	0.0	0.0	0.0074726548477017	0.0	0.0	0.0	0.0	0.0053161168715193	0.0	0.0196094499694724
SRR8524510	0.0	0.0	0.0	0.0	0.0	0.0006805338107211	0.003182496350137	0.0	0.1101163752847733	0.0	0.0	0.0	0.0	4.622635995675008	0.0	0.0	0.0	0.0	0.0	0.0	0.0	0.6408526848459932	0.0	0.0024319075883122	0.0	0.0	0.0260504339603985	0.003182496350137	0.3305392750073158	0.0194352450061828	0.0122796321434533	0.000860675113559	0.0	0.0	0.0	0.0	0.0	12.15641549231217	0.0	0.0	0.0	0.0	0.0417627587079305	4.123264288507905	0.0	0.0	0.0	10.2131712114983	0.0	0.0	0.0	0.0	0.0	6.004710094598203e-05	0.0	0.0	0.0	0.0	0.0	0.0	0.0	0.0	0.0	0.0	0.0	0.0	0.0	0.0	0.0	0.0	0.0	0.0	0.0	0.0	0.0	1.350849606431285	0.0	0.0	0.0	0.0	0.1813122213063927	0.0	0.0001801413028379	0.0	0.822755369311688	0.0	0.0	0.0	0.0	0.0	0.0	0.0	0.0	0.0	0.0040331636135384	0.0037829673595968	0.0	0.4230518418647587	0.0	0.0	0.0	0.1360467150432799	0.1197739506869188	0.0278618548389356	0.0	0.0	0.0	0.0	0.2364354599748042	0.0350174677016651	0.0001501177523649	0.0	0.2660687042916463	0.1019299538558045	0.2771974336669683	0.0	0.0	0.0148816731844458	4.175385172129018	0.014191131523567	0.0	0.0	0.0	0.0007305730615094	0.0	0.0	0.0	0.1345255218193151	0.0	0.0	0.0	0.0	0.8916694254973603	0.0	0.0	0.0	0.0003402669053605	0.0	1.41460961978576	0.0	0.0551632700690421	0.0	0.062248827980668	0.0	0.0	1.387478338008334	0.0246493349383256	0.0	0.0053141684337194	0.011068682274376	0.0403116204350692	0.0	0.1602256810241953	0.0159525131513158	0.0	0.0	0.0	0.0	0.0175737848768574	0.0034126769037633	0.0	0.0	0.0	0.0	0.0758695120452482	0.0722066388875433	0.0	0.0	0.0	0.0	0.0	0.0	0.0	0.0	0.0145814376797159	0.0	0.0	0.0627392126383935	0.0	0.0060447414952288	0.0	0.0	0.0	0.0	0.0	0.0	0.0	0.0	0.0	0.0	0.006395016250747	0.0239087540266585	0.0	0.0	0.0	0.0	0.0007605966119824	0.000920722214505	0.0023918761876816	0.0	0.0	1.882456598956221	0.0	0.0	0.0	0.0	0.0	0.0	0.0	0.0	0.0	0.0	0.0	0.0	0.0145814376797159	0.0	0.0	0.0	0.0	0.0	0.0	0.0	0.0	0.0	0.0	0.0	0.1135890992894826	0.0	0.0	0.0	1.757788809542205	0.0	0.0	0.1020400402075387	0.0	0.0	0.0	0.0	0.0	0.0	0.0	0.0	0.0045535718217369	0.0	0.0023218212365779	0.0	0.0	0.0	0.0	0.0	0.0	0.6259009567104437	6.697113215606322	0.0	0.0	0.0	0.0	0.0	0.0	0.0	0.0	0.0	0.0	0.0254799865014117	0.0	0.0	0.0	0.001901491529956	0.0	0.0	0.0	0.0	0.0	0.0140910530219904	0.0	0.0	0.0	0.0	0.0	0.0	0.2225345561058094	2.099787072980046	0.0	0.0	2.73262346984975	0.3047290294507011	0.0	0.0	0.0	0.0	0.0	0.0	0.0	0.1234068002941507	0.0	0.0	0.1889181874262171	0.0329258270187134	0.0	0.0	0.0	0.0	0.0113989413295789	0.0	0.0	0.0	0.0	0.0	0.0	0.0	0.0	0.0	0.0246293192380102	0.0	0.0	37.81328073741042	0.0	0.0	0.0	0.0	0.0438644072410398	0.1650694805005046	0.0	0.0	0.0040131479132231	0.0	0.0	0.0	0.0	0.002081632832794	0.0	0.0
SRR8524511	0.0	0.0	0.0	0.0	0.0	0.0034699993060001	0.0	0.0	1.436119712776057	0.0	0.0	0.0	0.0	0.0	0.0	0.0	0.0	0.0	0.0	0.0	0.0	1.795639640872072	0.0	0.0	0.0	0.0	0.0	0.0	5.040308991938201	0.0	0.0	0.0	0.0	0.0	0.0	0.0	0.0	3.045399390920122	0.0	0.0	0.0	0.0	0.0	20.55241588951682	0.0	0.0	0.0	28.92110421577915	0.0	0.0	0.0	0.0	0.0	0.0	0.0	0.0	0.0	0.0	0.0	0.0	0.0	0.0	0.0	0.0	0.0	0.0	0.0	0.0	0.0	0.0	0.0	0.0	0.0	0.0	0.0	0.0721799855640028	0.0	0.0	0.4992499001500199	0.0	0.0	0.0	0.0	0.0	0.0	0.0	0.0	0.0	0.0	0.0	0.0	0.0	0.0	0.0	0.0	0.0	0.0	1.305679738864052	0.0	0.0	0.0	0.0	0.1469399706120058	0.0	0.0	0.0	0.0	0.0	0.0452099909580018	0.0	0.0	0.0	0.8678698264260346	0.226349954730009	0.0	0.0	0.0	0.1233499753300049	2.153259569348086	0.0	0.0	0.0	0.0	0.0	0.0	0.0	0.0	0.1193099761380047	0.0	0.0	0.0	0.0	3.718929256214149	0.0	0.0	0.0	0.0	0.0	0.0	0.0	0.0	0.0	0.0	0.0	0.0	0.0	0.0	0.0	0.0	0.0	0.0	0.0	0.0319599936080012	0.0	0.0	0.0	0.0	0.0	0.0	0.0	0.0	0.0	0.0	0.0	0.0	1.689709662058067	0.0	0.6385398722920256	0.0	0.0	0.0	0.0933699813260037	0.0	0.0	0.0	0.0	0.0	0.0	0.0	0.0	0.0	0.0	0.0	0.0	0.0	0.0	0.0	0.1215899756820048	0.0	0.0	0.0	0.0	0.0	0.0	0.0	0.0	0.0	0.0	0.0	0.0	0.0	1.25855974828805	0.0	0.0	0.0	0.0	0.0	0.0	0.0	0.0	0.0	0.0	0.0	0.0	0.0	0.0	0.0	0.0	0.0	0.0	0.0	0.0	0.0	0.0	0.0	0.0	0.0	0.0	0.0	0.0	0.0	0.0	0.0	0.2310099537980092	0.0	0.0	0.0	0.0	0.0	6.694308661138266	0.0	0.0	0.0	0.0	0.0	0.0	0.0	0.0	0.0	0.0	0.0	0.0	1.676159664768067	0.0	0.0	0.0	0.0	0.0	0.0	0.0	0.0	0.0	0.0	0.0	0.0	0.0	0.0	0.0	0.0	0.0	0.0	0.0	0.0	0.0	0.0	0.0	0.0	0.0	0.0	0.0	0.0	6.474228705154259	0.0353899929220014	0.0	0.000739999852	0.0	0.0	0.0	0.0	0.0	0.0	0.0	0.0	0.0	0.0	0.0	0.0	0.0	0.0	0.0	0.9402698119460376	0.0	0.0	0.0	0.0	0.0	0.0	0.0	0.0	0.0	0.0	0.0	0.0	0.0	0.0	10.0002179999564	0.0	0.0	0.0	0.0	0.0411599917680016	0.0	0.0	0.0	0.0	0.0	0.0	0.0	0.0	0.0	0.0	0.0
SRR8524512	0.0	0.0	0.0	0.0	0.0	0.0177199964560007	0.0	0.0	0.5276798944640212	0.0	0.0	1.462519707496058	0.0	10.74526785094643	0.0	0.0	0.0	0.0	0.0	0.0	0.0	0.475409904918019	0.0	0.0	0.0	0.0	0.0	0.0	0.4793199041360192	0.3641599271680146	0.0182499963500007	0.0	0.0	0.0	0.0	0.0	0.0	3.346709330658134	0.0	0.0	0.899859820028036	0.0	0.0090199981960003	0.799589840082032	0.1559699688060062	0.0	0.0	3.73281925343615	0.0	0.0	0.0	0.0	0.0	0.0	0.1366899726620055	0.0	0.0	0.0	0.0	0.0	0.0	0.0	0.0	0.0	0.0	0.0	0.0	0.0	0.0	0.0	0.001989999602	0.0	0.0	0.0	0.0	0.4930799013840197	0.0	0.0	0.1619399676120065	0.0	0.0	0.0	0.0	0.0	4.952289009542199	0.0	0.0	0.0	0.0	0.0	0.0	0.0	0.2371899525620095	0.0	0.003069999386	0.001619999676	0.0	0.3530599293880141	0.0	0.0	0.0	0.2559999488000103	0.0146099970780005	0.0158299968340006	0.0	0.0	0.0	0.0	0.0478999904200019	0.0	0.0	0.0	0.0070599985880002	0.1669899666020066	0.1420399715920056	0.0	0.0	0.0535299892940021	5.109278978144205	0.1267699746460051	0.0	0.0	0.0	0.0	0.0	0.0	0.0	0.1302199739560052	0.0	0.0	0.0	0.0	1.044359791128042	0.0	0.0	0.0	0.0	0.0	0.5063798987240203	0.0	0.0055699988860002	0.0	0.001119999776	0.0	0.0	0.0	0.0907899818420036	0.0	0.0	0.0	0.1489499702100059	0.0048499990300001	0.0043099991380001	0.0488299902340019	0.0	0.0	0.0	0.0	0.0	0.0	0.0	0.0	0.0	0.0	0.0	0.7715598456880309	0.0	0.0594399881120023	0.0	0.0	0.0	0.0	0.0	0.0	0.0	0.0	0.0	0.075429984914003	0.0	0.0074499985100001	0.0	0.0	0.0	0.0	0.0	0.0	0.0	0.0	0.0	0.0	0.0	0.0	0.0	0.0	0.0	0.0	0.0	0.0	0.0	0.0	0.0	1.75582964883407	0.0	0.0	0.0	0.0	0.0	0.199169960166008	0.0	0.0	0.0	0.0	0.0	0.0	0.0	0.0	0.0	0.0	0.0	0.0	0.0	0.0	0.0	0.0	0.0	0.0	0.4299099140180172	0.7631398473720307	0.0	0.0	4.364439127112175	0.0	0.0	1.651929669614066	0.0	0.0	0.0	0.0	0.0	0.0	0.0	0.0	0.0	0.0	0.0	0.0	0.0	0.0	0.0	0.0	0.0	4.511379097724181	3.434289313142137	0.0	0.0	0.0	0.0	0.0	0.0	0.0	0.0	0.0	0.0	0.0	0.0	0.0	0.0	0.0062799987440002	0.0	0.0	0.0094899981020003	0.0	0.0	0.0	0.0	0.0	0.0	0.0	0.0	0.0	0.0061899987620002	1.109929778014045	0.0	0.0	2.476989504602099	0.0727599854480029	0.0	0.0	0.0	0.0	0.0	0.0	8.789868242026353	0.0	0.1475699704860059	0.0	0.3138799372240126	0.0	0.0	0.0	0.3169999366000127	0.0	0.0	0.0	0.0	0.0	0.0	0.0	0.0	0.0	0.0	0.0	0.0	0.0	0.0	31.23339375332125	0.0	0.0	0.0	0.0	0.0025199994960001	0.1851299629740074	0.0	0.0	0.0044199991160001	0.0	0.0	0.0	0.0	0.0	0.0	0.0
SRR8524513	0.0	0.10276	0.0	0.0	0.0	0.0	0.0	0.0	0.08195	0.0	0.0	0.0	0.0	4.97493	0.03665	0.0	0.0	0.0	0.0	0.0	0.0	0.20338	0.0	0.0	0.0	0.0	0.0	0.0	0.1667	0.18483	0.0	0.0	0.0	0.0	0.0	0.0	0.0	5.3455	0.0	0.0	0.94441	0.0	0.0	4.24172	0.08391	0.0	0.0	0.90414	0.0	0.0	0.0	0.0	0.0	0.0	0.04517	0.0	0.0	0.0	0.0	0.0	0.0	0.0	0.0	0.0	0.0	0.0	0.00015	0.0	0.0	0.0	0.0	0.0	0.0	0.0	0.0	0.33371	0.0	0.1115399999999999	0.20354	0.0	0.0	0.0	0.0	0.0	0.29843	0.0	0.0	0.0	0.0	0.0	0.0	0.0	9.78174	0.0	0.0	0.0	0.0	0.16352	0.0	0.0	0.0	0.18493	0.0	0.0	0.0	0.0	0.0	0.0	0.0	0.0	0.0	0.0	0.0	0.00046	0.0	0.0	0.0	0.0	2.60817	0.13152	0.0	0.0	0.0	0.0	0.0	0.0	0.0	0.01906	0.0	0.0	0.0	0.0	0.2347799999999999	0.0	0.0	0.0	0.0	0.0	0.0146	0.0	0.0	0.0	0.0	0.1966299999999999	0.0	0.0	0.0	0.0	0.0	0.0	0.0487	0.0	0.0	0.0	0.0	0.0	0.0	0.0	0.02755	0.0	0.0	0.0	0.0	0.0	0.0	0.08772	0.0	0.346	0.0	0.0	0.0	0.0	0.0	0.0	0.0	0.0	0.0	0.02903	0.0	0.0	0.0	0.0	0.0	0.0	0.0	0.0	0.0	0.0	0.0	0.0	0.0	0.0	0.0	0.0	0.0	0.0	0.0	0.0	0.0	0.0	0.0	0.22615	8.51342	0.0	0.0	0.0	0.0	0.0	0.0	0.0	0.2379	0.0	0.0	0.0	0.0	0.0	0.0	0.0	0.0	0.0	0.0	0.0	0.0	0.0	0.0	0.0	0.16062	0.0	0.0	0.0	0.01082	0.0	0.0	2.86113	0.0	0.0	0.0	0.0	0.0	0.0	0.0	0.0	0.0	0.0	0.0	0.0	0.0	0.0	0.0	0.0	0.0	0.0	4.71245	0.0	0.0	0.0	0.0	0.0	0.0	0.0	0.0	0.0	0.0	0.0	0.0	0.0	0.0	0.0	0.0	0.0	0.0	0.0	0.0	0.0	0.0	0.0	0.0	0.0	0.0	0.0	0.00955	0.82996	0.0	0.0	0.8205	0.0	0.0	0.0	0.0	0.0	0.0	0.0	35.48436	0.11485	0.0259799999999999	0.0	0.0568799999999999	0.0	0.0	0.0	1.94872	0.0	0.38149	0.0	0.0	0.0	0.0	0.0	0.0	0.0	0.0	0.0	0.0	0.0	0.0	11.27644	0.0	0.0	0.0	0.0	0.19095	0.0	0.0	0.0	0.0	0.0	0.0	0.0	0.0	0.0	0.0	0.0
SRR8524514	0.0	0.0	0.0	0.0	0.0	0.0	0.0867446197777533	0.0	0.0891455780001798	0.0	0.0	3.725766953591178	0.0	5.794122434263515	0.0	0.0	0.0	0.0	0.0	0.0	0.0	0.6163960036450548	0.0	0.0	0.0	0.0	0.0177370788681762	0.0	0.223109042818989	0.0	0.0081732619488437	0.0	0.0004201676889246	0.0	0.0	0.0	0.0	5.625225027308399	0.0	0.0	3.415513131290698	0.0	0.0	2.221186475522382	0.0865945598888516	0.0	0.0	6.205906777394858	0.0	0.0	0.0	0.0	0.0	0.0	0.1743695909037297	0.0	0.0	0.0	0.0	0.0	0.0	0.0	0.0	0.0	0.0	0.0	0.0084033537784929	0.0	0.0	0.0	0.0	0.0	0.0	0.0	0.0	0.2692174446821727	0.0	0.0	0.1593936139913439	0.0	0.0	0.0	0.0	0.0	0.6834427620063168	0.0	0.0	0.0	0.0	0.0	0.0	0.0153161126605628	5.970502827678527	0.0	0.0	0.0	0.0	0.3579028390230541	0.0	0.0	0.0	0.02018805705357	0.0314825646915684	0.0008903553408164	0.0	0.0	0.0121048310380672	0.0	0.0009003593334099	0.0	0.0143457253789987	0.0	0.0	0.376240157446837	0.0	0.0	0.0	0.1022207963198112	4.467072808757976	0.0	0.0	0.0	0.0	0.0	0.0	0.0	0.0	0.0028611418817249	0.0	0.0	0.0	0.0	0.3987491407820861	0.0	0.0	0.0	0.0	0.0	0.5186369880219195	0.0	0.0	0.0	0.0	0.0	0.0	0.0	0.0489295277745347	0.0	0.0	0.0	0.0789715175326472	0.0	0.0546017915750175	0.0837034060293463	0.0	0.0	0.0	0.0	0.0	0.0	0.0	0.0	0.0	0.0	0.0113045116305917	0.0702880519615378	0.0	0.0028411338965381	0.0	0.0	0.0	0.0	0.0006202475407935	0.0	0.0	0.0	0.0	0.0251500373799183	0.0	0.0	0.0	0.0	0.0	0.0	0.0	0.0039115611040366	0.0	0.0	0.0	0.0	0.0	0.0	0.0	0.0	0.0	0.0	0.0	0.0	0.0	0.0	0.0	0.572558508100583	0.4288811664735396	0.0	0.0	0.0	0.0	0.0	0.0	0.0	0.0	0.0	0.0	0.0	0.0932472149634919	0.0	0.0	0.0	0.0	0.0	0.0	0.0	0.0	0.0	0.0	0.0	0.2457680860431398	0.0	0.0	0.0	1.808081605368703	0.0	0.0	1.548678077420699	0.0	0.0	0.0	0.0	0.0	0.0	0.0	0.0	0.0	0.0	0.0	0.0	0.0	0.0	0.0	0.0	0.0	0.0	3.777417567351129	0.0	0.0	0.0	0.0	0.0	0.0	0.0	0.0	0.0	0.0	0.0002100838444623	0.0	0.0	0.0	0.0	0.0	0.0	0.0	0.0	0.0	0.0	0.0	0.0	0.0	0.0	0.0	0.0	0.1005301215715192	0.0028211259113512	0.0	0.0	3.565783104036821	0.1922267176830273	0.0	0.0	0.0	0.0	0.0	0.0	3.316093452897052	0.0226790512093376	0.0	0.0	0.031902732380493	0.0	0.0	0.0	0.2294715821084194	0.0	0.0134453660455887	0.0	0.0	0.0	0.0	0.0	0.0	0.0	0.0	0.0	0.0	0.0	0.0	41.87487226151957	0.0	0.0	0.0	0.0	0.0258403128688659	0.0590835802568805	0.0	0.0	0.0098039127415751	0.0	0.0	0.0	0.0	0.0	0.0	0.0
SRR8524515	0.0	0.0	0.0	0.0	0.0	0.0	0.0	0.0	0.32222	0.0	0.0	0.03482	0.0	4.51864	0.0	0.0	0.0	0.0	0.0	0.0	0.0	0.63155	0.0	0.0	0.0	0.0	0.0	0.0	1.11194	0.0	0.0	0.0	0.0	0.0	0.0	0.0	0.0	2.98073	0.0	0.0	0.12837	0.0	0.0	1.5534	0.00811	0.0	0.0	4.716030000000001	0.0	0.0	0.0	0.0	0.0	0.0	0.0	0.0	0.0	0.0	0.0	0.0	0.0	0.0	0.0	0.0	0.0	0.0	0.0	0.0	0.0	0.0	0.0	0.0	0.0	0.0	0.0	0.5293400000000001	0.0	0.0	0.28259	0.0	0.0	0.0	0.0	0.0	0.5975900000000001	0.0	0.0	0.0	0.0	0.0	0.0	0.21046	0.0	0.0	0.0	0.0	0.0	0.4056700000000001	0.0	0.0	0.0	0.0	0.0	0.00185	0.0	0.0	0.0	0.03544	0.01661	0.00901	0.0	0.0	0.03453	0.19313	0.21133	0.0	0.0	0.63191	7.503750000000001	0.02719	0.0	0.0	0.0	0.0	0.0	0.0	0.0	0.03053	0.0	0.0	0.0	0.0	0.21567	0.0	0.0	0.0	0.0	0.0	0.0	0.0	0.0	0.0	0.0	0.21507	0.0	1.74081	0.04238	0.0	0.0	0.00026	0.0	0.0	0.00037	0.00297	0.0	0.0	0.0	0.0	0.0	0.0	0.0	0.0	0.0	0.0	0.00758	1.37979	0.0	0.0	0.0	0.0	0.0	0.0	0.0	0.0	0.0	0.0	0.0	0.0	0.0	0.0	0.0	0.0	0.0	0.0	0.0	0.0	0.0	0.0	0.0	0.0	0.0	0.0	0.0	0.0	0.0	0.0	0.0	0.0	0.0	0.0	0.0	3.29498	0.0	0.0	0.0	0.0	0.0	0.0	0.0	0.0	0.0	0.0	0.0	0.0	0.0	0.0	0.0	0.0	0.0	0.0	0.0	0.0	0.0	0.0	0.0	0.0	0.15218	0.0	0.00452	0.0	0.00621	0.0	0.0	0.7523100000000001	0.0	0.0	0.0	0.0	0.0	0.0	0.0	0.0	0.0	0.0	0.0	0.0	0.0	0.0	0.0	0.0	0.0	0.0	1.97428	0.0	0.0	0.0	0.0	0.0	0.0	0.0	0.0	0.0	0.0	0.0	0.0	0.0	0.0	0.0	0.0	0.0	0.10786	0.0	0.0	0.0	0.0	0.0	0.0	0.0	0.0	0.0	0.0	0.2865400000000001	0.0	0.0	9.9668	0.0	0.0	0.0	0.0	0.0	0.0	0.0	32.50655	0.18436	0.5748800000000001	0.0	0.10302	0.03147	0.0	0.0	0.23769	0.0	0.09758	0.0	0.0	0.0	0.0	0.0	0.0	0.0	0.0	0.0	0.0	0.0	0.0	19.30391	0.0	0.0	0.0	0.0	0.01696	0.06626	0.0	0.0	0.0	0.0	0.0	0.0	0.0	0.0	0.0	0.0
SRR8524516	0.001390000278	0.0	0.0	0.0	0.0	0.0	0.0	0.0	0.6008801201760241	0.0	0.0	0.0	0.0	0.0115800023160004	0.1871500374300075	0.0	0.0	0.0	0.0	0.0	0.0	0.0977400195480039	0.0	0.0	0.0	0.0	0.0	0.0	0.3020100604020121	0.0	0.0	0.0	0.0	0.0	0.0	0.0	0.0	0.0370000074000014	0.0	0.0	0.0183100036620007	0.0	0.0	0.650600130120026	0.0	0.0	0.0	1.033800206760042	0.0	0.0	0.0	0.0	0.0	0.0	0.0	0.0	0.0	0.0	0.0	0.0	0.0	0.0	0.0	0.0	0.0	0.0	0.0	2.394460478892096	0.0	0.0	0.0	0.0	0.0	0.0	0.0	0.9353001870600376	0.0	0.0	0.1543900308780061	0.0	0.0	0.0	0.0	0.0	0.0365000073000014	0.0	0.0	0.0	0.0	0.0	0.0	0.0	0.0	0.0	0.0	0.0	0.0	0.3175700635140127	0.0	0.0	0.0	0.0	0.0	0.0	0.0	0.0	0.0	0.0	0.0	0.7522501504500301	0.0	0.0	0.474810094962019	0.0	0.0	0.0	0.0	0.0	2.4948504989701	0.0	0.0	0.0	0.0	0.0	0.0	0.0	0.0	0.0	0.0	0.0	0.0	0.0	0.0050300010060002	0.0	0.0	0.0	0.0	0.0	0.477340095468019	0.0	0.0	0.0049100009820001	0.0	0.1043800208760041	0.0	0.0124500024900004	0.0	0.0	0.0	0.0	0.0	0.0	0.9768801953760392	0.0	0.0	0.0	0.0	0.0	0.0	0.0	0.0	0.0	0.0	0.0	0.0	0.0	0.0	0.1718700343740068	0.0	0.0	0.0	0.0316800063360012	0.0	0.0	0.0	0.0	0.0	0.0	0.0	0.0	0.0	0.0	0.0	0.0	0.0	0.0	0.0	0.0	0.0	0.0	0.0	0.0	0.0	0.0	0.0	0.0	0.0	0.0	0.0	0.0	0.0	0.0658400131680026	0.0	0.0	0.0	0.0	0.0	0.0	0.0	0.0	0.0	0.0	0.0	0.0	0.0	0.0	0.0	0.0	0.0	0.0	0.0	0.0	0.0	0.0	0.0	0.0	0.0	0.0	0.0	0.0	0.0	0.0	0.0	0.1030400206080041	0.0	0.0	0.0	0.0603900120780024	0.0	0.0	1.030390206078041	0.0	0.0	0.0	0.0	0.0	0.0	0.0	0.0	0.0	0.0	0.0	3.377660675532136	0.0	0.0	0.0	0.0	0.0	0.0	0.0	0.0	0.0	0.0	0.0	0.0	0.0	0.0	0.0	0.0	0.0	0.0	0.0	0.0	0.0	0.0	0.0091100018220003	0.0	0.0	0.0	0.0	0.0	0.0032000006400001	0.1288200257640051	0.0	0.0	0.0	0.0	0.0	0.0	0.0	0.0	0.0115500023100004	68.90618378123676	0.0	0.0172800034560006	0.0	0.0076700015340003	0.0143400028680005	0.0	0.0	0.3598300719660144	0.0	0.0032800006560001	0.0	0.0	0.0	0.0	0.0	0.0	0.0	0.0	0.0	0.0	0.0	0.0	13.61375272275055	0.0	0.0	0.0	0.0	0.0025300005060001	0.0	0.0	0.0	0.0	0.0	0.0	0.0	0.0	0.0	0.0	0.0
SRR8524517	0.0	0.0	0.0	0.0	0.0	0.0	0.0074331449465275	0.0	0.1340178934608039	0.0	0.0	3.404229509766489	0.0	4.508006271602892	0.0	0.0	0.0	0.0	0.0	0.0	0.0	0.3759018849007178	0.0	0.0	0.0	0.0	0.0	0.0018507424494737	0.1257599611183151	0.0	0.001559049346024	0.0	0.0	0.0	0.0	0.0	0.0	5.394471671369296	0.0	0.0	0.5010482846635009	0.0	0.0207705606421915	6.36661437648688	0.0	0.0	0.0	5.7721740068051	0.0	0.0	0.0	0.0	0.0	0.0	0.1365727227117078	0.0	0.0	0.0	0.0	0.0	0.0	0.0	0.0	0.0	0.0	0.0	0.0270067580262877	0.0	0.0	0.0	0.0120298259215792	0.0	0.0	0.0	0.0	0.6323705315131148	0.0	0.0	2.142526078369287	0.0	0.0	0.0	0.0	0.0	0.4584208580283397	0.0	0.0	0.0	0.0	0.0	0.0	0.1227927381694306	0.0	0.0	0.0	0.0	0.0	1.274638511777763	0.0	0.0	0.0	0.3351754926294182	0.0107725280618823	0.0678136173606079	0.0	0.0	0.0	0.0	0.4836774574339296	0.0	0.0	0.0	1.04262179394075	0.2549397724150057	0.0	0.0	0.0	0.0030074564803948	4.302925903112024	0.0	0.0	0.0	0.0	0.0	0.0	0.0	0.0	0.3127352404295492	0.0	0.0	0.0	0.0008750793103489	0.6367459280648597	0.0	0.0	0.0	0.0	0.0	1.417165797152995	0.0	0.0	0.0	0.0092034203329807	0.0	0.0	1.366059153752039	0.0053711764566248	0.0	0.0061154967895653	0.0619495801429819	0.1490451174799003	0.0	0.0597870278243033	0.0	0.0	0.0	0.0	0.0	0.0	0.0	0.0	0.0	0.0	0.0	0.0	0.0	0.0	0.0078757137931409	0.0	0.0	0.0	0.3012485671833591	0.0	0.0	0.0	0.0	0.0	0.0173205353151834	0.0	0.0080969982164475	0.0	0.0	0.0	0.0	0.0	0.0	0.3249762923915575	0.0	0.0	0.0	0.0	0.0010762469679004	0.0	0.0	0.4167590361494258	0.0	0.0	0.0	0.0205291594531297	0.0	0.0	0.3967931461374402	0.644138839479877	3.133990936994693	0.0	0.0	0.0	0.0	0.0	0.0	0.0	0.0	0.0	0.0	0.0	0.0	0.0	0.0	0.0	0.0	0.0	0.0	0.0	0.0	0.0	0.0	0.1139212444714098	0.529513508207037	0.0164052224733241	0.0	0.5580793155793488	0.0	0.0	1.807330468974113	0.0	0.0	0.0	0.2307393032115612	0.0	0.0	0.1426982778841508	0.0	0.0	0.0	0.0	0.0	0.0	0.0	0.0	0.0	0.0	0.0752869958386458	1.578753718081231	0.0	0.0	0.0	0.0	0.0	0.0	2.569926883603186	0.0	0.0	0.0	0.0	0.0	0.0	0.0	0.0	0.0	0.0	0.0	0.0	0.0	0.0	0.0	0.0	0.0	0.0	0.0	0.0	0.2001919944123671	0.4720399084445758	0.0	0.0	0.8284184721799213	0.0979183573131886	0.0	0.0	0.0	0.0	0.0	0.0	19.80701785443428	0.0	0.0208007357908242	0.0	0.0011667724137986	0.0126936791914991	0.0	0.0	0.1199160406664443	0.0	0.3023650476827699	0.0	0.0	0.0	0.0	0.0	0.0	0.0	0.0	0.0	0.0	0.0	0.5620322600502357	22.16027711247163	0.0	0.0	0.0	0.0	0.0	0.5735189332964258	0.0	0.0	0.0	0.0	0.0	0.0	0.0	0.0	0.0	0.0
SRR8524518	0.0	0.0	0.0	0.0	0.0	0.010284504032563	0.0140920873080859	0.0	0.3492903641852673	0.0	0.0	0.0	0.0	18.68052734423988	0.0	0.0	0.0	0.0	0.0	0.0	0.0	0.3836794893245136	0.0	0.0	0.0005137215530467	0.0	0.0	0.0	0.2898396856346431	0.0	0.0032837887508477	0.0	0.0	0.0	0.0	0.0	0.0	4.158122688190055	0.0	0.0	0.9990776179879904	0.0	0.0407250242934893	3.995424050448665	0.08187311339537	0.0	0.0	2.036261287646095	0.0	0.0	0.0	0.0	0.0	0.0	0.4131530043091165	0.0	0.0	0.0	0.0	0.0	0.0	0.0	0.0	0.0	0.0	0.0	0.0	0.0	0.0	0.0	0.0259882668011878	0.0	0.0	0.0	0.0	0.6225197196047325	0.0	0.0	0.3505293396955565	0.0	0.0	0.0	0.0	0.0	1.342334272167865	0.0	0.0	0.0	0.0	0.0	0.0	0.0	0.0	0.0	0.0	0.0135884387266675	0.0	0.3985069035614704	0.0	0.0	0.0	0.0744090414187498	0.0	0.0	0.0	0.0	0.0	0.0	0.1832877917497729	0.0	0.0	0.0	0.0995914704896683	0.0381362705849989	0.1451918130512874	0.0	0.0	0.0003726999502495	4.715208384096913	0.1363175250466957	0.0	0.0	0.0	0.0	0.0	0.0	0.0	0.0559855763104658	0.0	0.0	0.0	0.0040996994527455	1.657517554419481	0.0	0.0	0.0	0.0	0.0	1.627782142172541	0.0	0.0	0.0	0.0209417080153757	0.0062956072677296	0.0	0.8041253250925682	0.0	0.0	0.0648699372866859	0.2156522495917173	0.0311154093600268	0.0	0.037592330117067	0.1439427645693698	0.0	0.0	0.0	0.0	0.0	0.0	0.0	0.0	0.0	0.0	0.0109896120465488	0.1391983949324088	0.0	0.0040090427080902	0.0	0.0	0.0	0.0	0.0	0.0	0.0	0.0	0.0	0.0091160393236724	0.0	0.0024376591340649	0.0	0.0	0.0	0.0	0.0	0.0	0.7105675646082918	0.0	0.0	0.0	0.0	0.0	0.0	0.0	0.4987228982920974	0.0	0.0	0.0	0.0	0.0	0.0	0.1935521498390792	0.0770884518718955	6.559720583825407	0.0	0.0	0.0	0.0	0.0	0.0	0.0	0.0	0.0	0.0	0.0	0.0	0.0	0.0	0.0	0.0	0.0	0.0	0.0	0.0	0.0	0.0	0.409436077778249	0.1321170958776665	0.0	0.0	5.17629866038543	0.0	0.0	2.063085611092437	0.0	0.0	0.0	0.1165342087685822	0.0	0.0	0.2478656128592361	0.0	0.0	0.0	0.0	0.0	0.0	0.0	0.0	0.0	0.0	0.0	1.450497841513275	0.0	0.0	0.0	0.0	0.0	0.0	0.448015559114896	0.0	0.0	0.0	0.0	0.0	0.0	0.0	0.0016016024889104	0.0	0.0	0.0	0.0	0.0	0.0	0.0	0.0	0.0	0.0	0.0	0.0	0.3660920808613841	0.2228242053911148	0.0	0.0	1.285492493268989	0.2113007258482625	0.0	0.0	0.0	0.0	0.0	0.0	7.773372643440879	0.6973417528602455	0.0654944615276447	0.0	0.021525940369821	0.0172449274277649	0.0	0.0	0.1125856038902622	0.0	0.0916841877613999	0.0	0.0	0.0	0.0	0.0	0.0	0.0	0.0	0.0	0.0	0.0	0.4495365778307795	24.45213862786182	0.0	0.0	0.0	0.0	0.0163081410663267	1.694152952231853	0.0	0.0	0.0	0.0	0.0	0.0	0.0	0.0	0.0	0.0
SRR8524519	0.0	0.0	0.0	0.0	0.0	0.0	0.0	0.0	0.1618780251481073	0.0	0.0	0.2740743800718789	0.0	6.177871181940639	0.0	0.0	0.0	0.0	0.0	0.0	0.0	0.0555530494113067	0.0	0.0	0.0	0.0	0.0	0.0019104487644147	0.1478647334258817	0.1300105394757228	0.0	0.0	0.0	0.0	0.0	0.0	0.0	12.33825825686454	0.0	0.0	0.0	0.0	0.1531759810379458	0.8461187532951491	0.1113461552118592	0.0	0.0034208035467531	1.326671635167101	0.0	0.0	0.0	0.0	0.0	0.0	0.0	0.0	0.0	0.0	0.0	0.0	0.0	0.0	0.0	0.0	0.0	0.0	0.0	0.0	0.0	0.0	0.0003000704865572	0.0	0.0	0.0	0.0	1.303826268790539	0.0	0.0029306884187095	0.0671657772410739	0.0	0.0	0.0	0.0	0.0	2.219871447803089	0.0	0.0	0.0	0.0	0.0	0.0	0.0	2.625196658695128	0.0	0.0	0.0	0.0	0.0712867452564607	0.0	0.0	0.0	0.1384525224975346	0.0	0.0	0.0140332964213293	0.0	0.0	0.0	0.0	0.0	0.0	0.0	0.0	0.0445104555059983	0.0813791159543376	0.0	0.0	0.1000034908199936	4.66570597433337	0.314833954495911	0.0	0.0	0.0	0.0	0.0	0.0	0.0	0.0159037357875364	0.0	0.0	0.0	0.0	0.2164908537015345	0.0	0.0	0.0	0.0	0.0	0.2038978956156801	0.0	0.0	0.0	0.0	0.0202947672408248	0.0	0.0	0.007311717522446	0.0	0.0	0.0130830732138979	0.062494680000332	0.0	0.0102424059411555	0.0011902795966772	0.0	0.0	0.0	0.0	0.0	0.0	0.0	0.0	0.0	0.0	0.0	5.844452861977278	0.0002500587387977	0.0051912194174411	0.0	0.0	0.0	0.0985631524845186	0.0	0.0	0.0	0.0	0.0	0.0087620582074729	0.0	0.0062414661203916	0.0	0.0	0.0	0.0	0.0	0.0022605309987316	0.0	0.0	0.0	0.0	0.0009202161587756	0.0	0.0	0.0	0.0	0.0	0.0	0.0	0.0	0.0	0.0	0.2365455645531135	0.0	0.0	0.0	0.0	0.0	0.0	0.0	0.0	0.0	0.0	0.0	0.0	0.0136732118374606	0.0	0.0	0.0	0.0	0.0	0.0	0.0	0.0	0.0	0.0	0.0	0.3938425136064462	0.0	0.0	0.0	1.899976304433912	0.0	0.0	1.540491861538275	0.0	0.0	0.0	1.466384453708176	0.0	0.0084319806722599	0.0	0.0	0.0	0.0	0.0	0.0	0.0	0.0	0.0	0.0	0.0	0.0	6.882586719620439	0.0	0.0	0.0	0.0	0.0	0.0	0.0	0.0	0.0	0.0	0.0	0.0	0.0	0.0	0.0001900446414862	0.0	0.0	0.0	0.0	0.0	0.0	0.0	0.0	0.0	0.0	0.0	0.0	0.0128430168246521	1.073542175056921	0.0	0.0	3.084444536021512	0.0180442385916451	0.0	0.0	0.0	0.0	0.0	0.0	0.0	0.0	0.0050111771255067	0.0	6.109065019373052	0.0	0.0	0.0	0.4656393786900543	0.0	0.1188479173757915	0.0	0.0	0.0	0.0	0.0	0.0	0.0	0.0	0.0	0.0200947202497866	0.0	0.0	36.48341995534751	0.0	0.0	0.0	0.0	0.1217586010953973	0.1434536972734895	0.0065115295582932	0.0	0.0	0.0	0.0	0.0	0.0	0.0	0.0	0.0
SRR8524520	0.0	0.0	0.0	0.0	0.0	0.0	0.0	0.0	0.6761200676120068	0.0	0.0	0.0	0.0	0.0	0.0	0.0	0.0	0.0	0.0	0.0	0.0	1.267680126768013	0.0	0.0	0.0	0.0	0.0	0.0	5.325720532572053	0.0	0.0	0.0	0.0	0.0	0.0	0.0	0.0	35.06314350631434	0.0	0.0	0.0	0.0	0.0	1.493300149330015	0.0	0.0	0.0	11.27579112757911	0.0	0.0	0.0	0.0	0.0	0.004440000444	0.0	0.0	0.0	0.0	0.0	0.0	0.0	0.0	0.0	0.0	0.0	0.0	0.0	0.0	0.0	0.0	0.0	0.0	0.0	0.0	0.0	1.334300133430014	0.0	0.0	0.4337700433770044	0.0	0.0	0.0	0.0	0.0	0.6546700654670066	0.0	0.0	0.0	0.0	0.0	0.0	0.0	0.9759000975900096	0.0	0.0	0.0	0.0	1.759830175983018	0.0	0.0	0.0	0.0	0.1417400141740014	0.0	0.0	0.0	0.0	0.0	0.0	0.0199200019920001	0.0	0.0	0.4785800478580048	0.0	0.0	0.0	0.0	1.511300151130015	11.29477112947711	0.0	0.0	0.0	0.0	0.0	0.0	0.0	0.0	0.1398100139810013	0.0	0.0	0.0	0.0	2.06195020619502	0.0	0.0	0.0	0.0	0.008610000861	1.778690177869018	0.0	0.0	0.0225000022500002	0.0	0.3494000349400034	0.0	0.0	0.000350000035	0.0	0.0	0.0	0.0	0.0	0.009030000903	0.0	0.0	0.0	0.0	0.0	0.0	0.0	0.0	0.0	0.0	0.0	0.0466200046620004	2.852240285224029	0.0	0.1757500175750017	0.0	0.0	0.0	0.0	0.0	0.0	0.0	0.0	0.0	0.0	0.0	0.0	0.0	0.0	0.0	0.0	0.0	0.0	0.0	0.0	0.0	0.0	0.0	0.0	0.0	0.0	0.0	0.0	0.0	0.0	0.0	0.0	0.0	4.400540440054044	0.0	0.0	0.0	0.0	0.0	0.7510300751030076	0.0	0.0	0.0	0.0	0.0	0.0	0.0	0.0	0.0	0.0	0.0	0.0	0.0	0.0	0.0	0.0	0.0	0.0	0.0	0.0	0.0	0.0	0.0	0.0	0.0	0.0	0.0	0.0	0.0	0.0	0.0	0.0	0.0	0.0	0.0	0.0	0.0	0.0	0.0	0.0	0.0	0.0	0.0	0.0	0.0	0.0	0.0	0.0	0.0	0.0	0.0	0.0812800081280008	0.0	0.0	0.0	0.0	0.0	0.0	0.0	0.0	0.0	0.0	0.0	0.0	0.0140300014030001	0.0	0.0	0.0	0.0	0.0	0.0	0.0	0.0	3.92118039211804	0.2669900266990027	0.0	0.4760000476000048	0.0497400049740004	0.0	0.0	0.0	0.0	0.0	0.009190000919	0.0	0.0	0.0	0.0	0.0	0.0	0.005680000568	0.0	1.99338019933802	0.0	0.0	0.0	0.0	0.0	0.0	0.0	0.0	0.0	0.0	0.0	0.0	0.0	0.0	4.574740457474046	0.0	0.0	0.0	0.0	2.300290230029023	0.0	0.0	0.0	0.0	0.0	0.0	0.0	0.0	0.0	0.0	0.0
SRR8524521	0.0	0.0	0.0	0.0	0.0	0.0	0.0	0.0	0.2247499325750202	0.00029999991	0.0	0.0329699901090029	0.0	2.450579264826221	0.0	0.0	0.0	0.0	0.0	0.0	0.0	0.2467699259690222	0.0	0.0	0.0	0.0	0.0	0.0	1.351839594448122	0.0	0.0	0.0	0.0	0.0	0.0	0.0	0.0	4.623618612914416	0.0	0.0	0.0	0.0	0.0	1.207179637846109	0.1350299594910121	0.0	0.0	3.797078860876342	0.0	0.0	0.0	0.0	0.0	0.0	0.0	0.0	0.0	0.0	0.0	0.0	0.0	0.0	0.0	0.0	0.0	0.0	0.0	0.0	0.0	0.0	0.0	0.0	0.0	0.0	0.0	1.456309563107131	0.0	0.0	0.1461599561520131	0.0	0.0	0.0	0.0	0.0	0.0593899821830053	0.0	0.0	0.0	0.0	0.0	0.0	0.0	3.542628937211319	0.0	0.0	0.0	0.0	0.6130198160940552	0.0	0.0	0.0	0.2656699202990239	0.0263399920980023	0.0	0.0	0.0	0.0	0.0	0.0	0.0	0.0	0.0	0.0	1.055049683485095	0.0141299957610012	0.0	0.0	0.9225997232200832	6.724367982689605	0.4595298621410414	0.0	0.0	0.0	0.0	0.0	0.0	0.0	0.033789989863003	0.0	0.0	0.0	0.0	1.238659628402112	0.0	0.0	0.0	0.0	0.0	0.0	0.0	0.0	0.0011099996670001	0.0	0.1425799572260128	0.0	0.0	0.0100599969820009	0.0	0.0	0.011639996508001	0.0535499839350048	0.0	0.0769599769120069	0.0220299933910019	0.0	0.0	0.0	0.0	0.0	0.0	0.0	0.0	0.0	0.0	0.0210699936790018	8.400837479748757	0.0	0.1129199661240101	0.3357498992750302	0.0	0.0	0.0	0.0	0.0	0.0	0.0	0.0	0.0048099985570004	0.0	0.0	0.0	0.0	0.0	0.0	0.0	0.0	0.0	0.0	0.0	0.0	0.0	0.0	0.0	0.0	0.0	0.0	0.0	0.0	0.0	0.0	0.0	1.32870960138712	0.0	0.0	0.0	0.0	0.0	0.0	0.0	0.0	0.0	0.0	0.0	0.0	0.0	0.0	0.0	0.0	0.0	0.0	0.0	0.0	0.0	0.0	0.0	0.0	0.1106399668080099	0.0	0.0	0.0	0.876439737068079	0.0	0.0	0.9565197130440862	0.0	0.0	0.0	0.399909880027036	0.0	0.7240697827790652	0.0	0.0	0.0	0.0	0.0	0.0	0.0	0.0	0.0	0.0	0.0	0.0	10.74721677583497	0.0	0.0	0.0	0.0	0.0	0.0	0.0	0.0	0.0	0.0	0.0	0.0	0.0	0.0	0.0128299961510011	0.0	0.0	0.0	0.0	0.0	0.0	0.0	0.0	0.0	0.0	0.0	0.0	0.2673799197860241	2.587369223789233	0.0	0.0	12.10425636872309	0.0539199838240048	0.0	0.0	0.0	0.0	0.0	0.0765299770410068	0.0	0.1276499617050115	0.0	0.0	0.0060999981700005	0.0	0.0	0.0	0.6420098073970578	0.0	0.0	0.0	0.0	0.0	0.0	0.0	0.0	0.0	0.0	0.0	0.000669999799	0.0	0.0	28.54067143779857	0.0	0.0	0.0	0.0	0.6160298151910554	0.0	0.0	0.0	0.0	0.0	0.0	0.0	0.0	0.0	0.0	0.0
SRR8524522	0.0	0.0	0.0	0.0	0.0	0.0	0.0	0.0	0.0941900094190008	0.0	0.0	1.517130151713015	0.0	5.98489059848906	0.0	0.0	0.0	0.0	0.0	0.0	0.0	0.7363200736320074	0.0	0.0	0.0	0.0	0.001350000135	0.0	3.618930361893037	0.0030900003089999	0.1113600111360011	0.0	0.0	0.0	0.0	0.0	0.0	22.36086223608622	0.0	0.0	0.7606000760600077	0.0	0.0374200037420002	3.302260330226033	0.1153500115350011	0.0	0.0	2.522070252207025	0.0	0.0	0.0	0.0	0.0	0.0661100066110005	0.0386500038650003	0.0	0.0	0.0	0.0	0.0	0.0	0.0	0.0	0.0	0.0	0.0	0.002720000272	0.0	0.0	0.0	0.001850000185	0.0	0.0	0.0	0.0	0.5246100524610052	0.0	0.0	0.3899500389950039	0.0	0.0	0.0	0.0070900007089999	0.0	0.1168600116860012	0.0	0.0	0.0	0.0	0.0	0.0	0.0	0.0	0.0	0.0	0.001550000155	0.0	0.5699100569910058	0.0	0.0	0.0	0.6450100645010064	0.0752300075230006	0.0763400076340006	0.0	0.001260000126	0.0	0.0	0.1283100128310013	0.0	0.0	0.0	0.0803900080390007	0.4141900414190041	0.1227100122710012	0.0	0.0	0.4322400432240043	4.597590459759046	0.002380000238	0.0	0.0	0.0	0.0	0.0	0.0	0.0	0.2701700270170027	0.0	0.0	0.0	0.0051500005149999	0.1466700146670015	0.0	0.0	0.0	0.0	0.0	2.189160218916022	0.0	0.008760000876	0.0	0.0065900006589999	0.0286400028640002	0.0	0.0	0.0537200053720004	0.0	0.0	0.0022700002269999	0.0882300088230008	0.0	0.0772400077240006	0.6816400681640068	0.0	0.0	0.3379400337940035	0.0	0.0	0.0	0.0	0.0	0.0	0.0	0.0713500071350006	1.519340151934015	0.0	0.105600010560001	0.0	0.0	0.0	0.6390500639050064	0.0	0.0	0.0	0.0	0.0	0.1658300165830017	0.0	0.0	0.0	0.0	0.0	0.0	0.0	0.0	0.0	0.0	0.0	0.0	0.0	0.0049300004929999	0.0	0.0	0.0	0.0	0.0	0.0	0.0	0.0362400036240003	0.0	2.459380245938025	0.0	0.0	0.0	0.0	0.0	0.0	0.0	0.0	0.0	0.0	0.0	0.0	0.0265900026590002	0.0	0.0	0.0	0.0	0.0	0.0	0.0	0.0	0.0	0.0	0.0	0.4591600459160046	0.0	0.0	0.0	1.377870137787014	0.0	0.0	0.98560009856001	0.0	0.0	0.0	0.0	0.0	0.0	0.0	0.0	0.0	0.0	0.0	0.0	0.0	0.0	0.0	0.0	0.0	1.913050191305019	8.439640843964085	0.0	0.0	0.0	0.0	0.0	0.0	0.0	0.0	0.0	0.0	0.0	0.0	0.0	0.0	0.0	0.0	0.0	0.0	0.0	0.0	0.0	0.0	0.0	0.0	0.0	0.0	0.0	0.0300100030010003	3.105090310509031	0.0	0.0	6.98343069834307	0.4811500481150048	0.0	0.0	0.0	0.0	0.0	0.0	0.0	0.4197600419760043	0.0	0.0	0.0	0.0718200071820006	0.0	0.0	0.3819400381940037	0.0	0.5751800575180057	0.0	0.0	0.0	0.0	0.0	0.0	0.0	0.0	0.0	0.0008700000869999	0.0	0.0	16.35657163565716	0.0	0.0	0.0	0.0	0.0245700024570002	0.0	0.0	0.0	0.0090200009019999	0.0	0.0	0.0	0.0	0.0	0.0	0.0
SRR8524523	0.0	2.629650525930105	0.0	0.0	0.0	0.0	0.0	0.0	0.4181200836240168	0.0	0.0	0.0	0.0	1.322180264436053	0.3189500637900127	0.0	0.0	0.0	0.0	0.0	0.0	0.4825200965040193	0.0	0.0	0.0	0.0	0.0	0.001270000254	0.1910500382100076	0.0	0.0	0.0	0.0	0.0	0.0	0.0	0.0	1.544040308808062	0.0	0.0	0.0	0.0	0.0	5.397221079444216	0.1538000307600061	0.0	0.0	5.206421041284208	0.0	0.0	0.0	0.0	0.0	0.0	0.0304200060840012	0.0	0.0	0.0	0.0	0.0	0.0	0.0	0.0	0.0	0.0	0.0	0.0	1.203020240604048	0.0	0.0	0.0	0.0	0.0	0.0	0.0	1.765390353078071	0.0	0.0	0.873030174606035	0.0	0.0	0.0	0.0	0.0	0.8142301628460324	0.0	0.0	0.0	0.0	0.0	0.0	0.0	0.0	0.0	0.0	0.0	0.0	1.402160280432056	0.0	0.0	0.0	0.051000010200002	0.0	0.0	0.0371100074220014	0.0	0.0	0.0	0.0064500012900002	0.0	0.0	0.0	0.5067501013500204	0.125920025184005	0.2522800504560101	0.0	0.0	0.0	8.371971674394334	0.1818700363740072	0.0	0.0	0.0	0.0	0.0	0.0	0.0	0.0134700026940005	0.0	0.0	0.0	0.0	0.7114801422960285	0.0	0.0	0.0	0.0	0.0	0.5944001188800239	0.0	0.0	0.0	0.0	0.0	0.0	0.8518601703720341	0.0127200025440005	0.0	0.0	0.0	0.074990014998003	0.0	0.0971700194340038	0.0	0.0	0.0	0.0	0.0	0.0	0.0	0.0	0.0	0.0	0.0	0.0	0.2959100591820118	0.0	0.1045500209100041	0.0306700061340012	0.0	0.1823000364600072	0.0	0.0	0.0	0.0	0.0	0.0	0.0085800017160003	0.0	0.0121800024360004	0.0	0.0	0.0	0.0	0.0	0.0	0.3131100626220126	0.0	0.0	0.0	0.0	0.0	0.0	0.0	0.0	0.0	0.0	0.0	0.0	0.0	0.0	0.9155901831180364	0.0	3.548080709616142	0.0	0.0	0.0	0.0	0.001990000398	0.0	10.39529207905842	0.0	0.0	0.0	0.0	0.0	0.0	0.0	0.0	0.0	0.0	0.0	0.0	0.0	0.0	0.0	0.0368900073780014	0.5899201179840237	0.0	0.0	1.201570240314048	0.0	0.0	1.74670034934007	0.0	0.0	0.0	0.1430500286100057	0.0	0.0	0.151400030280006	0.0	0.0	0.0	0.0	0.0	0.0	0.0	0.0	0.0	0.0	2.324270464854093	3.723550744710149	0.0	0.0	0.0	0.0	0.0	0.0	0.6769301353860271	0.0	0.0	0.0	0.0	0.0	0.0	0.0	0.0	0.0	0.0	0.0	0.0	0.0	0.0	0.0	0.0	0.0	0.0	0.0	0.0	0.0445600089120017	1.297530259506052	0.0	0.0	0.7290101458020293	0.0150500030100006	0.0	0.0	0.0	0.0	0.0	0.0	9.099821819964363	0.0	0.0864300172860034	0.0	0.0063300012660002	0.0330600066120013	0.0	0.0	16.40719328143865	0.0121200024240004	0.0999600199920039	0.0	0.0	0.0	0.0	0.0	0.0	0.0	0.0	0.0	0.00060000012	0.0	0.0	9.618751923750384	0.0	0.0	0.0	0.0	0.0	0.5041301008260202	0.0	0.0	0.0	0.0	0.0	0.0	0.0	0.0	0.0	0.0
SRR8524524	0.0	0.0	0.0	0.0	0.0	0.0	0.0	0.0	0.2138251067072316	0.0	0.0	0.0870163720582897	0.0	6.569565823558681	0.0	0.0	0.0	0.0	0.0	0.0	0.0	0.3531234150160131	0.0	0.0	0.0	0.0	0.0	0.0	0.7294932618399556	0.0	0.0034253682371011	0.0	0.0	0.0	0.0	0.0	0.0	8.75937769672631	0.0	0.0	0.0	0.0	0.0	1.995897971300622	0.1798418481444119	0.0	0.0	2.887475251213702	0.0	0.0	0.0	0.0	0.0	0.0	0.0	0.0	0.0	0.0	0.0	0.0	0.0	0.0	0.0	0.0	0.0	0.0	0.0	0.0	0.0	0.0	0.0	0.0	0.0	0.0	0.0	1.50546937159917	0.0	0.0	0.2603680488060889	0.0	0.0	0.0	0.0	0.0	0.0846927304471567	0.0	0.0	0.0	0.0	0.0	0.0	0.0	3.718086985924341	0.0	0.0	0.0	0.0	0.6004009483662796	0.0	0.0	0.0	0.9168969609171492	0.0823791045326235	0.0	0.0	0.0	0.0	0.0	0.0008913969973742	0.0	0.0	0.0	0.0	1.171195497583813	0.1466498296129694	0.0	0.0	0.4567858748230225	5.352197964650199	0.4165728529751827	0.0	0.0	0.0	0.0	0.0	0.0	0.0	0.2918073204325819	0.0	0.0	0.0	0.0	1.297162913718379	0.0	0.0	0.0	0.0	0.0	0.0	0.0	0.0	0.0	0.0	0.0	0.0	0.0	0.0266016901688325	0.0	0.0	0.0242179543781013	0.115360793435472	0.0	0.1246954226664027	0.3058994055483754	0.0	0.0	0.0	0.0	0.0	0.0	0.0	0.0	0.0	0.0	0.009494880376526	0.8049014415391801	0.0	0.0419257059663905	0.0612760317970322	0.0	0.0	0.0	0.0	0.0	0.0	0.0	0.0	0.1021500896204531	0.0	0.0	0.0	0.0	0.0	0.0	0.0	0.0	0.0	0.0	0.0	0.0	0.0	0.0	0.0	0.0	0.0	0.0	0.0	0.0	0.0	0.0	0.0	0.7354826484065827	0.0	0.0	0.0	0.0	0.0	0.0	0.0	0.0	0.0	0.0	0.0	0.0	0.0	0.0	0.0	0.0	0.0	0.0	0.0	0.0	0.0	0.0	0.0	0.0	0.3897207703913573	0.0	0.0	0.0	1.982016215813423	0.0	0.0	0.8615001430241473	0.0	0.0	0.0	0.7086706286091562	0.0	0.1597703921585909	0.0	0.0	0.0	0.0	0.0	0.0	0.0	0.0	0.0	0.0	0.0	0.0	9.841373400393095	0.0	0.0	0.0	0.0	0.0	0.0	0.0	0.0	0.0	0.0	0.0	0.0	0.0	0.0	0.0249090374434814	0.0	0.0	0.0	0.0	0.0	0.0	0.0	0.0	0.0	0.0	0.0	0.0	0.0377691918775104	1.301189223751463	0.0	0.0	5.069324645584559	0.3323208131784131	0.0	0.0	0.0	0.0	0.0	0.0461423142348688	0.0	0.1319067242181947	0.0	0.0	0.0	0.0	0.0	0.0	0.094077438161086	0.0	0.0	0.0	0.0	0.0	0.0	0.0	0.0	0.0	0.0	0.0	0.0	0.0	0.0	38.17618972453629	0.0	0.0	0.0	0.0	0.4105133565323575	0.0	0.0	0.0	0.0	0.0	0.0	0.0	0.0	0.0	0.0	0.0
SRR8524525	0.0	0.0	0.0	0.0	0.0	0.0077700023310006	0.0287000086100025	0.0	0.911900273570082	0.0	0.0	0.0	0.0	0.056790017037005	0.9528202858460856	0.0	0.0	0.0	0.0	0.0	0.0	1.33866040159812	0.0	0.0	0.0	0.0	0.0	0.0	0.2042500612750183	0.0812400243720073	0.0	0.0	0.0	0.0	0.0	0.0	0.0	3.691201107360332	0.0	0.0	0.0	0.0	0.0	0.0	0.0	0.0	0.0	13.99728419918526	0.0	0.0	0.0	0.0	0.0	0.0	0.0	0.0	0.0	0.0	0.0	0.0	0.0	0.0	0.0	0.0	0.0	0.0	0.0	0.9023402707020812	0.0	0.0	0.0	0.0	0.0	0.0	0.0	4.128701238610372	0.0	0.0	2.922230876669263	0.0	0.0	0.0	0.0	0.0	1.524330457299137	0.0	0.0	0.0	0.0	0.0	0.0	0.0	0.0	0.0	0.0	0.0	0.0	1.675920502776151	0.0	0.0	0.0	0.0	0.0	0.0	0.0	0.0	0.0	0.0	0.4752001425600428	0.0	0.0	0.0	0.0	0.6877802063340618	0.0	0.0	0.0	0.0526800158040047	8.880032664009798	0.1315300394590118	0.0	0.0	0.0	0.0	0.0	0.0	0.0	0.0095200028560008	0.0	0.0	0.0	0.0	5.027101508130452	0.0	0.0	0.0	0.0	0.0284800085440025	0.133530040059012	0.0	0.0	0.0269600080880024	0.0	0.0	0.0	0.0	0.0	0.0	0.0	0.0	0.2858400857520257	0.0	0.0	0.0	0.0	0.0	0.0496900149070043	0.0	0.0	0.0	0.0	0.0	0.0	0.0	0.0	0.3380901014270304	0.0	0.1214600364380109	0.0	0.0	0.0	1.55774046732214	0.0	0.0	1.00663030198909	0.0	0.0	0.0	0.0	0.0025600007680002	0.0	0.0	0.0	0.0	0.0	0.0	0.0	0.0	0.0	0.0	0.0	0.0	0.0	0.0	0.0	0.0	0.0	0.0	0.0	0.0	0.0	2.966040889812267	0.0	0.0	0.0	0.0	0.0	0.0	0.0	0.0	0.0	0.0	0.0	0.0	0.0	0.0	0.0	0.0	0.0	0.0	0.0	0.0	0.0	0.0	0.0	0.0	0.0	0.55434016630205	0.0	0.0	0.4049901214970364	0.0	0.0	0.7670802301240689	0.0	0.0	0.0	0.5094501528350458	0.0	0.0	0.0	0.0	0.0	0.0	0.0	0.0	0.0	0.0	0.0	0.0	0.0	2.945660883698265	3.403461021038306	0.0	0.0	0.0	0.0	0.0	0.0	6.00238180071454	0.0	0.0	0.0	0.0	0.0	0.0	0.0	0.0	0.0	0.0	0.0	0.0	0.0	0.0	0.0	0.0	0.0	0.0	0.0	0.0	0.0	6.147171844151552	0.0	0.0	2.2250306675092	0.2818500845550253	0.0	0.0	0.0	0.0	0.0	0.0064000019200005	0.0	0.0	0.0407900122370036	0.0	0.0048100014430004	0.0029600008880002	0.0	0.0	0.2822400846720254	0.0	0.0	0.0	0.0	0.0	0.0	0.0	0.0	0.0	0.0	0.0	0.0	0.0	0.0	22.14379664313899	0.0	0.0	0.0	0.0	0.0	0.0725800217740065	0.0	0.0	0.0	0.0	0.0	0.0	0.0	0.0	0.0	0.0
SRR8524526	0.0	0.0	0.0	0.0	0.0	0.0	0.0	0.0	0.7944274825808809	0.0	0.0	0.1964759385755329	0.0	0.6712235931996656	0.0	0.0	0.0	0.0	0.0	0.0	0.0	0.0	0.0	0.0	0.0092740564723009	0.0	0.0	0.0	0.4218345104148554	0.307044301177335	0.0	0.0	0.0	0.0	0.0	0.0	0.0	29.12528940158425	0.0	0.0	1.33620445582898	0.0	0.0	0.5578640097178507	0.1843606393436489	0.0	0.0	2.352719079325297	0.0	0.0	0.0	0.0	0.0	0.0	0.0	0.0	0.0	0.0	0.0	0.0	0.0	0.0	0.0	0.0	0.0	0.0	0.0	0.0	0.0	0.0	0.0	0.0	0.0	0.0	0.0	1.551338555484169	0.0	0.0	0.1475545403559517	0.0	0.0	0.0	0.0	0.0303332677713231	0.0	0.0	0.0	0.0	0.0	0.0	0.0	0.0	1.405524776537258	0.0	0.0247308172594692	0.0	0.0	0.1812492784343872	0.0	0.0	0.0	0.33812789714221	0.041588190674601	0.1266854121992959	0.0	0.0	0.0	0.0	0.5857762185179799	0.0	0.0	0.0	0.0644581940140617	0.0	0.0	0.0	0.0	0.0	13.52609631452798	0.0	0.0	0.0	0.0	0.0	0.0	0.0	0.0	0.2200562526048893	0.0	0.0	0.0	0.0	0.3521840453014149	0.0	0.0	0.0	0.0	0.0	0.0	0.0	0.0	0.0	0.0	0.0	0.0	0.0	0.0586456516080133	0.0	0.122273482421211	0.0036315884567909	0.0354555082393038	0.0	0.0	0.4473256602437907	0.0	0.0	0.0	0.0	0.0	0.0	0.0	0.0	0.0	0.0	0.1395810527524739	11.55734518278295	0.0	0.0675795592992375	0.0	0.0	0.0	0.0	0.0	0.0	0.0	0.0	0.0	0.087988486163848	0.0	0.0	0.0	0.0	0.0	0.0	0.0	0.0	0.0	0.0	0.0	0.0	0.0	0.0	0.0	0.0	0.0	0.0	0.0	0.0	0.0	0.0	0.0	0.668522411702879	0.0	0.0	0.0	0.0	0.0	0.0	0.0	0.0	0.0	0.0	0.0	0.0	0.0263315174057132	0.0	0.0	0.0	0.0	0.0	0.0	0.0	0.0	0.0	0.0	0.0	1.030250631626274	0.0	0.0	0.0	0.137990356982144	0.0	0.0	1.60180062759451	0.0	0.0	0.0	0.0	0.0	0.4624122591221401	0.0	0.0	0.0	0.0	0.0	0.0	0.0	0.0	0.0	0.0	0.0	0.0	11.7665266787693	0.0	0.0	0.0	0.0	0.0	0.0	0.0	0.0	0.0	0.0	0.0	0.0	0.0	0.0	0.0283323925885182	0.0	0.0	0.0	0.0	0.0	0.0	0.0	0.0	0.0043218903948587	0.0	0.0	0.0	0.0	7.16004180228432	0.0054523848731435	0.0	1.707406819742956	0.0369061427468374	0.0	0.0	0.0	0.0	0.0	0.0	0.0	0.0	0.0	0.0	0.0	0.0	0.0	0.0	0.4542486883762959	0.0	0.0	0.0	0.0	0.0	0.0	0.0	0.0	0.0	0.0	0.0	0.0	0.0	0.0224998414306417	7.232523505781428	0.0	0.0	0.0	0.0	0.1347289304341719	0.434139892789106	0.0	0.0	0.013315824341567	0.0	0.0	0.0	0.0	0.0	0.0	0.0
SRR8524527	0.0	0.0	0.0	0.0	0.0	0.0	0.0	0.0	0.9345598130880372	0.0	0.0	0.1924699615060076	0.0	0.5094298981140204	0.0	0.0	0.0	0.0	0.0	0.0	0.0	1.096029780794044	0.0	0.0	0.0	0.0	0.0	0.0	0.4071999185600162	0.4678499064300187	0.0346999930600013	0.0372499925500014	0.0	0.0	0.0	0.0	0.0	18.23155635368873	0.0	0.0	0.0	0.0	0.0398099920380015	6.651428669714267	0.0	0.0	0.0	7.366888526622295	0.0	0.0	0.0	0.0	0.0	0.0	0.0	0.0	0.0	0.0	0.0	0.0	0.0	0.0	0.0	0.0	0.0	0.0	0.0	0.0	0.0	0.0	0.0	0.0	0.0	0.0	0.0	4.925099014980197	0.0	0.0	1.265029746994051	0.0	0.0	0.0	0.0	0.0	0.5510298897940221	0.0	0.0	0.0	0.0	0.0	0.0	0.0	2.864779427044115	0.0	0.0	0.000989999802	0.0	1.234969753006049	0.0	0.0	0.0	0.3438499312300137	0.1741799651640069	0.0	0.0	0.0143599971280005	0.0	0.0	0.0412299917540016	0.0	0.000309999938	0.0	0.2704499459100109	0.4538399092320182	0.4613499077300184	0.0	0.0	1.174989765002047	6.830828633834274	0.1672599665480066	0.0	0.0	0.0	0.0	0.0	0.0	0.0	0.7851298429740315	0.0	0.0	0.0	0.0	1.156809768638046	0.1460999707800058	0.0	0.0	0.0	0.0	5.979598804080239	0.0	0.0	0.0	0.0	0.0	0.0	0.0	0.0	0.0	0.0	0.0400999919800015	0.0	0.0	0.0	0.0424899915020016	0.0	0.0	0.0646099870780025	0.0	0.0	0.0	0.0	0.0	0.0	0.0	0.025059994988001	0.8865198226960356	0.0	0.2192999561400087	0.0	0.0	0.0	0.0	0.0	0.0	0.0	0.0	0.0	0.0487299902540019	0.0	0.0	0.0	0.0	0.0	0.0	0.0	0.0	0.0	0.0	0.0	0.0	0.0	0.0	0.0	0.0	0.0	0.0	0.0	0.0	0.0	0.0	0.0	3.864269227146155	0.0	0.0	0.0	0.0	0.0	0.0	0.0	0.0	0.0	0.0	0.0	0.0	0.0	0.0	0.0	0.0	0.0	0.0	0.0	0.0	0.0	0.0	0.0	0.0	0.0	0.0	0.0	0.0	0.1200499759900047	0.0	0.0	2.993739401252121	0.0	0.0	0.0	0.0	0.0	0.0	0.0	0.0	0.0	0.0	0.0	0.0	0.0	0.0	0.0	0.0	0.0	0.0	10.18727796254441	0.0	0.0	0.0	0.0	0.0	0.0	0.0	0.0	0.0	0.0	0.0	0.0	0.0	0.0	0.0	0.0	0.0	0.0	0.0	0.0	0.0	0.0	0.0	0.0	0.0	0.0	0.0	0.0	2.99723940055212	0.0	0.0	3.97506920498616	0.6535098692980262	0.0	0.0	0.0	0.0	0.0	0.0	0.001209999758	0.0	0.0	0.0	0.052219989556002	0.0	0.0	0.0	0.1353699729260054	0.0	0.5062098987580204	0.0	0.0	0.0	0.0	0.0	0.0	0.0	0.0	0.0	0.0	0.0	0.0473099905380018	8.318738336252332	0.0	0.0	0.0	0.0	0.0	0.0	0.0	0.0	0.0	0.0	0.0096199980760003	0.0	0.0	0.0	0.0	0.0
